Machine_ID,Machine_Type,Processing_Time_Min,Waiting_Time_Min,Downtime_Min,Throughput_Units,Worker_Count,Machine_Utilization_Percent,Defect_Rate_Percent,Energy_Consumption_kWh,Bottleneck_Score,Factory_Health_Score
M14860,M,54.43,10.7,5.0,72.2,2,98.0,0.0,116.62,19.18,89.91
L47181,L,56.6,11.82,2.15,64.49,7,99.14,0.08,120.76,21.28,88.99
L47182,L,55.35,12.75,6.25,68.53,7,97.5,0.13,128.76,23.02,87.6
L47183,L,56.35,10.44,6.35,66.43,2,97.46,0.19,107.66,18.94,89.52
L47184,L,56.78,10.72,8.45,65.04,7,96.62,0.24,108.16,19.52,88.92
M14865,M,56.59,11.36,8.55,65.57,6,96.58,0.29,112.3,20.73,88.2
L47186,L,54.74,11.72,4.7,72.04,3,98.12,0.37,115.96,21.48,88.04
L47187,L,55.26,11.33,9.8,70.68,2,96.08,0.43,110.94,20.85,87.74
M14868,M,53.28,8.59,0.9,79.05,2,99.64,0.48,90.54,16.01,90.95
M14869,M,52.29,8.68,5.05,82.71,4,97.98,0.56,90.82,16.27,90.24
H29424,H,51.79,7.9,10.2,85.15,5,95.92,0.64,83.44,14.96,90.22
H29425,H,57.16,13.4,5.45,64.45,5,97.82,0.77,117.06,24.99,85.41
M14872,M,58.53,15.5,8.7,59.2,2,96.52,0.91,128.98,28.93,82.85
M14873,M,52.76,10.46,1.85,81.87,4,99.26,0.99,94.84,20.0,87.84
L47194,L,48.58,8.1,4.0,97.7,3,98.4,1.07,79.9,15.87,89.53
L47195,L,55.82,15.46,8.1,69.37,4,96.76,1.12,127.64,29.13,82.38
M14876,M,59.24,15.17,5.2,57.96,7,97.92,1.17,119.42,28.68,82.79
M14877,M,57.89,15.16,3.35,62.92,7,98.66,1.25,119.4,28.77,82.78
H29432,H,59.49,17.62,10.5,56.49,3,95.8,1.33,135.12,33.29,79.64
M14879,M,54.9,12.52,9.75,75.34,6,96.1,1.47,97.64,24.31,83.93
H29434,H,58.73,15.32,8.9,61.09,3,96.44,1.55,112.9,29.42,81.31
L47201,L,57.79,16.24,9.15,64.38,5,96.34,1.68,118.6,31.24,80.1
M14882,M,55.94,12.88,12.25,72.61,2,95.1,1.73,93.02,25.28,82.67
L47203,L,53.45,11.86,10.4,81.97,5,95.84,1.81,86.56,23.57,83.55
M14884,M,56.38,14.92,8.5,70.59,5,96.6,1.87,105.82,29.12,80.85
L47205,L,52.11,11.66,7.65,87.22,6,96.94,1.95,83.82,23.38,83.65
L47206,L,57.24,15.75,7.75,67.72,7,96.9,2.0,108.24,30.77,79.84
H29441,H,52.95,12.31,12.85,84.4,3,94.86,2.05,85.42,24.67,82.27
L47208,L,58.52,17.61,7.1,63.14,5,97.16,2.19,117.18,34.34,77.74
L47209,L,54.88,14.24,13.2,77.53,2,94.72,2.24,94.06,28.38,80.01
M14890,M,60.09,18.93,11.3,57.48,2,95.48,2.29,123.18,36.85,75.86
L47211,L,53.5,13.5,7.45,83.15,7,97.02,2.37,86.96,27.21,80.91
L47212,L,59.08,19.36,6.55,61.27,6,97.38,2.43,124.98,37.78,75.6
L47213,L,55.56,15.57,13.65,75.47,3,94.54,2.48,98.3,31.05,78.15
M14894,M,57.16,16.28,9.75,69.81,5,96.1,2.53,100.58,32.39,77.76
M14895,M,58.81,19.99,10.9,62.6,6,95.64,2.61,126.24,39.15,74.11
M14896,M,57.02,17.26,6.05,70.42,3,97.58,2.69,105.02,34.35,76.83
L47217,L,59.18,18.12,14.2,62.89,7,94.32,2.77,107.18,36.0,75.03
H29452,H,60.11,21.16,6.3,58.37,2,97.48,2.83,128.98,41.51,72.96
L47219,L,60.68,22.01,12.55,56.5,3,94.98,2.96,132.0,43.2,71.22
L47220,L,60.57,20.39,14.65,57.9,6,94.14,3.01,118.04,40.38,72.32
L47221,L,60.54,21.9,8.75,57.45,2,96.5,3.07,128.96,43.15,71.42
M14902,M,60.6,21.64,13.85,57.58,5,94.46,3.12,125.56,42.74,71.0
H29457,H,60.63,21.72,15.0,57.74,3,94.0,3.2,124.44,43.01,70.6
M14904,M,59.33,21.88,15.25,62.66,3,93.9,3.33,124.44,43.45,70.09
L47225,L,59.17,22.52,12.4,63.19,4,95.04,3.41,127.98,44.69,69.59
M14906,M,54.08,16.85,6.5,83.72,5,97.4,3.47,88.46,34.61,75.11
L47227,L,60.35,22.22,11.65,59.79,3,95.34,3.55,120.96,44.33,69.58
H29462,H,60.31,24.28,13.75,59.11,4,94.5,3.6,136.3,48.09,67.38
M14909,M,60.65,22.22,13.0,59.49,3,94.8,3.73,116.44,44.58,68.94
L47230,L,39.65,27.59,46.15,129.26,4,81.54,6.81,66.42,49.72,56.9
L47231,L,61.22,25.32,8.25,56.49,2,96.7,3.87,137.46,50.31,66.29
H29466,H,59.62,22.71,12.35,63.49,6,95.06,3.92,117.54,45.69,68.08
L47233,L,58.78,20.94,11.6,67.78,3,95.36,4.05,101.5,42.68,69.4
L47234,L,57.01,19.84,12.7,74.63,2,94.92,4.11,94.02,40.79,70.12
L47235,L,59.67,22.66,15.8,64.27,4,93.68,4.16,111.64,45.9,67.15
L47236,L,60.24,23.24,12.9,62.23,6,94.84,4.21,114.34,47.01,66.78
L47237,L,59.78,22.88,13.0,64.21,7,94.8,4.27,110.86,46.43,66.95
M14918,M,57.69,20.34,12.1,72.88,4,95.16,4.32,92.22,41.94,69.18
L47239,L,61.89,26.8,11.25,55.5,3,95.5,4.4,136.36,53.63,63.26
L47240,L,61.74,26.51,8.35,56.4,7,96.66,4.45,133.06,53.18,63.67
M14921,M,58.9,23.07,8.45,68.06,7,96.62,4.51,108.24,47.08,66.6
L47242,L,55.54,19.48,8.6,81.71,6,96.56,4.59,82.38,40.76,69.59
M14923,M,55.85,20.4,10.7,80.4,2,95.72,4.64,88.04,42.45,68.42
L47244,L,60.14,23.81,11.85,64.24,3,95.26,4.72,107.66,48.68,65.04
L47245,L,62.08,25.6,10.95,56.9,2,95.62,4.77,118.08,51.94,63.39
M14926,M,57.99,21.66,14.05,73.12,7,94.38,4.83,90.98,44.95,66.47
H29481,H,61.18,25.74,15.2,60.43,5,93.92,4.91,117.52,52.38,62.48
L47248,L,60.45,23.22,17.45,64.74,3,93.02,5.04,95.34,48.03,64.16
L47249,L,62.21,46.7,47.55,47.15,6,80.98,8.09,159.6,85.61,36.26
M14930,M,54.79,21.09,16.65,85.66,7,93.34,5.15,83.68,44.34,65.87
L47251,L,61.75,27.06,14.8,59.07,5,94.08,5.23,120.04,55.14,60.5
L47252,L,63.02,26.94,13.9,54.98,2,94.44,5.28,116.18,55.0,60.55
L47253,L,59.83,24.75,16.0,67.22,6,93.6,5.33,101.84,51.14,62.16
L47254,L,59.76,24.24,12.1,67.93,6,95.16,5.39,96.62,50.29,62.87
L47255,L,63.05,28.0,12.2,54.95,2,95.12,5.44,120.98,57.09,59.35
L47256,L,61.92,28.46,17.3,58.82,7,93.08,5.49,125.02,57.99,58.29
L47257,L,62.06,41.96,40.4,51.77,5,83.84,8.55,111.7,77.69,40.02
L47258,L,56.65,12.88,2.0,63.46,7,99.2,0.0,130.96,23.08,88.26
L47259,L,56.65,9.64,4.1,65.28,6,98.36,0.05,103.84,17.34,90.81
H29494,H,56.09,12.8,8.2,65.85,4,96.72,0.11,128.7,23.07,87.43
L47261,L,56.17,12.6,0.45,66.2,6,99.82,0.24,124.0,22.88,88.03
L47262,L,56.18,11.08,6.55,67.11,4,97.38,0.29,110.66,20.23,88.64
L47263,L,56.01,11.07,5.65,67.92,6,97.74,0.35,109.58,20.27,88.6
L47264,L,56.75,13.1,3.75,64.55,2,98.5,0.4,123.64,23.99,86.83
M14945,M,51.26,8.06,2.85,86.17,7,98.86,0.45,89.68,15.02,91.3
H29500,H,56.7,12.58,7.0,65.51,5,97.2,0.53,116.52,23.22,86.62
L47267,L,55.28,9.95,6.25,72.23,4,97.5,0.67,94.48,18.68,88.7
M14948,M,57.16,13.46,9.35,64.22,4,96.26,0.72,118.78,25.04,85.1
M14949,M,56.26,12.28,1.5,68.21,3,99.4,0.8,108.74,23.02,86.74
L47270,L,52.48,9.09,4.65,83.1,5,98.14,0.88,86.66,17.41,89.07
L47271,L,51.42,9.02,8.75,86.99,4,96.5,0.93,86.4,17.36,88.58
M14952,M,52.98,9.74,8.85,81.48,6,96.46,0.99,88.74,18.7,87.79
L47273,L,57.1,13.95,4.0,65.53,4,98.4,1.07,115.0,26.36,84.29
L47274,L,54.65,11.34,8.1,75.43,2,96.76,1.12,96.24,21.74,86.08
M14955,M,58.66,16.57,7.2,59.26,4,97.12,1.17,131.42,31.19,81.34
M14956,M,55.49,12.58,4.35,72.46,4,98.26,1.25,102.1,24.15,84.98
M14957,M,53.03,11.48,9.5,81.76,2,96.2,1.33,94.8,22.26,85.25
L47278,L,56.34,12.42,11.65,70.24,4,95.34,1.41,95.98,24.05,83.98
L47279,L,56.48,15.5,2.75,68.4,6,98.9,1.47,119.26,29.65,81.97
L47280,L,51.76,10.81,7.85,87.2,2,96.86,1.52,87.04,21.31,85.52
L47281,L,49.79,9.9,7.95,94.6,5,96.82,1.57,81.22,19.74,86.19
L47282,L,56.2,15.03,6.05,70.24,7,97.58,1.63,112.3,29.01,81.64
M14963,M,57.92,15.16,9.15,64.47,6,96.34,1.68,109.82,29.32,81.07
L47284,L,57.88,16.13,12.3,64.44,6,95.08,1.76,115.8,31.15,79.68
L47285,L,55.88,13.22,7.4,72.94,2,97.04,1.81,94.02,25.99,82.64
L47286,L,58.07,17.73,11.5,63.39,3,95.4,1.87,125.9,34.14,78.05
M14967,M,57.37,17.46,7.6,66.12,3,96.96,1.92,123.54,33.74,78.53
H29522,H,55.66,14.18,3.75,73.96,4,98.5,2.0,97.82,27.95,81.65
L47289,L,56.52,14.92,9.0,71.14,7,96.4,2.13,99.64,29.46,80.1
L47290,L,52.22,12.18,10.1,87.51,5,95.96,2.19,82.44,24.62,82.31
H29525,H,57.7,17.6,4.2,66.15,3,98.32,2.24,116.98,34.38,77.91
M14972,M,57.87,17.0,6.45,66.4,3,97.42,2.37,108.96,33.48,77.87
M14973,M,58.13,17.84,13.6,65.38,7,94.56,2.45,113.52,35.09,76.19
L47294,L,55.4,14.95,13.75,76.53,2,94.5,2.53,92.4,30.02,78.55
L47295,L,59.08,19.19,11.85,61.96,7,95.26,2.59,120.02,37.68,74.8
L47296,L,57.21,16.44,10.95,69.98,4,95.62,2.64,99.48,32.83,77.21
L47297,L,56.76,16.33,9.05,71.78,5,96.38,2.69,97.98,32.69,77.36
M14978,M,55.25,15.26,10.15,77.72,4,95.94,2.75,90.34,30.85,78.07
L47299,L,58.83,18.66,6.3,64.02,2,97.48,2.83,110.74,37.03,75.2
L47300,L,59.38,19.82,7.4,61.74,4,97.04,2.88,118.06,39.18,73.91
L47301,L,57.62,19.1,10.5,68.35,5,95.8,2.93,113.56,37.96,74.1
L47302,L,61.29,21.64,8.6,54.68,3,96.56,2.99,127.6,42.58,71.88
L47303,L,57.92,19.97,12.7,67.32,2,94.92,3.04,117.72,39.66,72.82
L47304,L,55.35,16.63,9.8,78.04,4,96.08,3.09,93.34,33.74,75.96
L47305,L,57.84,17.49,6.9,69.26,4,97.24,3.15,95.6,35.35,75.34
L47306,L,61.26,24.72,13.0,54.09,7,94.8,3.2,147.58,48.38,68.11
L47307,L,60.09,21.38,13.1,59.96,3,94.76,3.25,121.26,42.47,70.95
L47308,L,57.62,19.57,10.2,69.56,4,95.92,3.31,108.94,39.28,72.73
L47309,L,58.09,18.66,6.3,68.62,7,97.48,3.36,99.78,37.71,73.8
L47310,L,59.4,20.52,15.4,63.39,6,93.84,3.41,111.66,41.11,71.08
L47311,L,55.62,17.32,11.5,78.19,7,95.4,3.47,90.14,35.46,74.19
M14992,M,59.99,21.36,8.6,61.37,2,96.56,3.52,115.22,42.76,70.72
M14993,M,60.24,23.2,15.75,59.9,2,93.7,3.6,127.8,46.16,68.14
L47314,L,61.22,24.29,11.9,56.31,4,95.24,3.68,133.38,48.22,67.34
M14995,M,56.3,18.33,11.0,76.39,7,95.6,3.73,91.22,37.59,72.64
H29550,H,60.62,22.86,7.15,59.57,4,97.14,3.81,119.8,45.83,68.74
L47317,L,62.56,25.66,16.4,52.02,7,93.44,3.95,136.54,51.02,64.96
H29552,H,60.41,24.35,12.5,60.28,4,95.0,4.0,127.78,48.73,66.39
L47319,L,63.19,26.35,7.75,50.22,6,96.9,4.13,136.96,52.48,64.72
L47320,L,59.72,21.58,13.85,64.76,5,94.46,4.19,102.42,44.01,68.24
L47321,L,59.3,21.52,14.95,66.44,6,94.02,4.24,101.28,43.96,68.04
M15002,M,55.95,19.93,15.05,78.94,5,93.98,4.29,91.96,41.18,69.32
H29557,H,61.44,25.74,13.2,57.48,7,94.72,4.37,129.14,51.7,64.08
M15004,M,61.82,24.12,17.45,57.49,7,93.02,4.51,112.62,48.96,64.76
L47325,L,60.14,22.16,9.6,64.57,3,96.16,4.59,97.46,45.55,67.09
H29560,H,58.76,22.94,9.7,69.13,7,96.12,4.64,104.44,47.03,66.24
L47327,L,60.32,24.34,12.95,63.58,4,94.82,4.77,110.5,49.7,64.31
M15008,M,62.36,26.48,10.05,55.71,3,95.98,4.83,123.58,53.6,62.54
L47329,L,61.08,24.7,9.2,61.3,7,96.32,4.91,109.26,50.5,64.02
L47330,L,61.88,25.56,9.3,58.32,3,96.28,4.96,113.84,52.11,63.09
M15011,M,61.35,24.44,14.4,60.93,4,94.24,5.01,104.46,50.18,63.44
M15012,M,59.68,25.53,10.55,66.44,5,95.78,5.09,113.68,52.23,62.64
L47333,L,55.9,22.27,13.7,81.36,3,94.52,5.17,91.0,46.49,65.04
L47334,L,60.64,24.73,16.8,64.04,4,93.28,5.23,102.96,50.97,62.38
H29569,H,54.02,20.79,16.9,88.96,4,93.24,5.28,79.34,43.98,65.76
M15016,M,61.33,27.74,15.15,60.88,5,93.94,5.41,121.9,56.6,59.36
H29571,H,61.67,27.36,11.3,60.22,7,95.48,5.49,116.56,56.01,59.88
M15018,M,61.51,26.88,12.55,61.51,4,94.98,5.63,109.98,55.33,59.83
L47339,L,62.01,28.87,10.7,59.11,2,95.72,5.71,123.42,59.0,58.02
L47340,L,64.82,47.46,44.8,40.37,7,82.08,8.76,147.04,87.8,34.1
L47341,L,62.99,45.52,45.9,47.84,6,81.64,8.81,132.84,84.39,35.59
L47342,L,53.92,8.88,1.0,74.86,2,99.6,0.0,102.72,15.91,91.95
M15023,M,55.69,11.11,4.1,67.84,7,98.36,0.05,116.96,19.98,89.49
M15024,M,56.19,11.3,9.25,66.35,5,96.3,0.13,116.0,20.42,88.6
L47345,L,52.02,7.14,8.4,83.08,7,96.64,0.21,86.66,13.07,92.2
H29580,H,53.84,8.95,9.5,76.12,4,96.2,0.27,97.44,16.38,90.33
H29581,H,56.23,11.92,2.75,66.94,5,98.9,0.4,114.96,21.88,87.98
L47348,L,56.74,32.17,36.0,55.56,7,85.6,3.53,153.26,53.77,62.45
L47349,L,58.48,16.54,10.1,57.63,6,95.96,0.59,144.56,30.38,82.63
M15030,M,54.29,10.67,9.2,75.17,5,96.32,0.64,102.2,19.94,87.83
L47351,L,56.53,14.86,7.35,65.67,7,97.06,0.72,130.84,27.55,84.05
M15032,M,49.87,7.52,9.45,92.44,7,96.22,0.77,80.08,14.46,90.28
M15033,M,54.8,10.99,3.6,74.06,5,98.56,0.85,99.22,20.77,87.55
L47354,L,59.04,17.38,9.75,56.61,6,96.1,0.93,142.72,32.33,80.99
L47355,L,58.0,13.84,7.85,62.18,4,96.86,0.99,114.64,26.05,84.22
L47356,L,54.62,11.8,2.95,75.0,6,98.82,1.04,101.76,22.46,86.39
L47357,L,49.3,8.63,2.05,95.08,5,99.18,1.09,82.56,16.86,89.18
L47358,L,57.39,15.99,10.15,63.8,7,95.94,1.15,129.12,30.12,81.63
L47359,L,59.37,16.05,3.25,57.18,6,98.7,1.2,125.68,30.29,82.13
L47360,L,56.94,16.24,8.35,65.63,3,96.66,1.25,129.3,30.69,81.31
H29595,H,51.92,9.97,10.45,86.22,2,95.82,1.31,84.88,19.53,86.58
M15042,M,59.09,16.34,7.7,58.93,2,96.92,1.44,123.04,31.13,80.79
L47363,L,57.1,14.74,3.85,66.88,2,98.46,1.52,111.1,28.34,82.4
L47364,L,54.51,12.37,11.95,77.16,5,95.22,1.57,94.54,24.17,83.57
L47365,L,57.78,14.43,6.05,65.08,7,97.58,1.63,105.32,27.93,82.18
L47366,L,59.95,19.04,8.15,55.53,7,96.74,1.68,138.02,36.26,77.69
L47367,L,58.88,15.98,10.25,60.96,5,95.9,1.73,113.78,30.84,80.09
L47368,L,55.64,13.76,5.35,73.42,5,97.86,1.79,99.32,26.93,82.42
M15049,M,56.67,16.37,5.45,68.76,6,97.82,1.84,117.58,31.68,79.93
L47370,L,57.66,18.24,11.6,64.73,4,95.36,1.92,129.34,35.13,77.44
L47371,L,54.97,14.57,12.7,76.02,5,94.92,1.97,102.52,28.62,80.47
H29606,H,58.93,19.03,3.8,60.39,6,98.48,2.03,131.56,36.69,77.22
H29607,H,55.01,15.13,9.05,76.34,3,96.38,2.16,102.76,29.86,79.84
M15054,M,40.61,24.56,42.3,121.62,6,83.08,5.29,74.96,42.35,64.01
L47375,L,58.52,17.84,11.45,63.73,3,95.42,2.37,114.86,35.0,76.61
H29610,H,58.89,19.66,11.55,61.77,3,95.38,2.43,127.64,38.31,74.83
M15057,M,57.66,17.9,9.8,67.4,7,96.08,2.56,112.34,35.35,76.23
L47378,L,56.86,16.67,13.95,71.06,3,94.42,2.64,101.76,33.24,76.71
L47379,L,59.17,19.86,12.05,61.72,7,95.18,2.69,122.86,39.01,73.9
L47380,L,56.67,16.99,11.15,71.96,3,95.54,2.75,102.18,33.94,76.42
L47381,L,57.23,18.7,9.25,69.4,4,96.3,2.8,113.9,37.08,74.94
M15062,M,56.4,17.48,9.35,73.06,2,96.26,2.85,104.12,34.97,75.87
L47383,L,58.61,18.27,7.5,65.36,5,97.0,2.93,105.6,36.48,75.14
L47384,L,55.02,17.16,8.6,78.47,5,96.56,2.99,100.42,34.55,75.89
M15065,M,60.86,22.37,7.7,56.02,7,96.92,3.04,132.88,43.96,71.17
L47386,L,57.09,18.18,12.85,71.36,4,94.86,3.12,102.78,36.56,74.19
M15067,M,59.89,39.7,41.95,51.2,6,83.22,6.17,149.82,70.6,48.16
L47388,L,57.5,18.94,8.1,70.08,2,96.76,3.25,105.22,38.07,73.65
L47389,L,59.22,20.92,6.2,63.39,3,97.52,3.31,117.54,41.7,71.92
L47390,L,58.61,19.1,15.3,66.6,4,93.88,3.36,102.66,38.52,72.49
L47391,L,57.92,18.72,7.4,69.39,5,97.04,3.41,99.3,37.88,73.49
H29626,H,61.34,23.62,10.5,55.39,5,95.8,3.47,132.68,46.75,68.64
L47393,L,60.88,22.02,12.75,58.29,7,94.9,3.6,117.52,44.05,69.5
M15074,M,57.98,20.24,13.85,69.33,4,94.46,3.65,105.98,40.91,70.85
L47395,L,58.67,21.28,10.0,66.76,7,96.0,3.73,111.56,42.88,70.09
L47396,L,59.44,20.94,9.1,64.48,4,96.36,3.79,106.58,42.34,70.35
L47397,L,57.1,19.42,13.2,73.49,4,94.72,3.84,96.48,39.69,71.16
L47398,L,60.32,21.2,12.3,61.75,5,95.08,3.89,105.14,42.96,69.5
M15079,M,60.57,23.39,11.4,60.0,5,95.44,3.95,121.08,46.94,67.5
L47400,L,60.92,25.26,7.55,58.17,5,96.98,4.03,133.72,50.39,66.0
H29635,H,55.0,18.32,9.65,82.19,5,96.14,4.08,85.14,38.01,71.87
L47402,L,62.76,23.89,8.9,53.26,5,96.44,4.21,116.08,48.18,66.6
L47403,L,58.96,21.4,15.0,67.75,5,94.0,4.27,100.18,43.78,68.08
L47404,L,58.81,20.28,9.1,69.06,5,96.36,4.32,90.28,41.85,69.52
L47405,L,62.1,26.57,17.2,54.82,3,93.12,4.37,134.84,53.18,62.94
L47406,L,62.64,25.58,17.3,53.66,7,93.08,4.43,124.98,51.48,63.68
L47407,L,59.64,22.46,13.4,65.72,4,94.64,4.48,102.98,45.96,66.72
M15088,M,58.39,22.88,17.5,70.01,7,93.0,4.53,106.78,46.76,65.8
L47409,L,59.81,21.89,9.65,65.96,3,96.14,4.61,95.16,45.1,67.26
L47410,L,59.4,22.7,11.75,67.15,7,95.3,4.67,101.0,46.62,66.18
L47411,L,61.82,24.94,8.85,57.93,4,96.46,4.72,114.36,50.69,64.33
L47412,L,61.64,26.22,10.95,58.09,5,95.62,4.77,123.68,53.06,62.83
L47413,L,60.42,23.2,13.05,64.0,5,94.78,4.83,100.04,47.73,65.18
L47414,L,60.98,25.36,17.15,61.22,2,93.14,4.88,115.36,51.67,62.69
M15095,M,58.1,23.22,12.25,72.39,5,95.1,4.93,101.0,47.9,64.96
L47416,L,60.88,24.72,10.4,62.39,3,95.84,5.01,107.3,50.67,63.6
M15097,M,60.11,24.35,15.5,65.42,4,93.8,5.07,104.24,50.09,63.27
L47418,L,62.52,28.02,15.65,55.64,3,93.74,5.15,128.46,56.76,59.76
L47419,L,59.4,23.25,17.75,68.92,3,92.9,5.2,93.42,48.28,63.68
M15100,M,63.42,28.66,16.85,52.62,5,93.26,5.25,129.98,58.05,58.78
L47421,L,57.14,22.08,17.0,77.81,3,93.2,5.33,84.14,46.35,64.46
L47422,L,63.44,45.86,49.1,44.47,5,80.36,8.39,144.56,84.46,36.08
L47423,L,62.13,27.34,13.2,58.43,4,94.72,5.44,117.04,55.93,59.84
M15104,M,62.88,28.76,10.3,55.37,5,95.88,5.49,126.1,58.52,58.72
M15105,M,59.59,24.57,14.45,69.06,2,94.22,5.57,95.34,51.12,61.85
L47426,L,60.29,25.34,17.6,66.58,2,92.96,5.65,98.7,52.6,60.63
L47427,L,62.04,28.5,13.7,59.2,4,94.52,5.71,120.38,58.33,58.05
L47428,L,63.66,46.48,44.8,44.86,7,82.08,8.76,140.84,86.05,34.97
L47429,L,63.09,46.49,43.9,47.0,4,82.44,8.81,140.5,86.14,34.92
L47430,L,52.81,8.18,6.0,79.01,4,97.6,0.0,98.64,14.65,92.07
M15111,M,55.72,10.81,2.1,67.9,6,99.16,0.05,114.52,19.44,89.96
L47432,L,53.57,9.35,6.25,76.32,4,97.5,0.13,104.0,16.93,90.64
L47433,L,57.46,12.61,7.35,61.54,4,97.06,0.19,123.54,22.84,87.47
L47434,L,55.24,10.2,9.45,70.6,4,96.22,0.24,106.08,18.58,89.29
L47435,L,55.66,10.98,9.55,68.96,3,96.18,0.29,110.58,20.05,88.43
L47436,L,58.02,16.79,7.65,58.16,4,96.94,0.35,152.62,30.53,83.27
L47437,L,53.95,8.57,6.75,76.46,7,97.3,0.4,91.3,15.88,90.59
L47438,L,55.94,10.84,9.85,68.68,3,96.06,0.45,105.44,20.0,88.11
M15119,M,56.9,32.5,37.95,54.75,7,84.82,3.51,156.2,54.31,62.04
M15120,M,55.51,14.04,8.1,69.08,4,96.76,0.59,128.64,25.9,85.07
L47441,L,53.68,10.02,10.25,77.69,7,95.9,0.67,97.28,18.82,88.23
M15122,M,52.54,8.86,4.35,82.37,6,98.26,0.72,88.32,16.8,89.73
M15123,M,54.8,10.48,4.5,74.11,2,98.2,0.8,96.34,19.79,88.05
L47444,L,57.76,14.52,5.65,62.24,5,97.74,0.88,122.8,27.14,84.11
L47445,L,56.89,12.08,6.75,66.66,2,97.3,0.93,103.28,22.83,86.04
H29680,H,57.15,13.89,10.85,65.06,6,95.66,0.99,116.2,26.14,83.87
L47447,L,49.82,8.64,9.1,93.38,7,96.36,1.12,81.28,16.9,88.4
H29682,H,52.12,9.72,3.2,85.14,2,98.72,1.17,85.6,18.91,87.88
L47449,L,56.29,13.17,7.45,69.62,2,97.02,1.31,104.48,25.27,84.01
H29684,H,56.41,13.98,8.55,69.01,4,96.58,1.36,109.6,26.79,83.03
M15131,M,57.55,14.68,6.8,65.26,5,97.28,1.49,110.64,28.21,82.23
L47452,L,57.17,14.82,4.95,66.79,4,98.02,1.57,110.48,28.56,82.08
L47453,L,58.08,16.38,7.05,63.11,5,97.18,1.63,120.52,31.43,80.33
L47454,L,54.85,12.16,9.15,76.52,6,96.34,1.68,90.04,23.94,83.75
L47455,L,58.56,18.88,4.25,60.61,3,98.3,1.73,137.42,36.03,78.09
M15136,M,53.54,12.01,12.35,81.5,4,95.06,1.79,88.2,23.8,83.29
H29691,H,57.57,18.28,10.5,64.81,5,95.8,1.87,130.98,35.13,77.65
M15138,M,55.67,13.35,3.75,74.32,3,98.5,2.0,91.2,26.47,82.39
L47459,L,52.87,12.09,3.9,84.9,4,98.44,2.08,83.18,24.31,83.29
M15140,M,58.21,17.33,9.0,64.14,4,96.4,2.13,116.52,33.77,77.95
L47461,L,55.83,15.76,10.15,73.42,6,95.94,2.21,105.52,31.07,79.02
M15142,M,59.32,19.25,6.25,59.88,6,97.5,2.27,127.4,37.39,76.15
L47463,L,58.26,17.79,11.4,64.56,3,95.44,2.35,115.38,34.87,76.73
L47464,L,49.85,12.0,6.5,96.55,7,97.4,2.4,79.42,24.56,82.27
L47465,L,56.94,16.36,4.6,70.22,3,98.16,2.45,103.36,32.44,78.41
L47466,L,56.69,15.82,12.7,71.54,5,94.92,2.51,98.18,31.54,77.95
L47467,L,53.61,15.58,5.8,82.46,2,97.68,2.56,99.3,31.18,78.71
H29702,H,59.78,18.39,7.9,60.06,2,96.84,2.61,112.1,36.28,75.84
L47469,L,59.19,19.92,6.15,61.84,5,97.54,2.75,122.12,39.19,74.3
L47470,L,59.22,19.8,14.25,62.0,4,94.3,2.8,119.96,39.05,73.45
L47471,L,58.77,19.21,13.35,64.04,3,94.66,2.85,114.66,38.06,73.93
L47472,L,60.84,18.77,10.45,57.36,2,95.82,2.91,107.1,37.34,74.47
H29707,H,60.07,20.08,13.55,59.56,3,94.58,2.96,117.44,39.75,72.85
M15154,M,60.51,22.06,5.8,57.57,3,97.68,3.09,129.64,43.46,71.5
M15155,M,55.6,17.2,8.95,77.2,4,96.42,3.17,95.72,34.85,75.33
L47476,L,60.36,21.31,9.1,59.1,6,96.36,3.25,120.3,42.33,71.42
L47477,L,55.79,16.24,9.2,77.53,7,96.32,3.31,84.86,33.32,75.81
H29712,H,49.8,14.76,7.3,99.07,3,97.08,3.36,79.98,30.72,77.19
M15159,M,58.12,19.38,11.55,68.66,6,95.38,3.49,102.54,39.18,72.27
L47480,L,57.41,20.3,11.7,70.95,6,95.32,3.57,109.04,40.92,71.22
L47481,L,55.76,17.66,10.8,78.17,7,95.68,3.63,89.0,36.26,73.54
H29716,H,59.13,19.82,12.9,65.69,7,94.84,3.68,100.44,40.19,71.25
M15163,M,59.76,22.32,8.15,62.79,3,96.74,3.81,116.58,44.84,69.14
L47484,L,56.1,18.56,12.3,77.57,6,95.08,3.89,89.74,38.21,71.88
L47485,L,50.46,16.64,9.4,98.13,4,96.24,3.95,80.98,34.84,73.75
L47486,L,61.5,23.78,9.5,56.81,4,96.2,4.0,121.68,47.7,67.2
M15167,M,58.58,21.31,9.6,68.3,5,96.16,4.05,104.78,43.35,69.26
L47488,L,62.66,24.2,9.75,53.15,4,96.1,4.13,120.5,48.63,66.44
M15169,M,60.62,22.76,16.85,61.07,5,93.26,4.19,110.58,46.12,66.88
H29724,H,59.59,23.25,15.0,64.68,2,94.0,4.27,114.12,47.1,66.42
M15171,M,60.8,24.22,16.25,60.54,2,93.5,4.4,117.26,49.01,65.07
L47492,L,60.67,22.44,13.4,62.18,3,94.64,4.48,101.36,45.92,66.74
L47493,L,62.99,26.3,15.5,52.5,4,93.8,4.53,127.86,52.9,62.93
M15174,M,63.24,27.01,10.6,51.5,5,95.76,4.59,132.0,54.24,62.64
L47495,L,58.29,24.15,13.75,70.22,2,94.5,4.67,114.12,49.22,64.68
L47496,L,57.36,22.46,16.85,74.47,3,93.26,4.72,100.68,46.26,65.75
L47497,L,57.85,21.42,17.95,73.54,6,92.82,4.77,90.5,44.46,66.43
L47498,L,60.42,24.46,13.05,63.37,4,94.78,4.83,110.04,49.97,64.06
L47499,L,59.03,22.66,15.15,69.27,3,93.94,4.88,96.44,46.83,65.31
H29734,H,59.99,24.35,13.25,65.32,4,94.7,4.93,107.4,49.92,63.85
L47501,L,60.61,23.33,14.5,64.24,7,94.2,5.07,95.36,48.25,64.29
L47502,L,61.69,25.36,12.6,59.72,7,94.96,5.12,108.96,51.96,62.52
L47503,L,60.1,27.1,17.7,64.5,5,92.92,5.17,123.82,55.14,60.31
M15184,M,61.22,26.16,18.8,61.32,2,92.48,5.23,113.56,53.52,60.9
L47505,L,58.24,22.87,13.95,73.52,6,94.42,5.31,89.58,47.74,64.12
L47506,L,61.18,26.43,10.05,61.83,4,95.98,5.36,112.82,54.19,61.18
L47507,L,63.11,45.42,44.15,45.94,4,82.34,8.41,140.86,83.7,36.91
H29742,H,58.36,24.25,13.25,73.03,4,94.7,5.47,96.86,50.42,62.53
H29743,H,58.27,24.28,12.5,73.86,4,95.0,5.6,94.2,50.63,62.24
M15190,M,63.1,27.67,13.75,56.06,3,94.5,5.73,111.76,56.89,58.71
M15191,M,63.29,30.42,19.9,54.34,4,92.04,5.81,131.62,61.91,55.43
M15192,M,54.62,10.05,4.0,71.88,3,98.4,0.0,111.16,18.01,90.59
L47513,L,53.12,8.06,5.15,78.32,3,97.94,0.08,95.54,14.56,92.05
M15194,M,55.77,11.6,8.25,67.65,4,96.7,0.13,118.98,20.96,88.43
L47515,L,51.79,7.11,6.4,83.89,3,97.44,0.21,86.78,13.02,92.42
M15196,M,48.27,5.92,0.5,96.79,4,99.8,0.27,80.9,10.96,93.94
L47517,L,52.04,7.96,0.65,83.12,3,99.74,0.35,90.24,14.72,91.88
L47518,L,54.7,10.75,3.75,72.78,4,98.5,0.4,107.66,19.78,88.94
M15199,M,52.58,9.41,3.85,80.95,5,98.46,0.45,98.66,17.44,89.99
L47520,L,56.15,11.45,1.0,67.98,2,99.6,0.53,108.28,21.2,88.23
M15201,M,55.39,9.91,3.1,71.54,4,98.76,0.59,95.8,18.51,89.26
L47522,L,56.34,13.62,6.25,66.74,3,97.5,0.67,122.42,25.27,85.41
L47523,L,57.61,14.31,1.35,62.24,7,99.46,0.72,124.96,26.56,85.14
M15204,M,42.24,5.77,4.45,119.52,4,98.22,0.77,76.56,11.33,92.35
L47525,L,54.89,10.78,2.6,73.86,2,98.96,0.85,97.5,20.42,87.83
M15206,M,56.79,14.02,5.7,65.94,2,97.72,0.91,119.58,26.28,84.48
L47527,L,55.64,13.16,4.85,70.62,4,98.06,0.99,112.48,24.84,85.12
L47528,L,54.64,11.04,9.95,75.33,4,96.02,1.04,95.74,21.12,86.37
L47529,L,55.02,11.86,7.05,73.82,2,97.18,1.09,100.5,22.64,85.79
H29764,H,57.91,14.51,10.15,62.74,6,95.94,1.15,116.6,27.47,82.95
M15211,M,54.99,11.59,3.4,74.76,3,98.64,1.28,94.22,22.4,85.9
M15212,M,56.6,15.58,2.55,67.56,7,98.98,1.36,122.14,29.65,82.2
H29767,H,54.26,11.82,4.7,77.79,4,98.12,1.44,93.48,23.02,85.14
L47534,L,54.64,13.29,7.95,76.25,5,96.82,1.57,101.76,25.83,83.14
L47535,L,55.21,14.1,3.05,74.1,2,98.78,1.63,106.26,27.35,82.77
M15216,M,58.54,17.26,8.15,61.27,6,96.74,1.68,125.76,33.08,79.28
L47537,L,56.9,13.83,12.3,68.93,4,95.08,1.76,98.74,27.03,81.74
M15218,M,57.69,14.62,11.4,66.04,3,95.44,1.81,102.74,28.5,80.98
M15219,M,56.32,14.33,4.55,71.18,5,98.18,1.89,100.54,28.09,81.71
M15220,M,57.08,15.47,9.7,68.32,6,96.12,1.97,106.82,30.24,79.96
L47541,L,56.08,15.36,11.85,72.12,4,95.26,2.05,105.52,30.14,79.64
H29776,H,55.5,14.04,12.95,74.98,7,94.82,2.11,94.6,27.85,80.57
L47543,L,58.59,18.67,11.2,62.57,7,95.52,2.24,124.36,36.31,76.24
L47544,L,59.1,20.68,10.3,60.01,2,95.88,2.29,138.54,39.98,74.39
L47545,L,59.95,21.42,8.4,56.94,2,96.64,2.35,142.06,41.37,73.78
M15226,M,57.11,17.42,6.5,68.89,6,97.4,2.4,112.84,34.28,77.41
M15227,M,56.95,17.02,7.65,69.94,2,96.94,2.48,107.98,33.65,77.45
L47548,L,58.21,17.56,10.8,65.67,5,95.68,2.56,108.78,34.72,76.44
H29783,H,56.84,16.87,10.9,70.92,3,95.64,2.61,103.94,33.55,76.91
M15230,M,56.48,17.54,11.15,72.33,6,95.54,2.75,106.84,34.93,75.93
L47551,L,56.84,18.01,8.3,71.2,5,96.68,2.83,108.28,35.87,75.58
M15232,M,59.79,21.56,10.4,59.47,3,95.84,2.88,131.5,42.31,72.04
L47553,L,59.78,19.38,6.55,60.91,7,97.38,2.96,112.24,38.5,74.18
L47554,L,59.56,19.79,10.65,61.66,7,95.74,3.01,114.62,39.3,73.26
L47555,L,58.14,18.55,14.75,67.38,5,94.1,3.07,105.46,37.15,73.82
M15236,M,60.12,22.34,9.85,58.88,6,96.06,3.12,131.82,44.0,70.78
M15237,M,59.87,23.08,14.0,59.66,6,94.4,3.2,136.28,45.43,69.49
L47558,L,55.16,17.19,14.15,79.1,6,94.34,3.28,93.88,34.98,74.53
L47559,L,55.22,16.7,6.25,79.35,4,97.5,3.33,88.68,34.17,75.62
L47560,L,43.5,28.36,42.35,114.02,4,83.06,6.39,76.88,50.56,57.71
L47561,L,58.37,20.42,10.45,67.09,3,95.82,3.44,111.72,40.97,71.59
L47562,L,61.5,22.48,9.55,55.51,6,96.18,3.49,122.7,44.73,69.69
M15243,M,54.18,17.39,13.65,83.4,6,94.54,3.55,90.84,35.68,73.7
L47564,L,56.16,17.58,13.8,76.81,7,94.48,3.63,87.84,36.12,73.31
M15245,M,60.56,22.39,8.9,59.5,7,96.44,3.68,119.08,44.81,69.35
L47566,L,62.03,24.0,7.05,53.95,4,97.18,3.76,128.18,47.81,67.87
L47567,L,63.11,26.54,9.15,49.18,5,96.34,3.81,145.78,52.42,65.25
L47568,L,60.17,23.65,14.25,60.92,7,94.3,3.87,125.5,47.31,67.19
M15249,M,60.92,25.46,7.35,57.67,6,97.06,3.92,137.76,50.62,66.12
L47570,L,60.25,23.68,7.5,61.16,2,97.0,4.0,122.6,47.52,67.49
L47571,L,59.86,21.68,8.6,63.71,5,96.56,4.05,106.02,44.02,69.02
M15252,M,59.93,23.17,14.7,62.92,7,94.12,4.11,116.6,46.75,66.94
M15253,M,62.06,25.61,10.85,54.7,2,95.66,4.19,131.4,51.23,64.93
L47574,L,59.56,22.78,9.0,65.01,3,96.4,4.27,110.36,46.25,67.44
L47575,L,59.0,22.38,12.1,67.36,3,95.16,4.32,106.82,45.61,67.34
L47576,L,60.23,23.77,17.2,62.61,5,93.12,4.37,115.0,48.16,65.45
M15257,M,56.16,20.51,9.3,78.45,4,96.28,4.43,93.28,42.38,69.03
H29812,H,60.21,24.42,10.45,62.89,6,95.82,4.51,117.24,49.5,65.19
L47579,L,61.96,26.34,15.7,56.43,4,93.72,4.64,127.24,53.12,62.59
L47580,L,51.72,18.3,8.8,95.85,5,96.48,4.69,75.8,38.78,70.35
L47581,L,57.28,21.84,12.9,75.18,2,94.84,4.75,95.24,45.18,66.63
L47582,L,57.98,22.48,17.0,72.66,2,93.2,4.8,98.16,46.39,65.51
L47583,L,63.93,29.51,13.1,48.9,5,94.76,4.85,145.06,59.06,59.45
L47584,L,63.64,26.2,11.2,51.75,6,95.52,4.91,117.74,53.19,62.47
L47585,L,62.93,29.28,16.3,52.86,6,93.48,4.96,142.2,58.79,59.06
L47586,L,61.7,28.02,11.4,57.94,4,95.44,5.01,132.58,56.59,60.54
M15267,M,59.41,25.72,12.5,67.14,5,95.0,5.07,116.2,52.55,62.34
M15268,M,61.92,26.54,11.65,58.43,3,95.34,5.15,117.48,54.11,61.49
L47589,L,61.65,26.0,14.8,59.95,2,94.08,5.23,111.78,53.26,61.44
M15270,M,61.52,27.06,15.9,60.07,6,93.64,5.28,119.24,55.22,60.24
L47591,L,62.23,27.16,10.05,57.87,5,95.98,5.36,117.18,55.49,60.53
L47592,L,62.89,28.29,15.15,55.26,4,93.94,5.41,124.16,57.59,58.86
L47593,L,60.26,25.02,19.25,66.14,7,92.3,5.47,100.46,51.8,61.24
L47594,L,60.1,24.68,19.35,67.06,4,92.26,5.52,96.76,51.26,61.39
L47595,L,61.28,27.42,11.45,61.84,2,95.42,5.57,115.82,56.23,59.59
L47596,L,61.57,26.33,15.55,61.58,2,93.78,5.63,105.5,54.35,60.02
L47597,L,63.1,29.56,17.65,54.92,2,92.94,5.68,128.08,60.21,56.77
L47598,L,45.7,4.42,5.0,105.34,3,98.0,0.0,78.42,7.93,95.53
M15279,M,55.21,9.71,7.1,70.19,6,97.16,0.05,106.42,17.47,90.45
M15280,M,58.21,10.3,6.25,59.9,2,97.5,0.13,105.22,18.63,89.79
M15281,M,53.12,8.42,7.4,78.64,5,97.04,0.21,95.34,15.35,91.16
L47602,L,57.93,14.68,7.55,59.31,4,96.98,0.29,137.06,26.69,85.32
L47603,L,55.79,12.02,2.65,68.19,7,98.94,0.35,117.48,21.98,88.05
L47604,L,56.64,12.62,1.75,65.19,7,99.3,0.4,120.0,23.14,87.46
M15285,M,53.28,8.58,7.85,78.96,4,96.86,0.45,91.1,15.96,90.33
L47606,L,55.75,12.82,6.0,68.64,2,97.6,0.53,119.82,23.67,86.5
M15287,M,55.89,12.31,6.1,68.64,7,97.56,0.59,114.32,22.81,86.81
M15288,M,54.54,11.22,3.25,74.14,2,98.7,0.67,105.7,20.97,87.86
L47609,L,60.26,17.81,8.4,51.49,3,96.64,0.75,148.76,32.88,81.23
L47610,L,54.67,11.68,5.5,73.96,7,97.8,0.8,106.12,21.94,86.88
L47611,L,56.91,13.04,9.6,65.78,2,96.16,0.85,112.72,24.45,85.11
M15292,M,56.68,12.65,10.7,66.98,5,95.72,0.91,108.72,23.82,85.21
M15293,M,51.21,8.88,8.85,87.96,6,96.46,0.99,84.36,17.18,88.55
M15294,M,56.6,14.38,7.0,67.01,2,97.2,1.07,119.08,27.12,83.61
L47615,L,56.56,13.74,8.15,67.78,6,96.74,1.15,112.26,26.09,83.85
L47616,L,56.46,12.68,4.25,68.86,3,98.3,1.2,102.68,24.24,85.05
L47617,L,56.03,13.38,10.35,70.21,3,95.86,1.25,107.76,25.58,83.67
L47618,L,58.95,16.97,11.45,58.56,2,95.42,1.31,131.22,32.08,80.2
M15299,M,56.19,12.73,9.55,70.39,6,96.18,1.36,99.9,24.55,84.05
L47620,L,58.4,14.12,7.7,62.39,4,96.92,1.44,106.18,27.14,82.78
H29855,H,58.41,16.13,9.8,61.59,5,96.08,1.49,121.06,30.81,80.63
L47622,L,58.47,35.25,34.05,52.32,7,86.38,4.63,150.98,60.68,57.0
H29857,H,57.51,16.32,7.15,65.29,2,97.14,1.68,119.58,31.38,80.24
L47624,L,56.02,14.74,7.4,71.73,5,97.04,1.81,106.04,28.73,81.27
L47625,L,53.01,12.28,8.5,83.51,2,96.6,1.87,89.26,24.37,83.23
L47626,L,58.03,15.51,7.6,64.84,2,96.96,1.92,107.04,30.24,80.28
M15307,M,59.19,20.9,3.7,58.35,6,98.52,1.97,147.32,39.96,75.7
L47628,L,56.72,17.38,10.85,68.91,6,95.66,2.05,120.84,33.77,77.92
L47629,L,55.76,15.8,3.95,73.2,2,98.42,2.11,108.24,30.99,79.9
M15310,M,58.78,16.9,4.05,62.5,5,98.38,2.16,111.78,33.05,78.75
H29865,H,58.56,18.24,4.2,62.88,7,98.32,2.24,121.0,35.55,77.33
M15312,M,55.76,14.87,8.45,74.72,2,96.62,2.37,94.86,29.67,79.57
L47633,L,57.78,16.41,11.6,67.3,3,95.36,2.45,102.6,32.53,77.67
L47634,L,58.45,19.17,9.7,63.82,6,96.12,2.51,122.56,37.55,75.24
L47635,L,59.08,22.03,6.8,60.44,3,97.28,2.56,143.38,42.74,72.83
H29870,H,58.43,19.74,7.9,64.03,2,96.84,2.61,124.76,38.7,74.63
L47637,L,61.52,21.64,10.15,52.98,7,95.94,2.75,132.72,42.28,72.35
L47638,L,58.52,19.05,12.25,64.77,7,95.1,2.8,114.92,37.7,74.32
L47639,L,58.73,19.13,10.35,64.23,4,95.86,2.85,114.12,37.92,74.3
H29874,H,59.44,19.22,9.45,61.94,6,96.22,2.91,112.62,38.14,74.17
L47641,L,60.01,19.17,5.7,60.51,3,97.72,3.04,108.44,38.22,74.24
L47642,L,59.62,20.13,13.8,61.59,5,94.48,3.09,115.46,40.01,72.43
L47643,L,38.71,25.49,40.9,130.95,7,83.64,6.15,65.88,45.11,61.06
L47644,L,58.61,18.52,11.0,66.29,5,95.6,3.2,101.62,37.27,73.86
M15325,M,59.47,20.48,10.1,62.56,5,95.96,3.25,114.92,40.85,72.06
L47646,L,58.19,20.38,13.25,67.31,4,94.7,3.33,114.0,40.76,71.63
L47647,L,49.05,14.28,9.35,101.96,5,96.26,3.39,76.64,29.91,77.34
L47648,L,57.31,18.22,12.45,71.84,2,95.02,3.44,95.58,37.03,73.36
M15329,M,57.85,18.66,12.55,69.97,2,94.98,3.49,97.12,37.88,72.82
H29884,H,59.2,21.77,6.7,64.06,4,97.32,3.57,118.38,43.56,70.4
H29885,H,60.52,21.72,8.95,60.09,5,96.42,3.71,113.18,43.64,69.87
M15332,M,59.53,21.97,13.2,63.86,5,94.72,3.84,113.54,44.26,68.87
M15333,M,59.29,21.01,7.35,65.5,6,97.06,3.92,104.4,42.64,70.1
L47654,L,59.99,24.45,8.5,61.68,4,96.6,4.0,129.16,48.91,66.7
L47655,L,61.48,22.44,9.6,57.78,5,96.16,4.05,109.8,45.37,68.25
L47656,L,58.77,21.8,7.7,67.6,3,96.92,4.11,107.2,44.29,68.87
H29891,H,60.31,22.83,10.8,61.99,7,95.68,4.16,112.16,46.21,67.5
L47658,L,55.15,18.53,13.05,82.38,4,94.78,4.29,81.86,38.67,70.77
M15339,M,62.63,27.36,15.15,52.47,5,93.94,4.35,141.06,54.57,62.5
L47660,L,58.94,21.28,8.3,68.51,6,96.68,4.43,95.66,43.77,68.43
M15341,M,59.39,23.32,11.4,66.14,6,95.44,4.48,110.12,47.48,66.16
L47662,L,59.6,23.03,16.55,65.89,7,93.38,4.56,105.76,47.08,65.69
L47663,L,62.92,28.06,16.65,52.17,7,93.34,4.61,140.28,56.17,61.02
L47664,L,59.43,22.42,11.75,67.19,5,95.3,4.67,98.76,46.13,66.43
M15345,M,57.79,21.84,9.85,73.33,2,96.06,4.72,95.1,45.14,67.01
M15346,M,59.38,23.38,9.0,67.41,4,96.4,4.8,103.44,48.0,65.5
M15347,M,61.2,23.39,11.15,61.46,2,95.54,4.88,99.26,48.13,65.06
L47668,L,59.53,25.58,17.3,66.41,6,93.08,4.96,117.28,52.15,62.27
M15349,M,63.04,28.99,17.4,52.85,2,93.04,5.01,138.54,58.33,59.07
L47670,L,61.5,24.76,18.55,60.57,3,92.58,5.09,104.98,50.85,62.54
L47671,L,62.12,26.84,18.65,57.58,5,92.54,5.15,119.6,54.65,60.52
L47672,L,62.42,26.48,10.75,56.96,2,95.7,5.2,115.08,54.06,61.49
L47673,L,61.52,25.46,18.85,60.77,2,92.46,5.25,107.0,52.31,61.45
L47674,L,63.67,28.37,9.95,52.11,2,96.02,5.31,126.12,57.6,59.59
H29909,H,61.8,28.51,14.05,58.7,3,94.38,5.36,128.58,57.91,58.92
M15356,M,60.91,26.48,10.3,63.26,4,95.88,5.49,110.6,54.45,60.76
L47677,L,61.37,26.52,15.45,61.99,2,93.82,5.57,108.5,54.62,60.0
L47678,L,59.88,24.43,15.55,68.33,6,93.78,5.63,92.62,50.94,61.72
L47679,L,61.34,25.82,14.65,62.84,5,94.14,5.68,100.5,53.49,60.43
M15360,M,57.2,24.05,12.75,78.18,4,94.9,5.73,90.88,50.4,62.06
M15361,M,62.23,28.99,16.9,58.7,6,93.24,5.81,121.68,59.35,57.01
L47682,L,63.4,28.5,17.05,55.25,4,93.18,5.89,114.4,58.58,57.22
M15363,M,56.01,12.02,2.0,66.09,2,99.2,0.0,125.04,21.55,89.02
M15364,M,54.84,10.72,6.15,71.09,7,97.54,0.08,114.38,19.31,89.57
L47685,L,53.75,9.23,8.3,75.89,3,96.68,0.16,102.2,16.75,90.48
L47686,L,54.78,9.22,9.4,72.54,4,96.24,0.21,99.46,16.79,90.24
H29921,H,56.27,12.85,2.5,65.82,6,99.0,0.27,125.3,23.37,87.53
L47688,L,49.9,7.35,9.75,90.98,5,96.1,0.4,87.06,13.68,91.38
M15369,M,56.92,11.68,7.85,64.91,7,96.86,0.45,110.9,21.52,87.55
L47690,L,54.84,10.98,1.0,72.71,3,99.6,0.53,106.28,20.35,88.66
L47691,L,56.13,11.61,3.1,68.15,5,98.76,0.59,108.38,21.56,87.74
L47692,L,56.97,13.12,1.2,64.74,4,99.52,0.64,118.12,24.33,86.44
L47693,L,57.0,11.78,1.3,65.51,3,99.48,0.69,106.16,22.0,87.49
L47694,L,54.26,10.54,5.4,75.73,6,97.84,0.75,98.8,19.84,88.05
L47695,L,52.94,9.4,6.5,81.05,3,97.4,0.8,90.3,17.87,88.82
L47696,L,52.75,10.04,6.6,81.58,5,97.36,0.85,94.44,19.07,88.1
M15377,M,57.77,17.27,5.7,60.92,2,97.72,0.91,144.22,32.11,81.56
L47698,L,50.11,8.11,5.85,92.15,3,97.66,0.99,79.68,15.79,89.55
M15379,M,48.67,8.07,1.95,97.32,2,99.22,1.04,80.14,15.79,89.83
L47700,L,54.73,12.41,7.1,74.64,2,97.16,1.12,104.74,23.67,85.22
L47701,L,56.53,12.47,6.2,68.61,5,97.52,1.17,101.54,23.84,85.11
M15382,M,57.31,14.6,2.3,65.1,5,99.08,1.23,116.36,27.74,83.45
L47703,L,58.08,15.4,3.45,62.35,5,98.62,1.31,119.82,29.25,82.41
L47704,L,54.95,12.93,11.55,74.54,6,95.38,1.36,103.2,24.9,83.67
L47705,L,57.25,15.62,9.65,65.49,2,96.14,1.41,120.32,29.78,81.32
L47706,L,58.67,17.05,10.75,60.13,2,95.7,1.47,128.66,32.42,79.78
M15387,M,55.54,13.51,7.85,72.84,6,96.86,1.52,103.44,26.15,83.1
M15388,M,56.2,15.4,9.0,69.95,2,96.4,1.6,115.86,29.64,81.08
L47709,L,56.05,14.09,3.15,71.4,6,98.74,1.68,103.78,27.39,82.63
M15390,M,54.08,13.25,6.25,78.82,2,97.5,1.73,98.58,25.95,82.93
L47711,L,56.5,14.16,9.4,70.37,5,96.24,1.81,100.78,27.69,81.59
L47712,L,58.1,16.95,5.5,63.68,3,97.8,1.87,119.66,32.75,79.34
L47713,L,54.78,13.21,9.6,77.14,2,96.16,1.92,93.1,26.12,82.14
L47714,L,55.6,14.27,12.7,74.02,3,94.92,1.97,99.26,28.09,80.74
H29949,H,59.41,19.18,8.8,58.66,6,96.48,2.03,132.1,36.95,76.59
L47716,L,53.83,12.68,4.05,81.61,7,98.38,2.16,84.78,25.47,82.54
H29951,H,57.43,17.39,8.15,67.1,3,96.74,2.21,116.32,33.98,77.77
M15398,M,57.82,16.24,12.4,66.83,5,95.04,2.35,103.58,32.09,78.02
M15399,M,53.9,13.73,10.55,81.89,7,95.78,2.43,87.1,27.69,80.24
L47720,L,58.38,18.9,9.7,64.2,7,96.12,2.51,120.46,37.05,75.49
L47721,L,61.02,20.76,13.8,54.42,4,94.48,2.56,130.52,40.46,73.27
L47722,L,53.7,14.02,4.9,83.14,7,98.04,2.61,85.46,28.44,80.06
H29957,H,57.25,17.02,13.0,69.64,2,94.8,2.67,103.46,33.91,76.41
M15404,M,53.5,15.05,12.25,84.02,6,95.1,2.8,89.82,30.54,77.91
L47725,L,51.74,14.16,10.4,90.82,2,95.84,2.88,83.36,29.05,78.67
L47726,L,53.97,14.88,5.5,83.01,7,97.8,2.93,84.78,30.39,78.39
M15407,M,58.79,18.78,13.6,64.71,4,94.56,2.99,108.24,37.47,73.93
L47728,L,61.06,22.5,14.75,55.35,6,94.1,3.07,133.04,44.23,70.28
L47729,L,59.6,19.46,7.85,62.12,3,96.86,3.12,109.54,38.85,73.55
L47730,L,55.86,16.87,10.95,76.46,3,95.62,3.17,92.76,34.27,75.42
L47731,L,62.09,23.26,11.05,52.07,7,95.58,3.23,134.08,45.78,69.55
M15412,M,57.08,18.59,11.15,71.8,5,95.54,3.28,102.44,37.49,73.58
M15413,M,58.02,19.08,8.3,68.66,7,96.68,3.36,103.28,38.47,73.21
H29968,H,60.96,21.64,9.45,57.58,7,96.22,3.44,117.96,43.17,70.59
M15415,M,58.62,21.27,9.7,66.32,5,96.12,3.57,115.18,42.67,70.55
L47736,L,61.36,23.48,7.85,56.11,6,96.86,3.65,127.34,46.74,68.54
M15417,M,60.31,23.2,13.95,60.05,6,94.42,3.71,125.26,46.29,68.05
L47738,L,57.25,20.01,11.1,72.5,6,95.56,3.79,102.2,40.68,70.98
L47739,L,59.45,21.67,11.2,64.32,3,95.52,3.84,111.26,43.72,69.34
L47740,L,62.2,26.23,15.3,52.78,6,93.88,3.89,142.76,51.96,64.7
M15421,M,57.02,20.44,12.4,73.68,4,95.04,3.95,102.36,41.65,70.04
L47742,L,58.62,19.8,11.55,68.8,5,95.38,4.03,93.28,40.62,70.48
L47743,L,59.34,21.04,16.65,65.93,4,93.34,4.08,100.98,42.9,68.73
H29978,H,57.36,20.42,12.75,73.24,4,94.9,4.13,97.58,41.86,69.53
H29979,H,58.95,21.75,17.0,67.62,6,93.2,4.27,103.0,44.41,67.56
M15426,M,59.52,21.62,17.25,66.24,7,93.1,4.4,98.22,44.35,67.3
M15427,M,57.59,20.99,17.4,73.5,7,93.04,4.48,94.0,43.32,67.64
L47748,L,53.97,19.2,17.55,87.15,6,92.98,4.56,82.9,40.22,69.02
M15429,M,58.96,22.64,8.65,68.48,3,96.54,4.61,102.32,46.44,66.69
L47750,L,60.48,24.33,17.8,62.74,6,92.88,4.69,111.96,49.58,64.05
M15431,M,57.95,21.49,17.9,73.05,5,92.84,4.75,91.52,44.55,66.44
L47752,L,62.77,26.73,15.05,54.18,3,93.98,4.83,125.02,54.05,61.82
L47753,L,61.07,25.89,15.15,60.65,2,93.94,4.88,119.44,52.61,62.42
M15434,M,61.61,25.22,16.25,59.34,4,93.5,4.93,112.18,51.48,62.77
M15435,M,62.12,28.89,17.4,56.06,4,93.04,5.01,139.0,58.16,59.16
H29990,H,61.77,28.06,11.55,57.97,2,95.38,5.09,131.0,56.76,60.28
L47757,L,59.72,25.1,18.8,67.0,6,92.48,5.23,107.22,51.64,61.85
L47758,L,60.63,25.04,16.9,64.13,2,93.24,5.28,104.26,51.59,61.95
M15439,M,58.26,23.82,13.0,73.09,3,94.8,5.33,96.6,49.48,63.29
M15440,M,56.92,22.62,17.15,78.59,3,93.14,5.41,86.96,47.42,63.75
L47761,L,62.89,27.2,12.3,56.1,2,95.08,5.49,113.68,55.75,59.91
L47762,L,63.72,28.94,17.4,52.58,7,93.04,5.55,125.22,58.92,57.71
H29997,H,58.6,24.85,17.5,72.42,6,93.0,5.6,98.34,51.66,61.22
H29998,H,62.8,29.25,17.75,56.32,3,92.9,5.73,124.78,59.72,56.9
L47765,L,54.48,22.72,20.0,88.69,5,92.0,5.87,81.02,48.19,62.17
L47766,L,61.81,45.21,44.1,52.44,3,82.36,8.92,129.62,83.98,35.76
H30001,H,60.1,26.2,12.2,68.05,4,95.12,5.97,98.66,54.55,59.56
L47768,L,60.18,26.67,11.45,68.06,4,95.42,6.11,99.36,55.57,58.86
L47769,L,62.23,28.53,14.55,60.28,7,94.18,6.16,110.22,58.97,56.74
L47770,L,61.91,27.82,15.65,61.94,4,93.74,6.21,103.74,57.75,57.13
H30005,H,61.86,29.22,13.75,61.64,3,94.5,6.27,113.9,60.35,55.92
H30006,H,59.92,26.17,18.0,70.31,3,92.8,6.4,89.16,55.05,57.87
L47773,L,57.9,12.68,7.0,59.26,6,97.2,0.0,127.64,22.72,87.94
H30008,H,58.46,12.76,2.1,57.52,2,99.16,0.05,126.36,22.94,88.21
M15455,M,57.85,13.84,9.35,59.58,2,96.26,0.19,132.8,25.03,86.17
M15456,M,55.03,10.12,9.5,71.44,4,96.2,0.27,105.2,18.49,89.27
H30011,H,56.61,12.69,9.65,65.06,6,96.14,0.35,121.76,23.19,86.75
L47778,L,56.0,13.42,4.9,67.29,6,98.04,0.48,125.4,24.66,86.22
H30013,H,54.08,9.38,5.0,76.11,7,98.0,0.53,94.52,17.48,89.69
L47780,L,55.23,11.32,5.25,71.69,5,97.9,0.67,105.54,21.15,87.57
L47781,L,45.88,6.36,7.35,106.52,4,97.06,0.72,77.48,12.31,91.67
L47782,L,48.76,7.64,8.45,96.18,6,96.62,0.77,82.6,14.69,90.27
L47783,L,58.49,35.38,38.55,49.11,6,84.58,3.83,169.92,59.88,58.55
L47784,L,55.55,11.09,2.65,71.55,2,98.94,0.88,98.44,21.0,87.48
M15465,M,53.41,10.28,5.75,79.51,5,97.7,0.93,93.66,19.6,87.76
L47786,L,56.88,15.66,6.9,65.22,2,97.24,1.01,130.22,29.37,82.6
M15467,M,55.42,11.68,9.0,72.41,5,96.4,1.07,99.1,22.28,85.83
L47788,L,57.87,15.36,9.15,62.47,6,96.34,1.15,123.46,29.0,82.29
L47789,L,54.64,11.72,8.25,75.59,3,96.7,1.2,97.58,22.54,85.5
L47790,L,56.08,12.18,2.35,70.61,4,99.06,1.25,98.08,23.43,85.54
L47791,L,55.87,14.14,11.45,70.58,3,95.42,1.31,112.86,27.01,82.73
L47792,L,55.78,12.28,2.55,72.01,7,98.98,1.36,96.86,23.74,85.16
L47793,L,54.81,11.74,10.65,75.83,4,95.74,1.41,92.68,22.84,84.69
M15474,M,57.62,15.7,2.75,64.4,3,98.9,1.47,119.3,30.01,81.79
L47795,L,54.84,12.24,2.9,75.98,5,98.84,1.55,93.64,23.91,84.66
H30030,H,54.26,12.08,7.0,78.26,7,97.2,1.6,91.92,23.68,84.26
M15477,M,58.68,15.98,11.25,61.66,6,95.5,1.73,114.06,30.84,79.99
H30032,H,58.18,16.49,12.4,63.4,6,95.04,1.81,117.06,31.86,79.2
L47799,L,57.26,17.02,9.65,66.84,4,96.14,1.95,119.54,32.97,78.66
M15480,M,59.03,18.4,3.75,60.25,5,98.5,2.0,126.98,35.52,77.86
L47801,L,58.85,17.56,3.9,61.62,7,98.44,2.08,118.76,34.13,78.39
M15482,M,54.29,14.4,4.0,79.05,4,98.4,2.13,98.5,28.52,81.07
L47803,L,51.46,12.57,7.15,90.02,2,97.14,2.21,85.92,25.34,82.19
H30038,H,57.59,16.2,13.25,67.35,7,94.7,2.27,105.38,31.92,78.18
L47805,L,57.21,16.27,4.5,69.11,5,98.2,2.4,103.5,32.22,78.64
L47806,L,57.45,16.16,12.6,68.57,3,94.96,2.45,101.06,32.08,77.79
L47807,L,58.64,18.07,10.7,63.72,5,95.72,2.51,113.5,35.58,76.13
M15488,M,60.45,22.13,7.8,55.68,7,96.88,2.56,142.3,42.92,72.64
L47809,L,57.8,19.4,13.95,66.45,4,94.42,2.64,122.26,38.12,74.27
L47810,L,58.78,19.98,14.05,63.01,4,94.38,2.69,124.4,39.24,73.59
L47811,L,57.47,17.56,5.15,68.92,7,97.94,2.75,105.68,34.98,76.5
H30046,H,59.5,20.18,9.25,60.86,4,96.3,2.8,122.58,39.72,73.61
L47813,L,59.31,19.77,8.5,62.21,7,96.6,2.93,116.64,39.17,73.7
L47814,L,58.43,19.36,5.6,65.67,3,97.76,2.99,113.34,38.5,74.22
L47815,L,53.38,15.1,7.7,85.35,5,96.92,3.04,84.96,30.92,77.69
L47816,L,59.19,20.26,7.8,63.02,4,96.88,3.09,117.06,40.24,72.91
L47817,L,57.47,18.79,8.9,69.86,5,96.44,3.15,106.5,37.68,73.98
L47818,L,58.24,18.92,13.0,67.34,4,94.8,3.2,105.32,37.99,73.31
L47819,L,60.24,22.58,13.1,58.86,5,94.76,3.25,130.66,44.62,69.87
M15500,M,58.67,19.62,9.2,65.94,2,96.32,3.31,107.9,39.37,72.78
L47821,L,60.58,22.14,12.35,58.43,5,95.06,3.39,123.6,43.98,70.0
M15502,M,63.03,25.0,11.45,48.8,7,95.42,3.44,141.92,49.17,67.39
M15503,M,59.2,19.69,6.6,64.91,2,97.36,3.52,102.9,39.76,72.42
H30058,H,57.65,18.35,12.75,71.23,5,94.9,3.6,92.56,37.47,72.79
L47825,L,60.94,22.22,15.0,58.49,6,94.0,3.73,116.04,44.58,68.74
M15506,M,60.0,22.28,15.1,61.91,2,93.96,3.79,116.62,44.76,68.54
L47827,L,58.66,20.82,15.25,67.54,7,93.9,3.87,104.98,42.24,69.62
H30062,H,61.03,23.98,9.35,58.01,3,96.26,3.92,125.8,47.97,67.24
M15509,M,56.35,19.36,13.6,76.92,3,94.56,4.05,92.24,39.85,70.61
L47830,L,58.2,20.68,16.75,70.21,2,93.3,4.13,98.42,42.31,68.9
L47831,L,59.84,22.28,13.85,64.01,3,94.46,4.19,107.86,45.27,67.61
L47832,L,61.52,23.84,7.95,57.63,4,96.82,4.24,116.82,48.13,66.66
L47833,L,52.5,17.9,11.05,91.8,6,95.58,4.29,80.5,37.55,71.53
L47834,L,57.4,20.76,17.15,73.77,2,93.14,4.35,95.46,42.74,68.22
L47835,L,61.06,22.9,17.25,60.3,6,93.1,4.4,106.3,46.64,66.16
M15516,M,56.8,20.38,8.35,76.41,6,96.66,4.45,90.84,42.2,69.16
L47837,L,62.23,28.25,13.5,54.12,3,94.6,4.53,144.5,56.4,61.38
L47838,L,59.43,22.96,10.6,66.62,7,95.76,4.59,104.84,46.98,66.27
L47839,L,61.13,26.2,11.7,59.35,4,95.32,4.64,127.18,52.85,63.12
M15520,M,57.54,20.93,10.8,74.54,7,95.68,4.69,88.8,43.48,67.79
M15521,M,61.6,25.72,13.95,58.49,3,94.42,4.77,119.74,52.17,62.97
M15522,M,60.93,24.08,15.1,61.91,3,93.96,4.85,105.78,49.34,64.11
L47843,L,61.17,25.8,11.25,60.55,5,95.5,4.93,117.38,52.52,62.75
L47844,L,62.38,26.81,16.35,56.1,2,93.46,4.99,122.6,54.39,61.19
L47845,L,57.51,22.15,11.45,75.38,6,95.42,5.04,90.78,46.1,65.73
L47846,L,61.34,26.16,16.55,60.42,2,93.38,5.09,116.4,53.35,61.48
L47847,L,61.56,27.56,17.65,59.17,2,92.94,5.15,126.18,55.95,59.97
L47848,L,57.56,21.6,14.75,76.1,6,94.1,5.2,82.76,45.33,65.46
H30083,H,61.5,25.18,10.85,60.96,6,95.66,5.25,104.82,51.82,62.5
L47850,L,56.54,22.51,13.1,79.84,5,94.76,5.39,87.24,47.19,64.32
L47851,L,60.5,25.02,11.2,65.19,4,95.52,5.44,100.68,51.76,62.12
M15532,M,62.32,27.28,12.3,58.01,4,95.08,5.49,115.06,55.88,59.84
L47853,L,62.18,28.64,15.45,58.13,3,93.82,5.57,124.38,58.43,58.09
L47854,L,55.81,10.3,5.0,67.65,4,98.0,0.0,111.52,18.46,90.27
M15535,M,56.33,11.54,0.1,65.43,4,99.96,0.05,119.48,20.74,89.51
H30090,H,54.2,9.08,6.25,74.31,3,97.5,0.13,100.94,16.44,90.89
L47857,L,55.79,10.73,7.5,68.54,3,97.0,0.27,108.96,19.56,88.94
M15538,M,58.51,16.26,0.6,56.62,2,99.76,0.32,148.3,29.55,84.52
L47859,L,57.48,13.02,4.75,62.09,5,98.1,0.4,122.04,23.85,86.8
M15540,M,56.67,12.01,7.85,65.6,2,96.86,0.45,113.84,22.1,87.26
M15541,M,53.5,9.9,8.0,77.85,6,96.8,0.53,99.52,18.42,88.92
H30096,H,57.17,14.04,2.15,63.48,5,99.14,0.61,125.8,25.94,85.59
L47863,L,50.57,8.34,2.4,89.53,3,99.04,0.75,86.28,15.9,90.32
L47864,L,55.52,13.2,4.5,70.3,3,98.2,0.8,117.16,24.68,85.61
M15545,M,54.15,9.98,5.6,76.81,4,97.76,0.85,92.12,18.98,88.24
M15546,M,56.16,12.9,6.75,68.75,3,97.3,0.93,110.88,24.31,85.3
M15547,M,55.86,13.64,9.9,69.73,6,96.04,1.01,115.42,25.74,84.12
H30102,H,52.98,9.88,8.05,81.81,4,96.78,1.09,87.5,19.1,87.46
H30103,H,58.67,17.58,3.3,58.91,3,98.68,1.23,138.28,33.07,80.68
H30104,H,57.96,14.13,5.55,63.59,3,97.78,1.36,108.66,27.06,83.2
L47871,L,55.93,14.3,8.8,71.0,4,96.48,1.49,109.86,27.54,82.36
L47872,L,57.21,15.16,6.9,66.37,6,97.24,1.55,113.78,29.15,81.64
L47873,L,57.3,14.38,8.0,66.66,2,96.8,1.6,106.14,27.8,82.1
L47874,L,58.57,17.46,9.1,60.97,4,96.36,1.65,127.88,33.4,79.08
L47875,L,57.28,16.47,5.2,66.11,7,97.92,1.71,120.54,31.69,80.22
M15556,M,52.56,11.6,8.3,84.95,2,96.68,1.76,86.9,23.04,84.13
M15557,M,57.92,15.44,8.45,64.93,3,96.62,1.84,108.46,30.02,80.46
L47878,L,56.76,15.81,7.6,69.04,4,96.96,1.92,111.18,30.78,80.01
H30113,H,58.61,15.72,12.7,62.94,6,94.92,1.97,106.72,30.68,79.44
M15560,M,54.88,14.22,5.95,77.04,5,97.62,2.11,96.86,28.17,81.11
L47881,L,57.41,16.58,10.1,67.46,6,95.96,2.19,110.5,32.51,78.36
M15562,M,57.24,18.79,11.2,67.15,3,95.52,2.24,127.22,36.54,76.13
H30117,H,58.08,17.18,12.35,65.36,2,95.06,2.32,111.38,33.75,77.25
L47884,L,57.7,15.78,5.6,67.91,3,97.76,2.45,97.72,31.41,78.83
L47885,L,57.89,17.07,8.7,66.82,6,96.52,2.51,106.54,33.78,77.23
M15566,M,59.01,18.5,4.8,62.45,3,98.08,2.56,115.28,36.42,76.19
L47887,L,53.22,14.74,9.95,84.53,2,96.02,2.64,91.36,29.78,78.83
M15568,M,59.42,19.56,8.05,61.02,4,96.78,2.69,120.12,38.47,74.57
M15569,M,60.37,20.74,6.2,57.48,7,97.52,2.77,126.54,40.71,73.48
M15570,M,55.51,15.58,14.35,77.06,5,94.26,2.85,90.14,31.56,77.08
L47891,L,59.3,20.35,13.5,61.98,5,94.6,2.93,121.26,40.2,72.68
L47892,L,59.21,18.36,6.6,63.47,7,97.36,2.99,104.26,36.71,75.01
L47893,L,59.48,20.72,6.7,61.59,7,97.32,3.04,121.58,41.0,72.75
L47894,L,57.06,18.33,10.8,71.28,2,95.68,3.09,104.58,36.79,74.34
L47895,L,61.27,24.22,6.9,54.09,7,97.24,3.15,144.68,47.4,69.32
H30130,H,59.93,21.05,9.0,60.48,2,96.4,3.2,120.0,41.8,71.8
L47897,L,58.26,19.23,13.25,67.64,4,94.7,3.33,104.7,38.7,72.66
L47898,L,59.31,19.91,9.35,63.9,2,96.26,3.39,107.54,39.99,72.3
L47899,L,59.81,24.84,6.45,59.93,7,97.42,3.44,145.14,48.91,68.02
L47900,L,54.6,16.43,6.55,82.24,5,97.38,3.49,83.78,33.89,75.41
L47901,L,56.31,18.37,7.65,75.62,7,96.94,3.55,95.72,37.43,73.43
L47902,L,60.28,21.98,8.75,60.36,5,96.5,3.6,117.94,43.96,69.94
M15583,M,59.28,22.54,15.85,63.73,4,93.66,3.65,122.6,45.04,68.59
L47904,L,60.97,22.35,16.0,58.32,2,93.6,3.73,117.0,44.81,68.53
L47905,L,57.39,19.91,10.1,72.04,2,95.96,3.79,101.2,40.5,71.17
M15586,M,57.63,20.87,15.2,70.96,2,93.92,3.84,107.36,42.29,69.66
H30141,H,59.59,21.16,12.35,64.37,6,95.06,3.92,105.18,42.91,69.47
M15588,M,60.82,24.74,12.6,58.88,4,94.96,4.05,129.1,49.49,65.89
L47909,L,58.57,21.83,14.75,68.39,6,94.1,4.13,107.12,44.37,68.07
M15590,M,60.3,25.24,16.85,60.93,3,93.26,4.19,130.82,50.55,64.66
M15591,M,60.97,26.05,8.0,58.52,7,96.8,4.27,134.62,52.12,64.61
L47912,L,53.89,18.57,17.15,86.92,5,93.14,4.35,82.68,38.8,70.19
M15593,M,61.27,23.7,16.25,59.2,3,93.5,4.4,112.42,48.07,65.54
H30148,H,63.05,27.09,13.4,51.7,5,94.64,4.48,135.3,54.25,62.57
L47915,L,59.53,21.94,17.65,66.88,5,92.94,4.61,95.94,45.19,66.41
L47916,L,59.62,23.55,15.75,65.97,3,93.7,4.67,107.5,48.14,65.02
H30151,H,60.86,23.96,8.85,61.72,6,96.46,4.72,107.88,48.95,65.2
L47918,L,60.54,26.04,18.1,62.28,5,92.76,4.85,121.92,52.83,62.07
L47919,L,62.29,25.17,11.2,56.92,2,95.52,4.91,111.4,51.35,63.39
M15600,M,61.48,26.6,17.3,59.2,2,93.08,4.96,122.8,53.99,61.35
L47921,L,60.65,24.82,14.45,63.24,6,94.22,5.04,107.86,50.89,63.03
L47922,L,58.82,23.96,12.55,70.17,6,94.98,5.09,102.26,49.41,63.85
L47923,L,62.98,28.89,18.65,53.6,6,92.54,5.15,134.82,58.32,58.68
L47924,L,61.75,25.82,12.75,59.59,4,94.9,5.2,110.8,52.9,61.88
L47925,L,61.79,28.44,13.85,58.33,3,94.46,5.25,130.42,57.65,59.29
L47926,L,64.21,46.42,39.95,41.24,5,84.02,8.31,149.78,85.37,36.71
L47927,L,63.29,28.16,15.05,53.72,2,93.98,5.36,123.72,57.28,59.14
H30162,H,60.85,27.82,15.15,62.49,7,93.94,5.41,123.16,56.74,59.29
L47929,L,54.45,22.22,11.4,87.79,5,95.44,5.55,84.16,46.87,64.33
L47930,L,60.96,26.0,19.5,63.75,2,92.2,5.6,104.3,53.72,59.99
M15611,M,56.54,23.01,18.6,80.65,6,92.56,5.65,85.26,48.43,62.62
L47932,L,62.75,29.38,16.75,56.41,3,93.3,5.73,125.84,59.94,56.89
L47933,L,61.15,27.46,10.85,63.07,6,95.66,5.79,111.52,56.58,59.05
M15614,M,61.99,28.6,19.95,59.85,6,92.02,5.84,118.26,58.68,56.99
H30169,H,61.95,28.68,14.1,60.26,7,94.36,5.92,117.24,58.94,57.28
L47936,L,60.76,28.26,20.35,65.07,2,91.86,6.05,112.48,58.35,56.68
L47937,L,61.24,26.74,12.45,64.38,7,95.02,6.11,98.5,55.7,58.69
L47938,L,62.14,28.9,13.55,60.4,6,94.58,6.16,113.34,59.64,56.5
M15619,M,61.62,27.72,14.65,62.99,2,94.14,6.21,103.34,57.57,57.32
L47940,L,62.18,28.73,12.8,60.89,7,94.88,6.29,108.9,59.5,56.39
L47941,L,60.18,27.69,13.9,68.46,3,94.44,6.35,102.12,57.7,57.07
M15622,M,58.28,15.12,2.0,56.74,3,99.2,0.0,146.72,27.11,86.25
L47943,L,56.71,12.12,6.15,63.94,7,97.54,0.08,123.0,21.82,88.32
L47944,L,57.69,14.52,7.25,59.59,6,97.1,0.13,139.74,26.2,85.91
L47945,L,57.82,14.04,4.35,59.58,3,98.26,0.19,134.44,25.39,86.49
L47946,L,54.55,10.3,2.45,72.9,5,99.02,0.24,107.82,18.76,89.9
L47947,L,54.83,8.66,8.55,72.97,4,96.58,0.29,93.12,15.89,90.62
L47948,L,52.46,8.36,5.65,81.47,7,97.74,0.35,92.86,15.43,91.02
L47949,L,57.9,12.32,4.75,60.99,7,98.1,0.4,115.86,22.6,87.43
L47950,L,57.26,14.96,0.85,62.07,4,99.66,0.45,136.62,27.39,85.31
H30185,H,58.49,16.17,3.95,57.46,7,98.42,0.51,143.42,29.63,83.78
H30186,H,56.57,14.67,7.2,65.32,5,97.12,0.64,131.06,27.11,84.45
L47953,L,55.89,12.17,2.45,69.42,2,99.02,0.77,109.0,22.8,86.81
L47954,L,56.86,14.68,1.55,65.06,3,99.38,0.83,126.56,27.36,84.51
L47955,L,56.84,14.14,8.65,65.58,4,96.54,0.88,121.06,26.46,84.14
L47956,L,56.68,12.6,5.75,67.1,4,97.7,0.93,107.76,23.77,85.67
L47957,L,58.0,14.84,3.85,61.68,7,98.46,0.99,122.64,27.84,83.72
L47958,L,55.17,11.17,2.95,73.41,2,98.82,1.04,96.0,21.34,86.95
L47959,L,53.98,10.73,8.05,77.94,6,96.78,1.09,92.92,20.62,86.7
M15640,M,57.78,16.12,10.15,62.39,2,95.94,1.15,129.58,30.34,81.52
L47961,L,54.0,11.1,11.3,78.2,3,95.48,1.23,92.9,21.46,85.68
L47962,L,53.73,11.54,2.4,79.13,3,99.04,1.28,95.56,22.31,86.04
H30197,H,55.52,12.35,9.5,72.78,5,96.2,1.33,98.38,23.83,84.47
L47964,L,53.28,11.38,8.75,81.46,4,96.5,1.47,90.66,22.25,85.07
M15645,M,56.92,15.76,3.85,66.97,2,98.46,1.52,119.54,30.18,81.48
L47966,L,53.46,12.0,9.0,81.05,7,96.4,1.6,92.42,23.54,84.13
L47967,L,57.97,16.28,10.1,63.61,7,95.96,1.65,119.3,31.29,80.04
M15648,M,57.96,16.7,3.2,63.65,6,98.72,1.71,121.4,32.09,80.22
M15649,M,55.13,13.68,8.35,75.21,4,96.66,1.79,99.42,26.8,82.19
L47970,L,58.43,16.95,5.5,62.52,5,97.8,1.87,119.2,32.75,79.34
L47971,L,55.71,14.61,9.6,73.24,7,96.16,1.92,103.02,28.63,80.89
L47972,L,59.24,16.64,9.7,60.33,4,96.12,1.97,113.26,32.34,78.91
M15653,M,54.79,14.03,3.8,77.14,5,98.48,2.03,97.26,27.72,81.7
H30208,H,56.85,14.47,6.95,70.11,7,97.22,2.11,96.14,28.61,80.78
L47975,L,56.16,15.97,4.2,72.26,2,98.32,2.24,106.1,31.47,79.36
M15656,M,50.33,11.6,6.3,94.7,2,97.48,2.29,78.0,23.72,82.93
L47977,L,56.89,17.14,10.45,69.68,6,95.82,2.37,111.5,33.75,77.33
M15658,M,53.13,13.43,8.55,84.68,4,96.58,2.43,85.76,27.16,80.71
M15659,M,56.84,16.05,6.7,70.93,5,97.32,2.51,99.78,31.95,78.34
M15660,M,52.52,13.81,11.85,87.2,2,95.26,2.59,86.04,28.04,79.62
L47981,L,61.3,21.02,11.0,53.74,4,95.6,2.67,129.9,41.08,73.03
L47982,L,57.2,16.91,10.1,70.1,5,95.96,2.72,101.42,33.77,76.67
H30217,H,57.58,17.77,5.2,68.56,7,97.92,2.77,106.58,35.38,76.25
M15664,M,57.8,18.12,10.45,68.14,2,95.82,2.91,106.08,36.17,75.06
M15665,M,59.81,20.81,5.6,60.19,6,97.76,2.99,123.04,41.1,72.92
M15666,M,59.75,22.45,6.75,59.87,2,97.3,3.07,134.44,44.14,71.12
L47987,L,53.37,15.14,12.9,85.78,6,94.84,3.15,82.94,31.14,76.85
L47988,L,59.87,20.42,7.0,60.99,6,97.2,3.2,115.08,40.68,72.56
L47989,L,59.53,21.18,8.1,62.01,2,96.76,3.25,120.44,42.11,71.63
L47990,L,58.16,19.84,11.2,67.58,4,95.52,3.31,110.4,39.77,72.38
L47991,L,57.67,19.48,12.3,69.66,5,95.08,3.36,106.96,39.19,72.46
L47992,L,61.37,21.34,9.4,56.23,2,96.24,3.41,115.56,42.59,70.94
L47993,L,58.88,20.4,6.5,65.45,5,97.4,3.47,110.26,40.97,71.93
M15674,M,59.57,22.04,11.6,62.48,6,95.36,3.52,121.2,43.97,69.81
M15675,M,58.99,19.98,7.75,65.81,2,96.9,3.6,103.72,40.38,71.84
L47996,L,60.27,23.12,10.9,60.14,5,95.64,3.68,125.28,46.11,68.5
L47997,L,61.29,24.2,10.0,56.3,6,96.0,3.73,131.36,48.12,67.47
L47998,L,62.28,23.54,12.1,53.43,7,95.16,3.79,123.48,47.0,67.72
L47999,L,60.97,23.2,10.2,58.3,3,95.92,3.84,121.36,46.46,68.07
L48000,L,59.32,21.03,7.3,65.28,6,97.08,3.89,105.12,42.64,70.16
L48001,L,59.99,22.26,16.4,62.57,5,93.44,3.95,112.88,44.92,68.0
M15682,M,58.98,20.68,16.5,67.01,2,93.4,4.0,100.34,42.14,69.28
M15683,M,60.02,22.22,8.65,62.99,3,96.54,4.08,109.44,45.0,68.47
L48004,L,60.78,23.18,14.8,60.21,5,94.08,4.16,114.32,46.84,66.78
L48005,L,60.29,22.64,11.9,62.38,3,95.24,4.21,109.48,45.94,67.42
L48006,L,60.25,22.35,13.0,62.88,3,94.8,4.27,106.02,45.48,67.42
L48007,L,60.01,23.48,13.1,63.31,6,94.76,4.32,114.22,47.59,66.26
L48008,L,59.13,22.42,11.2,67.09,5,95.52,4.37,105.72,45.75,67.26
L48009,L,59.0,21.9,11.3,68.0,4,95.48,4.43,100.58,44.89,67.57
L48010,L,58.3,22.19,9.4,70.46,7,96.24,4.48,102.62,45.47,67.37
M15691,M,59.63,24.17,14.5,65.11,3,94.2,4.53,115.48,49.09,64.94
L48012,L,60.05,23.49,16.65,64.3,5,93.34,4.61,107.62,47.97,65.12
L48013,L,58.73,21.0,10.75,70.3,6,95.7,4.67,88.32,43.57,67.81
H30248,H,62.91,26.71,17.85,53.3,6,92.86,4.72,127.06,53.88,61.84
M15695,M,60.15,22.68,17.1,65.31,3,93.16,4.85,95.66,46.83,65.17
L48016,L,62.64,26.08,12.25,55.36,6,95.1,4.93,117.56,53.01,62.4
L48017,L,61.29,26.91,11.35,59.8,7,95.46,4.99,124.9,54.57,61.61
H30252,H,62.21,25.5,13.45,57.55,6,94.62,5.04,111.12,52.1,62.52
M15699,M,60.04,26.4,17.7,65.05,3,92.92,5.17,118.3,53.89,60.94
L48020,L,59.89,25.24,15.85,66.48,6,93.66,5.25,107.44,51.91,61.95
L48021,L,62.03,27.3,12.95,58.3,4,94.82,5.31,119.78,55.67,60.26
M15702,M,60.24,24.83,16.05,65.88,5,93.58,5.36,101.32,51.32,62.02
L48023,L,61.51,27.0,14.2,60.75,5,94.32,5.44,115.1,55.3,60.05
L48024,L,60.39,25.26,13.3,65.67,5,94.68,5.49,101.52,52.25,61.56
L48025,L,62.3,27.02,14.4,58.44,2,94.24,5.55,111.78,55.47,59.73
M15706,M,62.69,29.3,10.5,56.15,5,95.8,5.6,128.32,59.64,57.93
L48027,L,42.16,33.44,45.65,124.93,7,81.74,8.68,67.86,62.58,46.79
L48028,L,62.13,28.98,10.75,58.76,3,95.7,5.73,123.5,59.22,57.85
H30263,H,53.92,8.88,7.0,74.86,4,97.2,0.0,102.72,15.91,91.35
L48030,L,54.34,8.25,1.25,74.22,3,99.5,0.13,94.14,14.96,92.13
M15711,M,56.99,12.71,8.35,63.1,5,96.66,0.19,124.98,23.02,87.28
M15712,M,57.39,13.18,6.5,61.81,3,97.4,0.27,126.36,23.95,86.84
L48033,L,56.37,13.29,8.65,65.56,3,96.54,0.35,126.88,24.26,86.31
M15714,M,55.65,11.6,9.75,69.1,4,96.1,0.4,113.16,21.3,87.57
L48035,L,54.04,9.14,6.9,76.18,3,97.24,0.48,93.9,16.99,89.85
L48036,L,49.98,7.28,5.0,91.26,4,98.0,0.53,83.36,13.72,91.57
M15717,M,58.01,15.08,1.1,59.96,4,99.56,0.59,133.6,27.78,84.82
M15718,M,55.69,11.4,3.25,70.1,5,98.7,0.67,105.52,21.28,87.7
H30273,H,55.4,12.39,10.4,70.9,7,95.84,0.75,112.04,23.16,85.89
H30274,H,55.56,10.79,10.65,71.66,2,95.74,0.88,96.02,20.46,86.95
M15721,M,49.75,8.86,9.9,93.12,2,96.04,1.01,85.62,17.18,88.39
H30276,H,54.29,11.03,8.05,76.74,7,96.78,1.09,94.9,21.16,86.43
L48043,L,57.77,14.73,10.3,63.43,3,95.88,1.23,116.72,27.96,82.54
M15724,M,48.69,9.41,8.4,97.49,5,96.64,1.28,85.48,18.5,87.35
L48045,L,57.95,16.63,8.55,62.39,7,96.58,1.36,128.68,31.54,80.66
L48046,L,54.17,10.92,9.65,78.44,2,96.14,1.41,86.96,21.36,85.53
H30281,H,55.45,12.7,2.75,73.35,4,98.9,1.47,98.28,24.63,84.48
M15728,M,56.77,14.23,11.0,68.59,2,95.6,1.6,105.68,27.53,81.93
L48049,L,59.13,17.34,7.15,59.23,5,97.14,1.68,125.56,33.22,79.32
L48050,L,59.67,19.25,5.25,56.62,4,97.9,1.73,138.9,36.71,77.65
L48051,L,59.52,18.66,12.35,57.62,4,95.06,1.79,133.18,35.72,77.33
M15732,M,59.64,18.44,5.45,57.53,2,97.82,1.84,130.1,35.4,78.08
L48053,L,51.62,11.18,8.6,89.01,3,96.56,1.92,81.24,22.49,84.06
L48054,L,56.3,13.04,6.7,72.23,6,97.32,1.97,88.5,25.89,82.44
M15735,M,58.26,17.45,5.8,63.47,5,97.68,2.03,119.88,33.86,78.44
L48056,L,51.5,11.92,6.95,89.79,4,97.22,2.11,83.1,24.04,83.07
M15737,M,56.38,14.88,4.05,71.76,5,98.38,2.16,98.88,29.42,80.57
M15738,M,55.0,15.44,10.2,76.53,5,95.92,2.24,103.5,30.53,79.23
L48059,L,60.15,20.61,9.35,56.54,2,96.26,2.32,135.94,39.89,74.48
M15740,M,61.7,41.17,39.45,41.16,6,84.22,5.37,177.1,72.23,49.19
L48061,L,58.45,18.91,7.6,63.74,4,96.96,2.45,121.68,37.01,75.83
M15742,M,54.51,14.0,5.7,79.95,5,97.72,2.51,86.58,28.27,80.28
L48063,L,58.22,16.34,7.85,66.33,5,96.86,2.59,98.4,32.57,77.76
L48064,L,60.23,19.92,5.95,57.84,6,97.62,2.64,123.12,39.06,74.59
L48065,L,59.7,21.08,11.05,59.31,6,95.58,2.69,131.94,41.21,72.9
L48066,L,58.87,18.39,6.15,63.71,7,97.54,2.75,110.36,36.45,75.66
H30301,H,48.7,12.52,7.25,101.79,4,97.1,2.8,76.22,26.01,80.67
M15748,M,56.27,15.82,5.5,74.64,7,97.8,2.93,89.22,32.09,77.54
L48069,L,60.17,20.59,6.65,59.16,5,97.34,3.01,120.18,40.74,72.94
L48070,L,60.51,22.3,14.75,57.35,3,94.1,3.07,132.2,43.87,70.46
L48071,L,60.02,21.34,6.85,59.73,7,97.26,3.12,123.96,42.21,71.97
L48072,L,61.02,23.12,5.95,55.59,7,97.62,3.17,135.66,45.47,70.32
M15753,M,59.92,20.3,9.05,61.0,3,96.38,3.23,113.46,40.5,72.39
L48074,L,59.97,22.07,9.2,60.26,6,96.32,3.31,125.72,43.76,70.59
M15755,M,59.89,22.98,13.3,60.26,5,94.68,3.36,131.9,45.46,69.22
L48076,L,57.98,19.1,8.45,69.1,5,96.62,3.44,101.66,38.6,72.98
L48077,L,57.47,18.28,13.55,71.46,5,94.58,3.49,94.64,37.21,73.06
L48078,L,59.94,23.12,15.65,60.74,7,93.74,3.55,128.72,45.94,68.37
H30313,H,61.71,24.62,14.75,54.14,2,94.1,3.6,137.18,48.71,66.97
L48080,L,58.36,19.98,15.0,68.46,4,94.0,3.73,101.58,40.55,70.76
H30315,H,62.98,26.94,10.1,49.33,4,95.96,3.79,149.72,53.09,64.87
L48082,L,61.28,23.94,13.35,57.18,2,94.66,3.92,125.06,47.88,66.88
L48083,L,48.43,30.57,39.45,98.22,2,84.22,6.97,74.6,55.26,54.48
H30318,H,60.31,24.53,14.55,60.64,4,94.18,4.03,128.76,49.09,65.95
L48085,L,60.23,22.78,13.8,62.31,2,94.48,4.16,111.88,46.12,67.24
M15766,M,60.46,24.94,15.9,60.63,6,93.64,4.21,127.64,50.06,64.95
M15767,M,57.54,20.13,13.05,73.39,7,94.78,4.29,91.38,41.54,69.34
M15768,M,55.4,19.2,15.2,81.5,6,93.92,4.37,85.04,39.96,69.75
L48089,L,60.82,23.16,16.35,61.22,3,93.46,4.45,107.52,47.17,65.87
L48090,L,59.57,22.49,8.45,66.05,7,96.62,4.51,102.72,46.05,67.12
M15771,M,60.44,24.36,16.55,62.32,3,93.38,4.56,115.2,49.45,64.5
L48092,L,59.38,24.02,8.7,66.44,3,96.52,4.64,112.18,48.95,65.37
L48093,L,58.69,21.46,13.8,70.32,3,94.48,4.69,91.42,44.42,67.02
M15774,M,60.25,24.39,17.9,63.71,4,92.84,4.75,111.56,49.75,63.84
M15775,M,60.22,24.03,18.05,64.28,3,92.78,4.83,106.92,49.21,63.94
M15776,M,59.39,23.77,13.2,67.56,2,94.72,4.91,104.18,48.84,64.45
L48097,L,61.14,27.71,12.35,59.9,2,95.06,4.99,131.5,56.01,60.79
M15778,M,61.23,24.74,13.45,61.28,2,94.62,5.04,106.46,50.76,63.2
L48099,L,62.28,28.04,15.6,56.33,3,93.76,5.12,129.54,56.76,59.82
M15780,M,60.73,26.54,16.7,62.63,2,93.32,5.17,118.56,54.16,60.91
H30335,H,59.73,25.06,18.85,67.12,5,92.46,5.25,106.26,51.6,61.81
M15782,M,62.98,29.26,18.1,54.37,5,92.76,5.39,132.4,59.29,57.77
M15783,M,62.44,27.72,16.25,57.29,5,93.5,5.47,119.06,56.64,59.12
L48104,L,57.04,23.54,16.4,78.23,4,93.44,5.55,91.2,49.24,62.64
H30339,H,59.68,24.52,11.5,68.89,3,95.4,5.6,94.26,51.08,62.11
L48106,L,63.48,46.1,46.75,45.55,7,81.3,8.73,138.64,85.34,35.19
H30341,H,56.68,13.1,3.0,63.25,4,98.8,0.0,132.72,23.48,87.96
L48108,L,48.79,5.88,2.25,94.51,5,99.1,0.13,82.78,10.7,94.16
L48109,L,56.56,13.34,7.35,64.28,7,97.06,0.19,130.58,24.14,86.82
M15790,M,56.12,12.54,6.45,66.38,5,97.42,0.24,123.66,22.79,87.48
L48111,L,54.92,10.01,4.6,72.1,6,98.16,0.32,103.24,18.35,89.73
L48112,L,57.58,13.62,1.7,61.34,7,99.32,0.37,127.26,24.89,86.64
L48113,L,54.24,10.58,3.8,74.56,3,98.48,0.43,106.34,19.51,89.01
M15794,M,58.24,14.14,1.9,59.23,4,99.24,0.48,128.12,25.95,85.87
M15795,M,53.75,10.83,8.05,76.63,4,96.78,0.56,106.02,20.12,88.01
M15796,M,57.08,13.47,5.2,64.17,4,97.92,0.64,120.76,24.96,85.72
L48117,L,59.43,17.61,2.35,54.34,4,99.06,0.72,148.86,32.48,82.09
L48118,L,51.34,8.77,1.45,86.76,4,99.42,0.77,88.06,16.7,89.96
L48119,L,56.27,12.66,1.55,68.07,2,99.38,0.83,111.16,23.73,86.32
L48120,L,56.99,14.86,6.65,64.72,6,97.34,0.88,126.66,27.76,83.69
L48121,L,54.04,9.85,10.75,77.58,2,95.7,0.93,89.4,18.84,87.64
M15802,M,56.83,14.04,1.85,66.08,5,99.26,0.99,117.84,26.41,84.64
M15803,M,56.7,14.45,7.0,66.62,4,97.2,1.07,119.54,27.26,83.54
M15804,M,53.37,10.56,10.15,80.32,5,95.94,1.15,91.24,20.39,86.49
M15805,M,58.78,16.28,2.3,59.21,4,99.08,1.23,127.74,30.74,81.95
L48126,L,59.74,17.62,6.45,55.54,3,97.42,1.31,135.34,33.24,80.12
L48127,L,57.75,15.2,10.55,63.8,7,95.78,1.36,117.56,28.98,81.73
M15808,M,57.84,15.62,10.65,63.49,6,95.74,1.41,119.52,29.78,81.22
L48129,L,54.87,12.66,9.8,75.47,6,96.08,1.49,98.12,24.58,83.74
L48130,L,58.01,15.26,2.9,63.57,3,98.84,1.55,113.48,29.33,81.95
H30365,H,56.84,13.75,7.0,68.58,2,97.2,1.6,101.78,26.68,82.76
L48132,L,57.88,17.42,3.25,63.69,3,98.7,1.73,126.76,33.44,79.49
L48133,L,55.0,13.56,6.35,75.72,5,97.46,1.79,98.6,26.58,82.5
H30368,H,58.49,16.14,9.45,62.63,5,96.22,1.84,113.28,31.28,79.74
L48135,L,51.41,11.14,12.7,89.98,4,94.92,1.97,80.02,22.48,83.54
H30370,H,55.53,14.13,7.8,74.54,6,96.88,2.03,97.04,27.9,81.22
M15817,M,59.24,16.51,8.05,61.1,5,96.78,2.16,107.94,32.33,78.71
L48138,L,59.16,18.62,4.2,60.64,5,98.32,2.24,123.18,36.22,76.99
L48139,L,57.68,15.68,6.3,67.41,4,97.48,2.29,100.5,31.02,79.27
L48140,L,57.31,16.52,6.4,68.44,2,97.44,2.35,106.48,32.58,78.37
L48141,L,57.97,17.32,10.5,65.99,7,95.8,2.4,110.86,34.1,77.1
M15822,M,58.22,18.16,9.6,64.92,6,96.16,2.45,116.0,35.67,76.3
L48143,L,56.26,15.5,9.75,73.3,5,96.1,2.53,95.62,31.0,78.46
L48144,L,54.63,14.31,9.85,79.69,2,96.06,2.59,87.14,28.94,79.37
L48145,L,58.02,19.55,6.95,65.63,3,97.22,2.64,123.16,38.39,74.83
M15826,M,56.15,16.13,6.05,73.98,6,97.58,2.69,97.22,32.34,77.84
M15827,M,57.82,17.97,5.2,67.61,7,97.92,2.77,107.84,35.73,76.07
L48148,L,57.69,18.78,11.35,67.96,6,95.46,2.85,112.74,37.3,74.51
L48149,L,59.72,18.97,8.45,61.11,7,96.62,2.91,110.24,37.7,74.49
L48150,L,57.51,17.66,11.55,69.57,5,95.38,2.96,101.56,35.41,75.22
L48151,L,57.73,19.32,9.65,68.19,5,96.14,3.01,113.34,38.45,73.78
L48152,L,56.52,18.0,5.75,73.2,6,97.7,3.07,103.28,36.16,75.21
L48153,L,56.07,16.96,11.85,75.47,3,95.26,3.12,94.38,34.37,75.39
L48154,L,58.58,18.32,11.95,66.39,4,95.22,3.17,100.62,36.87,74.02
M15835,M,56.94,18.88,7.05,71.96,6,97.18,3.23,106.16,37.94,73.87
M15836,M,60.46,22.74,10.2,58.23,5,95.92,3.31,130.44,44.97,69.88
L48157,L,52.91,15.41,13.35,88.14,3,94.66,3.39,80.34,31.93,75.93
M15838,M,58.66,20.9,8.45,65.85,7,96.62,3.44,115.12,41.83,71.36
L48159,L,60.74,23.88,11.6,57.51,5,95.36,3.52,134.38,47.29,68.16
L48160,L,60.51,21.42,7.7,59.74,7,96.92,3.57,113.78,42.94,70.62
L48161,L,56.99,18.66,11.8,73.42,3,95.28,3.63,95.3,38.05,72.54
L48162,L,59.08,20.82,14.9,65.39,2,94.04,3.68,108.52,41.99,70.16
L48163,L,58.99,19.92,13.0,66.34,7,94.8,3.73,100.32,40.46,71.0
L48164,L,60.61,23.51,13.1,59.2,2,94.76,3.79,125.58,46.95,67.64
L48165,L,55.88,17.84,10.2,78.48,6,95.92,3.84,85.56,36.87,72.87
H30400,H,57.54,19.8,12.3,72.0,4,95.08,3.89,97.76,40.45,70.76
M15847,M,59.2,20.53,10.55,66.44,4,95.78,4.03,98.28,41.92,69.93
H30402,H,55.8,18.8,10.7,79.3,3,95.72,4.11,87.28,38.91,71.26
M15849,M,50.93,17.3,15.95,97.3,2,93.62,4.24,78.98,36.39,71.73
L48170,L,61.28,25.04,16.1,58.18,4,93.56,4.32,124.88,50.36,64.57
M15851,M,59.75,23.62,16.2,64.34,7,93.52,4.37,114.46,47.9,65.69
L48172,L,57.98,22.28,12.35,71.41,2,95.06,4.45,104.42,45.6,67.06
M15853,M,60.46,22.52,12.45,62.99,7,95.02,4.51,101.7,46.09,66.69
M15854,M,65.16,29.61,10.6,43.6,5,95.76,4.59,150.16,58.9,60.31
L48175,L,59.46,22.95,10.75,66.82,4,95.7,4.67,102.92,47.07,66.06
M15856,M,63.59,26.94,15.85,50.83,4,93.66,4.72,127.92,54.28,61.84
M15857,M,61.35,25.88,10.0,59.36,2,96.0,4.8,120.72,52.48,63.16
M15858,M,52.35,19.49,9.15,93.8,2,96.34,4.88,80.22,41.14,68.76
L48179,L,59.88,23.18,11.3,66.41,3,95.48,4.96,97.6,47.85,65.02
L48180,L,58.57,22.44,11.4,71.48,4,95.44,5.01,92.28,46.59,65.54
L48181,L,58.51,23.42,9.5,71.39,6,96.2,5.07,99.04,48.43,64.7
L48182,L,58.8,24.11,16.6,70.24,6,93.36,5.12,102.92,49.72,63.24
L48183,L,61.8,27.2,18.7,58.6,3,92.52,5.17,122.28,55.32,60.12
H30418,H,62.15,26.18,16.8,58.11,6,93.28,5.23,112.48,53.57,61.08
L48185,L,62.92,29.08,16.05,54.56,6,93.58,5.36,131.64,58.94,58.21
L48186,L,62.52,29.59,11.15,55.86,6,95.54,5.41,135.06,59.92,58.1
M15867,M,53.23,7.78,7.0,77.76,2,97.2,0.0,94.86,13.94,92.33
L48188,L,56.12,10.66,7.15,66.72,2,97.14,0.08,112.22,19.22,89.52
M15869,M,56.99,11.4,1.25,63.55,4,99.5,0.13,115.7,20.6,89.31
M15870,M,54.65,9.34,6.4,72.93,3,97.44,0.21,100.64,17.01,90.43
M15871,M,56.21,11.58,4.55,66.76,7,98.18,0.29,114.62,21.13,88.39
M15872,M,56.56,10.74,4.7,66.28,7,98.12,0.37,105.66,19.73,88.92
M15873,M,53.95,8.78,4.85,76.56,4,98.06,0.45,91.78,16.32,90.45
L48194,L,56.57,12.05,10.0,66.22,6,96.0,0.53,112.5,22.28,86.8
L48195,L,57.92,12.66,4.1,61.47,7,98.36,0.59,114.32,23.44,86.7
M15876,M,58.52,33.99,34.2,48.95,5,86.32,3.64,162.98,57.16,60.72
L48197,L,53.99,10.06,10.35,76.82,3,95.86,0.72,95.94,18.95,88.05
L48198,L,59.08,16.97,3.45,56.06,2,98.62,0.77,143.02,31.4,82.41
L48199,L,57.58,15.66,9.55,62.07,3,96.18,0.83,133.36,29.11,82.84
L48200,L,58.02,17.07,5.65,60.07,2,97.74,0.88,142.84,31.71,81.82
M15881,M,56.89,13.42,2.75,65.99,5,98.9,0.93,114.08,25.25,85.23
L48202,L,56.09,12.16,3.9,69.67,6,98.44,1.01,103.3,23.09,86.04
L48203,L,50.82,9.28,4.0,89.41,3,98.4,1.07,86.22,17.98,88.48
L48204,L,53.36,10.84,2.1,80.13,5,99.16,1.12,94.02,20.84,87.13
L48205,L,56.85,12.77,2.2,67.36,7,99.12,1.17,103.5,24.38,85.24
L48206,L,56.37,12.88,5.3,69.16,2,97.88,1.23,103.84,24.65,84.69
M15887,M,59.01,16.46,9.4,58.52,5,96.24,1.28,127.7,31.14,80.93
L48208,L,57.11,14.06,3.55,66.57,3,98.58,1.36,109.24,26.92,83.46
M15889,M,57.09,13.04,10.65,67.33,2,95.74,1.41,99.94,25.17,83.52
L48210,L,53.07,11.58,3.8,82.21,4,98.48,1.49,92.0,22.65,85.31
L48211,L,56.2,13.66,11.9,70.62,5,95.24,1.55,103.18,26.46,82.49
L48212,L,54.82,13.3,4.0,75.75,7,98.4,1.6,100.96,25.87,83.46
H30447,H,56.21,14.46,8.1,70.57,3,96.76,1.65,107.12,28.02,81.87
M15894,M,50.51,10.14,12.35,92.83,3,95.06,1.79,77.36,20.44,84.97
L48215,L,58.68,17.7,5.5,61.3,3,97.8,1.87,124.86,34.1,78.67
M15896,M,54.65,13.61,7.6,77.4,2,96.96,1.92,96.48,26.84,81.98
H30451,H,56.02,14.78,11.75,72.41,2,95.3,2.0,102.12,29.03,80.31
L48218,L,57.6,16.68,11.0,66.56,3,95.6,2.13,112.16,32.6,78.33
L48219,L,57.28,15.76,5.1,68.32,4,97.96,2.19,104.08,31.03,79.6
L48220,L,57.66,17.7,6.2,66.25,4,97.52,2.24,117.84,34.56,77.62
L48221,L,53.25,13.16,13.3,83.87,4,94.68,2.29,86.38,26.49,80.84
L48222,L,57.2,16.39,12.4,68.9,2,95.04,2.35,105.64,32.36,77.89
L48223,L,58.87,18.5,5.5,62.3,6,97.8,2.4,119.02,36.21,76.54
L48224,L,57.75,18.26,9.6,66.47,4,96.16,2.45,117.44,35.85,76.21
H30459,H,59.4,20.72,5.7,59.79,2,97.72,2.51,133.66,40.32,74.25
L48226,L,60.6,19.87,9.95,56.61,2,96.02,2.64,122.22,38.97,74.24
M15907,M,58.58,21.23,14.05,63.08,3,94.38,2.69,134.68,41.48,72.47
L48228,L,56.73,16.7,12.2,72.0,2,95.12,2.77,99.14,33.45,76.51
L48229,L,59.59,19.53,10.3,60.98,5,95.88,2.83,116.7,38.6,74.02
L48230,L,55.92,15.84,9.4,75.63,3,96.24,2.88,91.02,32.05,77.27
L48231,L,57.65,18.23,10.5,68.69,2,95.8,2.93,106.52,36.4,74.89
L48232,L,52.32,14.94,6.6,88.88,4,97.36,2.99,86.34,30.57,78.08
M15913,M,57.18,17.15,14.7,71.28,4,94.12,3.04,96.14,34.6,75.15
H30468,H,56.83,16.98,5.85,72.86,5,97.66,3.12,93.54,34.41,75.97
L48235,L,59.12,19.61,6.1,64.19,4,97.56,3.25,108.4,39.28,73.24
L48236,L,57.94,19.8,9.2,68.35,3,96.32,3.31,110.3,39.68,72.62
L48237,L,57.89,19.18,14.3,69.06,6,94.28,3.36,104.26,38.65,72.53
L48238,L,57.48,18.07,10.4,71.22,7,95.84,3.41,94.7,36.72,73.77
M15919,M,53.63,15.73,8.5,85.84,5,96.6,3.47,80.08,32.59,75.92
H30474,H,60.26,24.09,9.65,59.16,6,96.14,3.55,136.08,47.69,68.1
L48241,L,60.47,23.56,11.9,59.22,3,95.24,3.68,128.6,46.92,67.99
L48242,L,61.23,23.45,16.0,56.87,3,93.6,3.73,125.44,46.78,67.54
M15923,M,57.04,19.56,15.1,73.42,2,93.96,3.79,98.88,39.87,70.98
M15924,M,60.84,22.67,12.25,59.11,6,95.1,3.87,116.78,45.56,68.26
L48245,L,56.44,18.14,12.4,76.83,4,95.04,3.95,84.76,37.53,72.1
M15926,M,59.03,22.08,13.5,66.16,7,94.6,4.0,111.48,44.65,68.32
L48247,L,60.25,23.66,7.65,61.47,6,96.94,4.08,120.72,47.6,67.27
L48248,L,61.36,24.33,8.75,57.54,5,96.5,4.13,123.28,48.85,66.43
M15929,M,54.93,18.71,10.85,82.64,6,95.66,4.19,86.0,38.86,71.11
M15930,M,60.3,22.1,12.0,62.8,2,95.2,4.27,103.94,45.04,67.75
L48251,L,61.15,25.32,16.15,58.59,3,93.54,4.35,126.7,50.9,64.24
M15932,M,61.37,24.75,15.25,58.32,4,93.9,4.4,120.68,49.96,64.7
L48253,L,61.46,25.32,16.4,58.04,7,93.44,4.48,123.28,51.07,63.87
L48254,L,58.89,21.52,14.5,68.99,6,94.2,4.53,95.3,44.34,67.31
H30489,H,62.58,27.38,15.6,53.56,3,93.76,4.59,135.9,54.92,61.81
L48256,L,58.25,23.14,16.85,71.08,2,93.26,4.72,104.86,47.47,65.14
L48257,L,59.85,23.44,8.95,65.63,5,96.42,4.77,103.94,48.09,65.51
H30492,H,58.33,22.18,14.05,71.71,7,94.38,4.83,94.72,45.89,66.0
L48259,L,57.39,22.01,15.3,75.55,4,93.88,4.96,91.62,45.75,65.68
L48260,L,56.82,22.04,16.4,77.68,3,93.44,5.01,91.48,45.88,65.39
L48261,L,60.56,25.25,13.5,63.42,3,94.6,5.07,110.82,51.7,62.67
H30496,H,62.09,25.31,16.6,58.34,3,93.36,5.12,108.0,51.87,62.16
L48263,L,58.42,23.84,18.85,72.23,2,92.46,5.25,98.26,49.4,62.91
M15944,M,61.17,27.7,18.95,61.05,2,92.42,5.31,124.16,56.39,59.3
L48265,L,62.9,45.26,44.1,46.62,6,82.36,8.39,140.5,83.39,37.12
L48266,L,61.94,28.57,12.2,58.46,5,95.12,5.44,127.1,58.12,58.84
H30501,H,60.64,40.43,48.3,57.24,7,80.68,8.49,102.58,74.87,40.75
M15948,M,56.74,10.98,7.0,64.11,2,97.2,0.0,115.64,19.67,89.46
M15949,M,47.87,4.62,1.15,98.09,5,99.54,0.08,75.16,8.37,95.54
L48270,L,55.87,10.83,3.3,67.78,3,98.68,0.16,112.08,19.61,89.54
L48271,L,56.18,12.24,0.4,66.23,5,99.84,0.21,121.74,22.21,88.43
M15952,M,52.78,8.8,0.5,79.85,6,99.8,0.27,97.7,16.11,91.36
M15953,M,56.39,10.84,0.65,66.73,6,99.74,0.35,107.26,19.87,89.31
L48274,L,57.77,12.38,6.8,61.51,4,97.28,0.43,115.88,22.73,87.1
L48275,L,37.94,18.76,30.9,126.67,2,87.64,3.48,73.02,29.66,75.12
L48276,L,53.15,10.55,9.0,78.72,3,96.4,0.53,105.2,19.59,88.24
H30511,H,57.33,13.84,7.1,62.93,4,97.16,0.59,124.54,25.54,85.34
M15958,M,55.67,11.64,6.35,70.23,4,97.46,0.72,106.22,21.77,87.04
M15959,M,56.48,13.38,9.5,66.91,7,96.2,0.8,117.24,24.99,84.95
H30514,H,53.32,10.14,4.65,79.68,2,98.14,0.88,93.9,19.29,88.13
H30515,H,54.75,11.44,9.9,74.63,2,96.04,1.01,99.34,21.79,86.09
L48282,L,58.69,17.14,3.15,58.78,6,98.74,1.15,136.54,32.18,81.3
M15963,M,55.94,13.28,11.25,70.36,3,95.5,1.2,108.2,25.32,83.82
L48284,L,58.22,14.52,11.4,62.19,3,95.44,1.28,113.18,27.64,82.48
M15965,M,53.26,10.75,11.5,81.32,6,95.4,1.33,88.68,20.96,85.7
L48286,L,56.18,13.89,4.65,70.06,5,98.14,1.41,108.0,26.69,83.36
M15967,M,56.6,14.92,3.75,68.29,3,98.5,1.47,114.5,28.62,82.38
L48288,L,56.85,16.09,10.9,67.16,7,95.64,1.55,121.68,30.81,80.41
L48289,L,56.14,13.58,9.0,71.06,6,96.4,1.6,101.34,26.37,82.72
L48290,L,60.06,18.08,11.1,55.56,5,95.56,1.65,130.84,34.52,78.32
H30525,H,58.08,17.42,5.2,62.89,3,97.92,1.71,127.04,33.39,79.37
M15972,M,59.42,19.42,11.45,57.79,6,95.42,1.84,138.2,37.15,76.6
M15973,M,53.11,12.21,12.6,83.4,4,94.96,1.92,87.4,24.33,82.74
H30528,H,56.84,15.35,5.75,69.32,2,97.7,2.0,105.6,30.06,80.4
M15975,M,49.17,11.18,6.0,98.26,5,97.6,2.13,79.74,22.74,83.76
L48296,L,57.85,16.02,4.15,66.34,6,98.34,2.21,104.74,31.52,79.4
L48297,L,57.38,16.98,6.25,67.66,7,97.5,2.27,111.86,33.31,78.19
L48298,L,58.61,17.41,7.35,63.45,6,97.06,2.32,112.46,34.15,77.55
L48299,L,60.17,21.9,13.45,56.05,7,94.62,2.37,145.0,42.26,72.78
H30534,H,55.66,15.03,12.55,75.18,2,94.98,2.43,95.08,30.02,78.88
L48301,L,58.65,17.73,9.8,64.09,2,96.08,2.56,109.58,35.03,76.38
L48302,L,57.51,17.46,9.9,68.32,2,96.04,2.61,107.82,34.63,76.47
H30537,H,59.83,38.58,42.0,50.01,2,83.2,5.67,152.32,67.95,50.49
M15984,M,61.84,40.65,35.25,42.58,7,85.9,5.8,163.16,71.84,48.96
M15985,M,60.23,21.49,6.4,58.0,7,97.44,2.88,130.3,42.18,72.51
L48306,L,55.5,16.58,14.55,77.01,4,94.18,2.96,95.72,33.48,75.88
M15987,M,56.06,17.14,6.65,75.03,7,97.34,3.01,98.24,34.55,76.03
M15988,M,53.66,15.58,10.8,84.36,3,95.68,3.09,87.26,31.86,76.8
L48309,L,55.97,16.92,14.95,76.04,3,94.02,3.17,93.0,34.36,74.98
L48310,L,60.06,21.3,11.05,60.0,7,95.58,3.23,121.26,42.29,71.3
L48311,L,59.02,18.19,6.15,65.36,5,97.54,3.28,96.58,36.77,74.44
L48312,L,62.25,25.35,6.25,50.88,4,97.5,3.33,148.22,49.67,67.87
M15993,M,60.17,22.14,14.35,59.83,7,94.26,3.39,124.16,43.98,69.8
M15994,M,60.15,23.08,10.5,59.76,4,95.8,3.47,129.92,45.77,69.13
L48315,L,58.65,20.44,11.65,66.53,4,95.34,3.55,109.1,41.15,71.17
L48316,L,58.39,20.33,7.75,67.69,7,96.9,3.6,107.34,41.01,71.52
L48317,L,57.05,18.39,13.85,73.46,4,94.46,3.65,92.46,37.6,72.51
L48318,L,60.28,21.52,11.95,60.99,3,95.22,3.71,111.9,43.28,69.75
M15999,M,58.39,19.6,15.05,68.65,5,93.98,3.76,97.98,39.92,71.02
M16000,M,61.16,22.72,8.2,57.89,5,96.72,3.84,117.3,45.6,68.7
L48321,L,57.61,19.66,8.35,71.92,6,96.66,3.92,95.9,40.22,71.21
L48322,L,60.76,22.9,16.45,59.7,3,93.42,3.97,116.26,46.09,67.36
L48323,L,60.0,21.88,14.55,63.01,5,94.18,4.03,107.98,44.34,68.32
L48324,L,62.73,44.52,43.65,42.54,7,82.54,7.08,164.12,80.39,41.28
L48325,L,59.05,20.72,12.75,67.29,6,94.9,4.13,97.66,42.4,69.26
L48326,L,59.46,23.11,7.85,64.9,3,96.86,4.19,114.98,46.74,67.47
M16007,M,57.17,19.12,9.95,74.94,5,96.02,4.24,85.0,39.66,70.69
L48328,L,62.24,27.46,10.1,53.67,6,95.96,4.32,142.96,54.71,62.99
L48329,L,60.87,22.74,8.2,60.93,2,96.72,4.37,105.92,46.33,67.27
L48330,L,60.79,25.78,10.3,59.91,6,95.88,4.43,129.12,51.84,64.2
L48331,L,62.39,25.36,13.4,54.82,2,94.64,4.48,122.4,51.16,64.12
L48332,L,60.17,23.17,15.5,63.76,2,93.8,4.53,106.74,47.3,65.73
H30567,H,61.09,25.16,16.6,59.82,7,93.36,4.59,120.16,50.93,63.7
L48334,L,58.65,21.64,16.85,70.48,3,93.26,4.72,92.32,44.78,66.49
H30569,H,55.5,21.14,11.95,81.73,3,95.22,4.77,91.52,43.97,67.27
H30570,H,62.09,24.9,15.2,57.75,3,93.92,4.91,109.48,50.86,63.24
L48337,L,59.63,24.42,13.45,66.94,4,94.62,5.04,106.06,50.18,63.49
L48338,L,61.83,27.2,11.55,58.2,5,95.38,5.09,124.12,55.24,61.04
L48339,L,59.37,24.34,10.65,68.28,7,95.74,5.15,103.38,50.17,63.56
H30574,H,56.16,21.55,18.75,80.92,3,92.5,5.2,84.28,45.24,65.11
L48341,L,63.85,46.3,42.0,42.65,3,83.2,8.33,148.72,85.19,36.54
L48342,L,62.68,45.44,42.1,47.28,2,83.16,8.39,142.2,83.7,37.17
L48343,L,63.22,28.1,11.2,54.3,2,95.52,5.44,121.54,57.27,59.36
L48344,L,57.65,24.06,17.3,75.67,4,93.08,5.49,95.68,50.1,62.23
L48345,L,61.6,25.29,14.4,61.7,5,94.24,5.55,98.94,52.38,61.28
M16026,M,61.38,26.22,17.5,62.19,6,93.0,5.6,105.52,54.12,59.99
L48347,L,63.57,45.16,41.65,45.52,5,83.34,8.68,132.24,83.59,36.68
L48348,L,60.4,26.4,12.75,66.0,5,94.9,5.73,105.28,54.61,59.95
L48349,L,63.79,28.28,14.85,53.61,5,94.06,5.79,114.5,58.05,57.91
M16030,M,57.04,23.6,10.95,79.35,3,95.62,5.84,85.06,49.72,62.37
H30585,H,61.58,28.11,13.1,61.79,4,94.76,5.92,113.14,57.91,57.89
L48352,L,62.76,27.31,18.35,58.64,3,92.66,6.05,102.12,56.65,57.74
H30587,H,61.18,28.02,12.45,63.94,6,95.02,6.11,108.78,57.99,57.55
M16034,M,57.32,11.1,0.0,62.05,5,100.0,0.0,115.84,19.9,90.05
M16035,M,54.12,9.69,4.15,74.06,5,98.34,0.08,107.16,17.47,90.69
M16036,M,56.38,10.98,9.3,65.96,7,96.28,0.16,112.58,19.88,88.81
M16037,M,53.93,10.57,4.45,74.92,4,98.22,0.24,110.88,19.25,89.45
L48358,L,57.01,16.06,1.6,61.87,2,99.36,0.32,148.76,29.19,84.6
L48359,L,56.45,11.97,1.7,66.06,5,99.32,0.37,115.62,21.93,88.12
H30594,H,55.2,10.18,0.8,71.46,4,99.68,0.43,101.82,18.79,89.67
L48361,L,57.56,14.7,8.05,61.6,4,96.78,0.56,131.78,27.07,84.54
L48362,L,57.17,13.86,7.15,63.57,5,97.14,0.61,124.4,25.63,85.24
L48363,L,55.73,12.12,9.25,69.59,6,96.3,0.67,111.26,22.58,86.45
L48364,L,56.02,14.04,6.35,67.83,5,97.46,0.72,124.94,26.07,84.89
L48365,L,56.17,13.94,6.45,67.58,2,97.42,0.77,122.82,25.98,84.82
L48366,L,57.31,14.43,9.55,63.63,6,96.18,0.83,123.94,26.92,83.93
M16047,M,55.84,12.14,3.65,70.03,6,98.54,0.88,106.44,22.88,86.44
L48368,L,58.59,15.9,4.8,59.0,3,98.08,0.96,130.98,29.73,82.74
M16049,M,52.03,9.91,3.9,84.74,6,98.44,1.01,90.88,19.06,88.05
L48370,L,56.98,13.8,10.05,66.1,6,95.98,1.09,113.4,26.13,83.74
M16051,M,52.44,10.44,5.15,83.58,5,97.94,1.15,91.52,20.17,87.11
M16052,M,57.55,14.6,3.3,64.25,6,98.68,1.23,116.02,27.74,83.35
L48373,L,58.87,16.62,11.45,59.04,5,95.42,1.31,128.54,31.45,80.52
M16054,M,56.6,14.86,5.55,67.92,4,97.78,1.36,116.34,28.35,82.55
M16055,M,58.13,16.3,4.7,62.25,5,98.12,1.44,123.96,31.04,81.13
M16056,M,56.98,13.24,8.85,68.03,5,96.46,1.52,99.26,25.65,83.25
M16057,M,57.83,16.7,4.0,63.7,2,98.4,1.6,124.02,31.97,80.42
H30612,H,56.23,14.16,4.15,70.77,2,98.34,1.68,104.14,27.52,82.46
M16059,M,50.24,10.54,3.4,93.68,2,98.64,1.81,80.38,21.2,85.43
M16060,M,58.32,19.66,4.55,61.67,2,98.18,1.89,140.4,37.64,76.94
L48381,L,55.09,16.17,3.7,74.82,2,98.52,1.97,115.16,31.49,79.94
M16062,M,59.56,18.93,3.8,58.28,3,98.48,2.03,129.9,36.51,77.31
H30617,H,58.85,18.22,5.95,61.39,4,97.62,2.11,123.4,35.34,77.52
L48384,L,57.38,15.34,12.2,68.38,2,95.12,2.24,99.42,30.35,79.12
L48385,L,59.63,20.5,5.3,58.3,6,97.88,2.29,136.42,39.67,75.05
H30620,H,60.46,20.42,10.4,55.69,2,95.84,2.35,133.36,39.57,74.48
M16067,M,56.9,16.16,10.65,70.57,5,95.74,2.48,101.26,32.13,77.91
L48388,L,58.21,18.7,12.8,65.1,3,94.88,2.56,117.98,36.78,75.21
H30623,H,42.97,11.16,11.9,121.42,4,95.24,2.61,77.4,23.33,81.92
L48390,L,57.72,17.99,5.15,67.85,4,97.94,2.75,108.74,35.74,76.12
H30625,H,59.54,20.12,13.25,60.74,3,94.7,2.8,122.12,39.63,73.26
L48392,L,60.52,22.92,6.5,56.49,3,97.4,2.93,140.18,44.82,71.07
M16073,M,57.79,18.69,5.6,68.21,2,97.76,2.99,108.82,37.29,74.82
M16074,M,55.8,17.45,7.75,75.97,3,96.9,3.07,99.88,35.18,75.5
L48395,L,55.67,16.54,11.9,77.18,6,95.24,3.15,90.98,33.65,75.69
L48396,L,58.57,19.85,13.0,65.78,3,94.8,3.2,112.28,39.65,72.48
L48397,L,59.48,20.64,6.1,62.43,2,97.56,3.25,116.1,41.12,72.32
M16078,M,55.95,17.6,6.2,76.3,5,97.52,3.31,95.44,35.74,74.9
M16079,M,61.06,20.61,14.35,57.54,2,94.26,3.39,110.74,41.25,71.17
L48400,L,57.95,17.75,13.5,69.97,6,94.6,3.47,90.34,36.22,73.61
M16081,M,60.6,22.16,15.6,58.87,5,93.76,3.52,120.78,44.19,69.3
L48402,L,60.69,25.55,6.75,57.18,2,97.3,3.6,145.98,50.37,66.94
L48403,L,59.4,22.98,13.85,63.11,2,94.46,3.65,126.04,45.84,68.39
L48404,L,55.51,17.55,14.95,79.38,6,94.02,3.71,86.66,36.16,73.01
H30639,H,59.52,21.66,12.05,63.77,2,95.18,3.76,112.84,43.59,69.48
L48406,L,59.72,22.3,11.3,63.25,2,95.48,3.89,114.76,44.93,68.62
L48407,L,60.74,22.36,7.4,59.92,6,97.04,3.95,112.64,45.1,68.81
M16088,M,58.46,21.55,11.5,68.38,2,95.4,4.0,108.06,43.71,68.99
L48409,L,62.61,25.62,7.65,52.39,7,96.94,4.08,133.08,51.1,65.53
M16090,M,54.29,18.27,14.75,84.86,6,94.1,4.13,84.6,38.01,71.25
M16091,M,58.4,22.82,15.9,68.79,7,93.64,4.21,113.48,46.25,66.86
L48412,L,60.0,22.16,14.05,63.92,6,94.38,4.29,104.2,45.17,67.42
M16093,M,62.04,26.94,8.15,54.73,5,96.74,4.35,138.48,53.81,63.59
H30648,H,46.47,16.78,12.3,113.61,7,95.08,4.43,76.8,35.7,72.06
H30649,H,58.06,21.53,15.55,71.94,2,93.78,4.56,95.88,44.39,67.13
H30650,H,62.5,25.73,10.8,55.08,5,95.68,4.69,120.38,52.08,63.49
M16097,M,60.57,23.8,10.05,63.2,7,95.98,4.83,104.64,48.8,64.94
M16098,M,59.02,22.87,10.2,69.32,7,95.92,4.91,97.5,47.23,65.55
H30653,H,61.04,24.78,15.35,61.71,4,93.86,4.99,108.24,50.76,63.11
L48420,L,58.95,23.18,11.6,70.21,6,95.36,5.12,95.32,48.07,64.57
M16101,M,59.23,23.62,9.7,69.24,5,96.12,5.17,97.22,48.91,64.23
L48422,L,61.54,26.86,18.85,59.97,2,92.46,5.25,118.16,54.82,60.2
M16103,M,62.13,29.27,16.95,56.96,2,93.22,5.31,135.44,59.21,58.09
L48424,L,57.94,23.26,19.1,74.67,2,92.36,5.39,91.32,48.54,63.05
M16105,M,60.01,24.67,10.2,67.06,5,95.92,5.44,98.56,51.13,62.53
H30660,H,59.15,24.88,17.35,70.21,4,93.06,5.52,99.66,51.62,61.41
L48427,L,61.34,27.68,18.6,61.81,7,92.56,5.65,116.06,56.81,58.43
L48428,L,61.75,27.17,17.7,60.86,2,92.92,5.71,110.18,55.95,58.84
L48429,L,62.13,26.48,10.8,60.11,5,95.68,5.76,102.94,54.79,60.01
L48430,L,61.0,26.47,15.9,64.22,2,93.64,5.81,103.18,54.83,59.37
M16111,M,63.82,29.78,16.0,53.06,6,93.6,5.87,124.58,60.83,56.25
L48432,L,61.38,28.22,16.15,62.54,2,93.54,5.95,113.66,58.13,57.43
L48433,L,57.95,14.32,6.0,58.29,5,97.6,0.0,140.78,25.68,86.56
H30668,H,56.25,12.51,3.1,65.24,6,98.76,0.05,127.4,22.49,88.34
H30669,H,56.56,13.24,8.35,64.33,7,96.66,0.19,129.78,23.96,86.81
M16116,M,55.02,10.39,1.6,71.56,2,99.36,0.32,106.1,19.02,89.69
L48437,L,56.11,11.95,3.75,67.32,2,98.5,0.4,115.32,21.93,87.86
L48438,L,56.74,13.96,3.85,64.37,5,98.46,0.45,129.34,25.6,85.91
M16119,M,58.94,13.64,5.95,57.18,3,97.62,0.51,122.6,25.1,85.84
L48440,L,55.42,10.21,5.1,71.3,4,97.96,0.59,98.16,19.05,88.79
H30675,H,50.29,8.22,8.2,90.14,3,96.72,0.64,88.1,15.55,90.13
H30676,H,53.89,10.57,9.45,77.12,2,96.22,0.77,98.96,19.93,87.54
L48443,L,57.64,16.94,5.7,61.53,3,97.72,0.91,141.8,31.52,81.85
M16124,M,45.44,6.8,3.8,108.75,4,98.48,0.96,76.26,13.42,90.99
L48445,L,55.49,12.05,3.95,71.88,5,98.42,1.04,102.56,22.91,86.07
L48446,L,54.46,11.98,6.05,75.66,5,97.58,1.09,102.26,22.86,85.78
M16127,M,55.75,13.12,6.15,70.89,4,97.54,1.15,108.38,24.96,84.61
L48448,L,56.61,15.13,8.3,67.24,2,96.68,1.23,121.52,28.68,82.38
L48449,L,57.09,14.29,7.4,66.2,5,97.04,1.28,112.94,27.24,83.08
M16130,M,59.93,20.48,8.5,53.56,5,96.6,1.33,157.32,38.39,77.29
H30685,H,56.9,14.36,5.65,67.32,7,97.74,1.41,110.8,27.54,82.84
H30686,H,56.01,14.16,8.9,71.02,6,96.44,1.55,107.44,27.36,82.34
L48453,L,58.56,17.09,10.15,61.3,2,95.94,1.68,124.34,32.77,79.24
H30688,H,56.68,15.25,9.25,68.88,4,96.3,1.73,111.0,29.54,80.84
M16135,M,59.28,17.5,10.5,59.35,5,95.8,1.87,122.44,33.74,78.35
M16136,M,54.55,14.44,5.65,77.43,6,97.74,1.95,102.66,28.36,81.36
M16137,M,58.79,17.7,7.8,61.55,5,96.88,2.03,121.16,34.31,78.01
L48458,L,59.02,19.55,7.95,60.13,6,96.82,2.11,133.76,37.71,76.14
M16139,M,57.15,16.51,11.05,68.3,5,95.58,2.16,110.82,32.33,78.41
H30694,H,57.38,16.0,9.2,68.05,7,96.32,2.24,104.62,31.52,78.84
H30695,H,58.9,20.7,10.45,61.0,7,95.82,2.37,137.14,40.11,74.15
L48462,L,57.32,16.55,10.7,69.03,4,95.72,2.51,103.12,32.84,77.5
L48463,L,60.14,19.03,13.8,58.28,5,94.48,2.56,117.92,37.36,74.82
L48464,L,48.61,26.66,38.9,94.32,4,84.44,5.61,73.66,46.53,61.62
M16145,M,58.29,18.42,5.0,65.39,3,98.0,2.67,113.24,36.41,75.96
L48466,L,57.07,18.31,6.15,69.94,6,97.54,2.75,112.24,36.32,75.73
L48467,L,59.5,18.77,14.25,61.56,3,94.3,2.8,111.38,37.21,74.37
M16148,M,59.24,20.61,10.35,61.74,2,95.86,2.85,125.22,40.57,72.97
M16149,M,56.5,16.85,7.5,73.32,2,97.0,2.93,97.1,33.93,76.42
L48470,L,59.59,20.49,10.65,61.2,2,95.74,3.01,120.18,40.56,72.63
M16151,M,56.07,16.3,7.75,75.6,4,96.9,3.07,90.3,33.11,76.53
M16152,M,53.35,15.39,11.9,85.71,6,95.24,3.15,84.96,31.59,76.72
H30707,H,57.61,18.03,8.05,70.08,3,96.78,3.23,98.44,36.42,74.53
L48474,L,59.15,20.16,12.3,64.22,3,95.08,3.36,110.32,40.4,71.85
L48475,L,60.43,23.82,10.4,58.19,4,95.84,3.41,136.64,47.03,68.62
L48476,L,57.31,18.92,13.5,71.59,6,94.6,3.47,100.62,38.33,72.55
L48477,L,60.18,21.16,11.6,60.82,4,95.36,3.52,113.36,42.4,70.6
M16158,M,61.47,24.12,9.7,55.09,5,96.12,3.57,134.06,47.78,68.0
M16159,M,59.89,21.01,7.85,62.4,6,96.86,3.65,109.56,42.3,70.76
L48480,L,61.96,25.45,14.0,53.37,5,94.4,3.73,140.44,50.36,65.95
L48481,L,59.68,19.56,7.1,64.37,7,97.16,3.79,95.26,39.87,71.78
L48482,L,59.42,22.94,7.2,63.78,4,97.12,3.84,121.5,46.01,68.6
L48483,L,58.2,22.3,7.3,68.5,7,97.08,3.89,116.86,44.93,69.02
L48484,L,50.91,16.74,11.4,96.53,3,95.44,3.95,81.16,35.02,73.46
L48485,L,57.17,19.6,11.5,73.8,2,95.4,4.0,94.24,40.22,70.74
L48486,L,59.92,22.51,12.6,63.1,6,94.96,4.05,112.54,45.5,67.88
L48487,L,60.91,22.84,16.7,59.73,7,93.32,4.11,112.66,46.17,67.03
L48488,L,56.21,18.73,16.8,78.14,2,93.28,4.16,85.0,38.86,70.57
L48489,L,57.67,20.42,14.9,72.49,5,94.04,4.21,95.28,41.95,69.11
L48490,L,60.0,25.35,8.0,62.23,4,96.8,4.27,130.36,50.86,65.24
L48491,L,58.76,20.51,11.1,69.1,4,95.56,4.32,92.14,42.25,69.12
L48492,L,60.48,23.77,13.2,61.76,4,94.72,4.37,114.66,48.16,65.85
L48493,L,62.2,27.51,12.3,54.2,4,95.08,4.43,140.98,54.93,62.45
M16174,M,58.24,22.06,14.4,70.72,6,94.24,4.48,101.7,45.24,66.98
L48495,L,60.01,24.93,17.55,63.54,4,92.98,4.56,120.4,50.48,63.88
L48496,L,60.26,23.02,16.65,63.84,6,93.34,4.61,103.54,47.12,65.55
L48497,L,61.47,25.58,8.75,58.61,4,96.5,4.67,121.16,51.77,63.91
M16178,M,59.29,22.48,11.85,67.86,4,95.26,4.72,98.24,46.3,66.22
L48499,L,54.33,20.5,15.0,86.2,6,94.0,4.8,87.38,42.85,67.48
M16180,M,60.05,24.08,9.1,64.96,5,96.36,4.85,107.0,49.34,64.71
L48501,L,62.73,28.05,16.25,54.08,7,93.5,4.93,133.24,56.55,60.23
H30736,H,61.48,27.44,14.35,58.88,5,94.26,4.99,128.84,55.51,60.83
L48503,L,62.95,28.28,13.6,53.91,4,94.56,5.12,130.62,57.21,59.8
M16184,M,64.73,49.14,45.7,37.58,5,81.72,8.17,173.86,90.08,34.04
H30739,H,60.1,24.96,13.85,65.87,7,94.46,5.25,104.94,51.42,62.4
L48506,L,62.52,27.78,16.1,56.66,2,93.56,5.39,121.22,56.65,59.29
L48507,L,56.72,23.02,19.2,79.19,5,92.32,5.44,89.88,48.18,63.11
M16188,M,58.16,23.68,14.3,74.11,5,94.28,5.49,91.98,49.43,62.87
H30743,H,59.07,24.32,10.45,70.99,5,95.82,5.57,94.06,50.68,62.47
L48510,L,58.74,24.67,11.7,72.46,2,95.32,5.71,94.32,51.47,61.68
H30745,H,57.71,23.98,10.8,76.56,7,95.68,5.76,89.02,50.3,62.25
L48512,L,56.44,23.68,14.05,81.56,4,94.38,5.89,85.36,49.94,61.84
M16193,M,61.01,26.69,18.15,64.56,6,92.74,5.95,101.96,55.4,58.59
L48514,L,63.91,45.36,44.3,45.57,2,82.28,9.03,125.5,84.37,35.33
L48515,L,63.89,46.69,44.4,45.2,5,82.24,9.08,135.02,86.83,33.98
L48516,L,60.86,26.55,14.5,65.88,3,94.2,6.13,96.86,55.39,58.59
H30751,H,53.52,9.0,4.0,76.15,2,98.4,0.0,104.26,16.13,91.53
L48518,L,52.1,7.2,4.25,82.45,3,98.3,0.13,88.82,13.07,92.77
M16199,M,52.93,8.44,0.35,79.18,2,99.86,0.19,96.36,15.36,91.91
L48520,L,54.46,9.88,0.5,73.51,6,99.8,0.27,103.98,18.04,90.4
M16201,M,58.03,13.58,9.6,59.61,7,96.16,0.32,127.56,24.76,86.02
M16202,M,54.22,9.45,3.75,75.08,4,98.5,0.4,97.92,17.45,90.1
L48523,L,53.15,9.62,7.9,78.99,7,96.84,0.48,98.92,17.84,89.33
L48524,L,51.27,8.82,5.0,86.04,5,98.0,0.53,93.98,16.5,90.19
L48525,L,51.41,8.28,1.1,86.06,4,99.56,0.59,88.28,15.6,90.92
L48526,L,55.41,10.4,8.2,71.45,6,96.72,0.64,98.46,19.45,88.18
L48527,L,52.79,8.91,8.3,81.4,2,96.68,0.69,88.94,16.84,89.36
L48528,L,58.0,13.62,5.4,61.34,4,97.84,0.75,118.26,25.35,85.29
L48529,L,57.49,13.88,7.5,63.16,6,97.0,0.8,119.84,25.89,84.71
L48530,L,57.06,14.44,2.6,64.58,4,98.96,0.85,123.72,26.96,84.55
L48531,L,55.83,13.65,8.7,69.43,2,96.52,0.91,117.9,25.61,84.51
M16212,M,54.82,11.2,10.8,74.3,6,95.68,0.96,98.56,21.3,86.35
M16213,M,57.15,15.14,3.95,64.63,6,98.42,1.04,125.08,28.47,83.29
L48534,L,58.84,15.36,11.1,59.02,7,95.56,1.12,122.68,28.95,82.17
M16215,M,53.85,12.4,4.2,77.85,4,98.32,1.17,104.62,23.71,85.38
L48536,L,55.23,13.11,9.35,73.1,7,96.26,1.25,106.66,25.09,84.01
L48537,L,57.21,15.34,4.45,65.38,5,98.22,1.31,120.62,29.17,82.36
M16218,M,53.89,12.06,11.55,78.62,6,95.38,1.36,97.66,23.34,84.46
L48539,L,58.19,16.9,6.7,61.75,7,97.32,1.44,128.68,32.11,80.39
H30774,H,53.84,11.38,4.8,79.66,3,98.08,1.49,89.34,22.3,85.39
M16221,M,57.61,15.36,9.05,65.22,2,96.38,1.63,112.96,29.59,81.05
L48542,L,56.84,15.42,3.2,68.14,5,98.72,1.71,112.74,29.81,81.36
L48543,L,58.12,18.93,4.3,62.18,7,98.28,1.76,137.86,36.17,77.97
L48544,L,56.25,13.72,4.4,71.44,5,98.24,1.81,97.52,26.89,82.49
L48545,L,54.71,13.98,8.5,76.81,5,96.6,1.87,100.52,27.42,81.71
M16226,M,59.25,19.96,5.6,58.42,4,97.76,1.92,140.96,38.22,76.49
M16227,M,56.24,15.38,7.75,71.36,2,96.9,2.0,106.62,30.1,80.17
H30782,H,54.48,13.02,10.9,78.89,5,95.64,2.08,88.36,25.97,81.76
M16229,M,57.94,17.02,12.15,65.54,2,95.14,2.21,112.62,33.31,77.7
L48550,L,58.46,16.88,10.3,64.11,7,95.88,2.29,109.02,33.17,77.8
M16231,M,57.88,16.72,11.4,66.39,4,95.44,2.35,107.3,32.94,77.7
M16232,M,56.84,17.73,5.55,69.79,6,97.78,2.43,115.06,34.86,77.16
M16233,M,59.94,22.27,4.7,57.16,3,98.12,2.51,145.32,43.1,72.97
L48554,L,57.31,16.96,9.85,69.17,7,96.06,2.59,104.66,33.69,77.0
M16235,M,57.73,17.2,8.95,67.8,5,96.42,2.64,104.76,34.18,76.74
M16236,M,57.84,15.96,13.1,68.37,3,94.76,2.72,92.94,32.06,77.22
L48557,L,58.89,20.08,13.25,63.01,5,94.7,2.8,122.62,39.54,73.3
H30792,H,59.03,19.78,7.35,62.86,4,97.06,2.85,118.9,39.09,74.01
L48559,L,56.78,17.66,6.6,72.17,2,97.36,2.99,102.0,35.45,75.64
L48560,L,54.43,16.05,8.7,81.28,5,96.52,3.04,91.12,32.62,76.74
M16241,M,57.44,18.2,14.8,70.05,6,94.08,3.09,103.06,36.56,74.05
L48562,L,56.51,17.1,6.95,74.1,7,97.22,3.17,93.66,34.68,75.62
M16243,M,61.26,21.93,13.05,55.58,6,94.78,3.23,124.62,43.41,70.54
L48564,L,59.12,20.87,15.2,63.76,5,93.92,3.31,117.28,41.61,71.06
M16245,M,57.45,19.1,7.3,70.6,4,97.08,3.36,104.26,38.52,73.29
L48566,L,59.84,20.32,9.45,62.09,6,96.22,3.44,108.9,40.79,71.78
L48567,L,54.4,17.01,8.55,82.65,3,96.58,3.49,88.66,34.92,74.7
H30802,H,59.29,21.96,13.65,63.57,2,94.54,3.55,120.42,43.88,69.6
L48569,L,58.83,21.74,14.9,65.78,3,94.04,3.68,116.26,43.64,69.33
L48570,L,60.69,24.9,10.0,58.0,4,96.0,3.73,137.78,49.38,66.85
L48571,L,41.43,28.56,45.1,122.57,7,81.96,6.79,72.34,51.42,56.21
M16252,M,59.58,23.17,11.2,63.12,3,95.52,3.84,123.08,46.41,67.99
L48573,L,58.21,20.08,15.35,69.66,4,93.86,3.92,98.48,40.98,70.13
L48574,L,59.25,22.92,15.45,64.89,6,93.82,3.97,118.54,46.13,67.44
L48575,L,60.4,22.01,9.55,61.6,3,96.18,4.03,108.44,44.56,68.71
L48576,L,60.01,22.04,11.65,63.13,5,95.34,4.08,108.06,44.69,68.33
L48577,L,58.81,21.95,9.75,67.47,4,96.1,4.13,107.78,44.6,68.46
L48578,L,60.29,24.21,11.85,61.49,2,95.26,4.19,122.64,48.72,66.08
L48579,L,59.46,23.6,8.95,64.85,3,96.42,4.24,117.66,47.68,66.78
H30814,H,61.95,28.56,14.05,54.02,3,94.38,4.29,152.72,56.64,61.69
H30815,H,59.68,22.7,12.3,65.25,6,95.08,4.43,106.04,46.32,66.75
M16262,M,63.02,27.88,12.55,51.71,6,94.98,4.56,139.86,55.77,61.74
L48583,L,62.25,25.92,11.7,55.64,6,95.32,4.64,123.44,52.36,63.37
M16264,M,59.65,24.23,8.8,65.64,4,96.48,4.69,112.3,49.4,65.04
L48585,L,62.08,25.0,9.95,57.2,4,96.02,4.77,113.28,50.87,64.02
L48586,L,61.44,26.48,17.05,58.86,3,93.18,4.83,124.84,53.6,61.84
L48587,L,59.73,23.09,17.15,66.66,2,93.14,4.88,98.88,47.59,64.73
L48588,L,61.42,27.02,18.25,59.09,3,92.7,4.93,126.84,54.71,60.95
L48589,L,61.27,25.58,12.35,60.51,4,95.06,4.99,114.32,52.2,62.69
M16270,M,61.29,28.42,12.45,59.24,5,95.02,5.04,135.78,57.35,60.0
L48591,L,54.47,21.21,12.6,86.6,3,94.96,5.12,85.68,44.53,66.24
M16272,M,62.23,28.82,14.7,56.34,6,94.12,5.17,134.7,58.23,59.07
M16273,M,60.67,24.94,9.85,63.93,2,96.06,5.25,103.96,51.37,62.82
M16274,M,60.15,26.52,16.0,65.24,3,93.6,5.33,115.6,54.32,60.57
L48595,L,59.56,24.49,10.15,68.6,3,95.94,5.41,98.34,50.78,62.77
M16276,M,52.84,20.95,14.25,93.68,3,94.3,5.47,78.06,44.5,65.39
L48597,L,60.81,26.26,17.4,63.92,2,93.04,5.55,107.82,54.13,60.1
L48598,L,64.09,28.65,16.5,51.68,7,93.4,5.6,121.2,58.47,57.91
L48599,L,63.65,45.28,49.6,45.06,7,80.16,8.65,133.68,83.77,35.85
M16280,M,61.66,25.92,12.7,61.79,7,94.92,5.71,100.3,53.71,60.46
L48601,L,60.38,25.31,10.85,66.8,5,95.66,5.79,95.38,52.72,60.98
L48602,L,54.73,8.88,2.0,72.06,4,99.2,0.0,101.6,15.91,91.85
L48603,L,54.66,8.51,6.1,72.7,5,97.56,0.05,97.58,15.32,91.62
L48604,L,55.84,12.02,4.2,67.09,7,98.32,0.11,122.84,21.68,88.53
L48605,L,57.44,13.98,0.3,60.81,3,99.88,0.16,135.12,25.26,87.02
M16286,M,53.63,9.29,2.4,76.46,7,99.04,0.21,101.64,16.92,90.87
L48607,L,57.04,10.96,8.55,64.22,5,96.58,0.29,108.48,20.01,88.55
L48608,L,54.57,9.46,7.65,73.67,3,96.94,0.35,98.76,17.41,89.84
M16289,M,56.26,12.15,4.75,66.72,5,98.1,0.4,116.72,22.29,87.58
L48610,L,57.48,13.76,5.9,62.02,2,97.64,0.48,126.16,25.28,85.81
M16291,M,57.17,11.95,9.0,64.23,7,96.4,0.53,110.88,22.1,86.98
L48612,L,56.78,12.54,6.15,65.58,2,97.54,0.61,114.34,23.26,86.53
L48613,L,57.91,13.0,2.25,61.65,2,99.1,0.67,115.26,24.15,86.37
M16294,M,57.77,14.56,1.35,61.57,3,99.46,0.72,126.74,27.01,84.92
H30849,H,55.69,12.92,8.5,69.84,3,96.6,0.8,114.72,24.18,85.46
H30850,H,56.07,13.85,7.75,68.58,2,96.9,0.93,118.6,26.01,84.35
H30851,H,57.26,29.5,33.0,57.2,5,86.8,4.07,119.18,49.65,63.74
L48618,L,56.78,13.38,4.25,67.41,7,98.3,1.2,107.84,25.5,84.43
M16299,M,56.08,13.01,4.35,70.2,7,98.26,1.25,104.68,24.91,84.6
M16300,M,53.16,10.92,10.5,81.59,3,95.8,1.33,90.22,21.28,85.64
L48621,L,56.03,13.94,3.65,70.53,3,98.54,1.41,108.6,26.78,83.42
M16302,M,57.02,14.02,10.75,67.29,3,95.7,1.47,106.72,27.0,82.49
L48623,L,55.42,14.19,7.9,73.0,6,96.84,1.55,108.44,27.4,82.42
L48624,L,57.3,14.27,7.0,66.71,5,97.2,1.6,105.34,27.62,82.29
L48625,L,55.31,12.26,4.1,74.77,7,98.36,1.65,90.76,24.08,84.25
M16306,M,55.23,14.07,6.2,74.37,7,97.52,1.71,104.16,27.39,82.27
M16307,M,54.82,13.76,6.35,76.22,3,97.46,1.79,100.44,26.93,82.32
M16308,M,54.98,13.35,6.5,76.18,6,97.4,1.87,95.14,26.3,82.47
H30863,H,54.78,13.54,5.65,77.08,6,97.74,1.95,95.14,26.74,82.17
M16310,M,58.28,16.22,7.9,64.24,6,96.84,2.08,108.74,31.71,79.2
L48631,L,52.78,12.83,10.05,85.14,4,95.98,2.16,87.42,25.74,81.8
L48632,L,56.44,15.24,10.15,71.58,2,95.94,2.21,100.48,30.13,79.49
L48633,L,58.45,17.02,7.25,63.99,6,97.1,2.27,110.8,33.4,78.04
L48634,L,58.83,18.68,7.35,62.06,6,97.06,2.32,122.36,36.44,76.4
L48635,L,59.56,20.37,9.45,58.91,2,96.22,2.37,133.64,39.53,74.54
L48636,L,57.88,18.03,11.55,66.04,2,95.38,2.43,116.02,35.4,76.29
L48637,L,58.32,18.04,13.65,64.73,4,94.54,2.48,114.3,35.49,75.93
L48638,L,60.0,21.1,9.75,57.65,7,96.1,2.53,135.28,41.04,73.44
L48639,L,58.49,16.78,13.85,65.21,3,94.46,2.59,101.64,33.37,76.75
L48640,L,59.06,19.87,12.95,61.91,2,94.82,2.64,124.34,38.97,73.94
L48641,L,58.33,19.36,7.05,64.87,3,97.18,2.69,120.02,38.12,74.85
L48642,L,55.26,15.14,9.15,77.73,4,96.34,2.75,89.32,30.63,78.28
L48643,L,56.76,18.27,6.25,71.21,7,97.5,2.8,111.14,36.32,75.62
L48644,L,59.66,20.13,8.35,60.53,3,96.66,2.85,120.84,39.72,73.6
L48645,L,57.77,18.94,14.45,67.83,4,94.22,2.91,112.72,37.65,73.92
L48646,L,60.46,21.51,10.55,57.5,4,95.78,2.96,128.3,42.31,71.87
L48647,L,57.92,16.59,14.65,68.9,6,94.14,3.01,91.28,33.57,75.73
M16328,M,59.8,20.42,13.75,60.74,2,94.5,3.07,118.18,40.51,72.24
L48649,L,58.75,19.84,6.9,64.93,7,97.24,3.15,113.14,39.56,73.24
L48650,L,59.69,20.25,15.0,61.72,3,94.0,3.2,113.94,40.36,71.92
L48651,L,59.98,23.16,14.1,59.47,5,94.36,3.25,135.62,45.65,69.26
M16332,M,59.79,21.04,13.2,61.38,7,94.72,3.31,117.76,41.92,71.1
M16333,M,61.67,22.38,6.35,54.56,2,97.46,3.39,124.1,44.43,70.38
M16334,M,61.02,25.88,8.5,55.36,6,96.6,3.47,151.12,50.79,66.82
M16335,M,58.88,19.49,13.65,66.2,4,94.54,3.55,101.18,39.44,71.82
L48656,L,56.45,17.96,7.8,75.62,2,96.88,3.63,90.44,36.79,73.57
L48657,L,58.29,19.94,12.9,68.53,7,94.84,3.68,102.6,40.42,71.14
L48658,L,58.38,20.15,12.0,68.32,3,95.2,3.73,102.96,40.86,70.9
L48659,L,61.54,22.31,14.1,56.6,2,94.36,3.79,114.7,44.8,68.62
M16340,M,51.4,16.2,12.2,94.7,3,95.12,3.84,78.52,33.91,74.15
M16341,M,62.02,26.81,16.35,53.19,6,93.46,3.92,147.04,53.04,64.01
M16342,M,60.43,25.12,7.5,59.84,2,97.0,4.0,133.96,50.12,66.19
L48663,L,58.62,21.14,16.65,68.33,3,93.34,4.08,102.76,43.08,68.64
M16344,M,58.92,22.2,10.75,67.0,4,95.7,4.13,109.64,45.05,68.14
M16345,M,52.98,17.46,11.9,90.07,4,95.24,4.21,78.12,36.66,72.05
M16346,M,59.65,21.53,15.05,65.44,7,93.98,4.29,99.68,44.05,67.88
L48667,L,61.12,25.24,9.2,58.83,6,96.32,4.37,125.58,50.81,64.93
L48668,L,59.16,22.36,10.3,67.22,5,95.88,4.43,103.96,45.7,67.27
M16349,M,56.96,20.09,9.4,76.1,5,96.24,4.48,87.66,41.7,69.25
L48670,L,62.61,24.63,13.55,54.74,5,94.58,4.56,114.42,49.94,64.55
M16351,M,62.5,25.39,15.65,54.96,5,93.74,4.61,119.46,51.37,63.52
M16352,M,60.75,43.7,42.8,52.1,3,82.88,7.69,146.58,79.72,40.47
L48673,L,60.6,25.54,15.95,62.03,5,93.62,4.77,119.72,51.85,62.93
M16354,M,62.39,26.6,17.05,55.55,7,93.18,4.83,124.54,53.82,61.73
H30909,H,62.39,25.87,9.2,56.22,5,96.32,4.91,116.86,52.61,62.96
L48676,L,64.21,47.47,45.45,39.66,7,81.82,8.04,164.16,86.91,35.92
L48677,L,59.02,23.86,15.55,69.52,2,93.78,5.09,101.18,49.23,63.64
L48678,L,56.74,22.24,17.65,78.38,7,92.94,5.15,90.2,46.41,64.74
M16359,M,50.75,19.68,18.75,100.46,4,92.5,5.2,76.72,41.88,66.79
M16360,M,52.36,20.19,14.9,94.96,5,94.04,5.28,76.82,42.9,66.5
M16361,M,62.13,28.13,12.05,57.74,6,95.18,5.36,125.12,57.23,59.46
L48682,L,61.84,28.37,10.2,58.91,2,95.92,5.44,125.64,57.77,59.22
L48683,L,57.41,23.03,13.3,77.04,2,94.68,5.49,87.82,48.26,63.55
L48684,L,61.32,28.39,17.4,61.1,2,93.04,5.55,124.12,57.94,58.2
L48685,L,59.64,25.98,13.5,68.31,4,94.6,5.6,105.92,53.68,60.61
L48686,L,59.93,25.38,15.6,67.81,4,93.76,5.65,99.6,52.69,60.79
M16367,M,63.39,31.04,19.7,53.28,5,92.12,5.71,138.92,62.9,55.17
M16368,M,61.58,26.68,16.85,62.01,3,93.26,5.79,104.74,55.19,59.15
L48689,L,62.8,42.03,48.0,50.44,3,80.8,8.87,103.98,78.2,38.37
M16370,M,54.48,9.72,7.0,72.49,4,97.2,0.0,108.74,17.43,90.58
L48691,L,53.19,7.82,9.15,78.19,2,96.34,0.08,93.44,14.11,91.87
H30926,H,55.28,9.48,3.25,70.41,4,98.7,0.13,102.66,17.15,90.83
L48693,L,54.48,9.02,3.5,73.89,4,98.6,0.27,97.16,16.52,90.86
M16374,M,53.67,10.36,7.6,76.22,2,96.96,0.32,107.76,18.98,89.11
M16375,M,53.96,10.07,8.75,75.66,4,96.5,0.4,103.28,18.57,89.04
L48696,L,58.94,14.94,6.9,56.43,7,97.24,0.48,133.56,27.39,84.66
M16377,M,57.11,11.3,5.0,64.75,6,98.0,0.53,105.76,20.93,87.97
H30932,H,57.74,15.76,5.15,60.67,6,97.94,0.61,138.82,29.04,83.74
M16379,M,55.83,11.86,5.4,69.67,7,97.84,0.75,107.24,22.22,86.86
L48700,L,56.51,12.5,9.55,67.35,7,96.18,0.83,109.64,23.46,85.66
M16381,M,54.92,11.22,6.65,73.64,2,97.34,0.88,100.3,21.22,86.96
H30936,H,55.35,12.3,3.8,71.95,7,98.48,0.96,106.64,23.28,86.06
L48703,L,56.12,12.5,7.05,69.7,4,97.18,1.09,104.18,23.8,85.21
L48704,L,54.99,12.39,11.15,73.86,6,95.54,1.15,103.62,23.67,84.76
L48705,L,42.71,7.05,10.25,118.92,7,95.9,1.2,76.58,14.16,89.49
L48706,L,52.4,10.66,2.35,84.02,6,99.06,1.25,90.94,20.7,86.91
H30941,H,57.73,15.04,3.45,63.73,6,98.62,1.31,117.5,28.63,82.73
L48708,L,55.93,12.82,6.7,71.54,7,97.32,1.44,99.18,24.81,84.05
L48709,L,56.02,13.48,4.8,71.11,4,98.08,1.49,103.14,26.06,83.5
L48710,L,56.95,14.76,7.9,67.47,5,96.84,1.55,110.94,28.43,81.9
H30945,H,57.87,15.15,5.0,64.32,6,98.0,1.6,111.56,29.19,81.71
M16392,M,58.33,15.0,7.25,63.35,4,97.1,1.73,106.74,29.09,81.26
M16393,M,59.55,18.29,9.4,57.81,5,96.24,1.81,129.58,35.09,77.89
L48714,L,53.56,12.96,9.55,81.37,4,96.18,1.89,93.34,25.63,82.44
L48715,L,56.18,14.86,10.65,71.62,6,95.74,1.95,103.82,29.12,80.48
M16396,M,59.95,19.6,5.75,56.5,6,97.7,2.0,135.32,37.67,76.59
M16397,M,57.99,16.14,12.9,65.28,3,94.84,2.08,108.54,31.57,78.76
L48718,L,53.26,13.88,8.05,82.96,2,96.78,2.16,95.16,27.62,81.06
M16399,M,58.4,18.24,4.15,63.33,4,98.34,2.21,121.78,35.51,77.4
M16400,M,57.39,16.7,6.3,67.9,2,97.48,2.29,109.1,32.86,78.35
L48721,L,46.14,10.9,10.45,109.75,2,95.82,2.37,76.28,22.55,82.94
L48722,L,59.66,20.96,11.55,58.47,6,95.38,2.43,136.98,40.64,73.67
L48723,L,56.1,16.16,5.65,73.32,4,97.74,2.48,102.36,32.13,78.41
L48724,L,58.4,20.78,6.75,63.31,3,97.3,2.53,134.88,40.46,74.03
M16405,M,57.44,17.46,12.85,68.47,2,94.86,2.59,108.48,34.58,76.25
L48726,L,59.75,20.1,14.0,59.5,4,94.4,2.67,124.62,39.42,73.56
L48727,L,60.44,22.04,6.1,56.38,5,97.56,2.72,137.96,42.95,72.47
M16408,M,60.49,21.34,9.2,56.78,4,96.32,2.77,131.18,41.78,72.64
L48729,L,55.38,15.94,7.35,77.33,7,97.06,2.85,93.12,32.19,77.46
L48730,L,56.43,16.82,12.45,73.49,2,95.02,2.91,97.56,33.84,76.02
L48731,L,59.11,18.9,13.55,63.45,6,94.58,2.96,109.36,37.65,73.9
L48732,L,54.47,15.99,14.65,81.05,3,94.14,3.01,91.22,32.49,76.26
L48733,L,61.06,23.98,10.75,54.61,4,95.7,3.07,144.84,46.87,69.36
M16414,M,57.46,17.28,7.85,70.56,7,96.86,3.12,95.08,34.95,75.5
L48735,L,58.9,20.1,12.0,64.5,4,95.2,3.2,113.82,40.1,72.35
H30970,H,60.31,21.54,15.1,59.13,4,93.96,3.25,122.16,42.73,70.62
L48737,L,57.74,17.81,12.35,70.34,3,95.06,3.39,92.9,36.23,73.88
M16418,M,59.39,21.2,6.45,63.2,6,97.42,3.44,116.52,42.36,71.29
L48739,L,59.74,21.01,14.6,62.4,6,94.16,3.52,112.76,42.13,70.43
M16420,M,59.04,20.7,11.7,65.15,7,95.32,3.57,110.0,41.64,70.87
L48741,L,60.91,24.41,13.85,57.2,6,94.46,3.65,135.36,48.4,67.11
L48742,L,48.92,15.32,6.95,103.14,6,97.22,3.71,77.92,32.17,75.81
L48743,L,60.82,24.03,10.05,58.08,2,95.98,3.76,130.04,47.85,67.55
M16424,M,50.87,16.19,10.15,96.4,4,95.94,3.81,79.8,33.87,74.43
L48745,L,60.15,22.2,10.3,61.85,5,95.88,3.89,113.38,44.75,68.81
M16426,M,61.02,23.04,10.4,58.63,4,95.84,3.95,117.66,46.31,67.91
L48747,L,59.39,21.9,8.55,65.1,4,96.58,4.03,109.02,44.38,68.9
L48748,L,61.11,24.02,7.65,58.34,3,96.94,4.08,122.34,48.23,66.96
M16429,M,57.58,21.22,7.75,72.09,2,96.9,4.13,103.68,43.3,69.31
L48750,L,60.61,23.52,7.9,60.84,2,96.84,4.21,116.04,47.5,67.03
L48751,L,59.56,22.12,12.0,65.34,7,95.2,4.27,105.16,45.08,67.73
L48752,L,63.96,27.86,8.1,47.57,3,96.76,4.32,143.8,55.43,62.84
L48753,L,60.58,23.72,14.2,61.44,3,94.32,4.37,114.12,48.08,65.8
L48754,L,60.47,25.8,14.3,61.0,2,94.28,4.43,129.76,51.88,63.78
L48755,L,52.1,17.94,12.4,93.88,3,95.04,4.48,77.14,37.85,70.87
L48756,L,60.41,24.02,17.5,62.49,5,93.0,4.53,113.2,48.83,64.77
L48757,L,60.56,24.61,11.6,61.9,4,95.36,4.59,116.48,49.94,64.7
L48758,L,59.04,23.17,15.7,68.06,6,93.72,4.64,105.86,47.43,65.44
L48759,L,61.26,25.03,17.8,59.68,6,92.88,4.69,116.48,50.83,63.42
M16440,M,61.32,26.12,16.9,59.14,4,93.24,4.75,123.88,52.84,62.4
M16441,M,59.73,22.73,9.05,66.64,3,96.38,4.83,97.2,46.88,66.0
H30996,H,60.25,25.22,9.2,63.89,2,96.32,4.91,114.6,51.44,63.55
L48763,L,63.6,45.37,47.45,42.82,5,81.02,8.04,148.2,83.15,37.6
M16444,M,58.88,23.6,10.55,70.15,7,95.78,5.09,99.38,48.78,64.37
L48765,L,62.44,27.7,12.7,56.15,2,94.92,5.17,125.4,56.22,60.27
M16446,M,61.25,26.73,15.8,60.93,3,93.68,5.23,118.12,54.56,60.69
M16447,M,61.9,26.74,11.95,59.03,5,95.22,5.31,115.56,54.68,60.85
L48768,L,58.49,24.16,17.1,72.32,7,93.16,5.39,97.76,50.15,62.44
M16449,M,61.97,26.7,18.2,59.3,7,92.72,5.44,112.06,54.76,59.92
L48770,L,61.42,25.98,18.35,61.86,3,92.66,5.52,105.34,53.59,60.33
L48771,L,63.55,29.07,10.45,53.22,3,95.82,5.57,125.9,59.19,58.21
L48772,L,60.16,26.43,14.55,66.38,6,94.18,5.63,108.24,54.53,60.03
L48773,L,60.92,25.72,18.65,64.34,4,92.54,5.68,100.28,53.31,60.12
M16454,M,63.47,30.0,13.75,53.65,4,94.5,5.73,129.86,61.06,56.63
L48775,L,63.67,45.66,47.9,45.42,7,80.84,8.81,133.1,84.66,35.25
L48776,L,49.68,6.08,7.0,90.81,3,97.2,0.0,86.14,10.89,93.86
L48777,L,54.78,10.36,4.1,71.37,3,98.36,0.05,112.22,18.64,90.16
L48778,L,55.27,9.5,7.2,70.3,6,97.12,0.11,103.42,17.15,90.49
L48779,L,55.49,12.03,0.3,68.48,2,99.88,0.16,122.2,21.77,88.77
M16460,M,54.78,11.57,0.4,71.37,6,99.84,0.21,118.26,21.0,89.03
L48781,L,54.09,10.43,8.55,74.63,2,96.58,0.29,108.34,19.07,89.02
H31016,H,54.1,9.41,1.65,75.29,6,99.34,0.35,99.0,17.32,90.48
M16463,M,53.93,9.46,3.9,76.37,2,98.44,0.48,96.64,17.58,89.86
L48784,L,56.5,11.63,7.05,66.78,2,97.18,0.56,108.64,21.56,87.4
L48785,L,57.37,12.46,8.15,63.57,6,96.74,0.61,112.92,23.12,86.4
L48786,L,55.85,11.92,7.25,69.29,2,97.1,0.67,109.5,22.22,86.83
L48787,L,57.26,14.24,9.35,63.48,5,96.26,0.72,124.84,26.43,84.41
L48788,L,57.6,11.82,5.45,63.74,3,97.82,0.77,103.86,22.17,86.82
L48789,L,54.92,11.2,3.55,73.45,5,98.58,0.83,101.42,21.13,87.42
L48790,L,55.1,12.12,2.65,72.59,4,98.94,0.88,107.26,22.83,86.56
M16471,M,52.93,9.62,10.75,81.49,3,95.7,0.93,89.12,18.44,87.84
M16472,M,55.73,12.99,1.9,70.5,6,99.24,1.01,110.4,24.57,85.5
L48793,L,59.37,19.0,5.05,55.3,6,97.98,1.09,151.72,35.45,79.58
M16474,M,52.06,9.89,7.15,85.16,4,97.14,1.15,87.64,19.18,87.4
L48795,L,57.32,15.83,6.3,64.43,2,97.48,1.23,126.14,29.93,81.95
H31030,H,54.25,11.52,7.4,77.34,3,97.04,1.28,94.64,22.27,85.57
L48797,L,55.84,12.82,8.65,71.74,3,96.54,1.41,99.86,24.77,83.93
L48798,L,59.93,19.27,4.75,54.66,3,98.1,1.47,144.72,36.41,78.39
L48799,L,55.57,13.21,10.85,72.9,7,95.66,1.52,101.0,25.61,83.07
L48800,L,57.06,15.64,8.95,66.78,6,96.42,1.57,117.24,30.04,80.94
L48801,L,51.99,10.36,10.05,87.02,2,95.98,1.63,80.68,20.63,85.43
H31036,H,56.51,14.61,9.15,69.59,3,96.34,1.68,107.36,28.33,81.56
L48803,L,51.08,11.16,12.4,90.47,4,95.04,1.81,84.22,22.32,83.97
M16484,M,60.03,20.08,4.5,55.46,6,98.2,1.87,142.0,38.36,76.64
L48805,L,59.32,17.56,3.65,59.47,7,98.54,1.95,121.1,33.96,78.76
M16486,M,60.29,20.82,7.75,54.74,2,96.9,2.0,144.66,39.87,75.29
L48807,L,57.52,15.62,3.9,67.14,7,98.44,2.08,104.98,30.63,80.13
L48808,L,58.28,15.95,7.0,64.58,6,97.2,2.13,105.42,31.3,79.38
M16489,M,60.02,20.16,11.1,56.72,6,95.56,2.19,135.52,38.91,75.06
L48810,L,59.0,17.92,12.25,61.64,7,95.1,2.27,117.24,35.01,76.74
L48811,L,58.75,16.76,6.35,63.27,5,97.46,2.32,107.06,32.99,78.23
L48812,L,58.92,18.02,13.45,62.29,4,94.62,2.37,115.72,35.32,76.25
L48813,L,58.25,18.58,5.55,64.51,4,97.78,2.43,119.92,36.39,76.4
H31048,H,59.33,22.06,9.65,59.27,7,96.14,2.48,145.12,42.7,72.72
L48815,L,59.81,21.96,11.9,58.17,5,95.24,2.61,140.66,42.69,72.24
L48816,L,58.1,17.32,10.0,66.59,7,96.0,2.67,104.7,34.44,76.45
L48817,L,55.83,16.63,8.1,74.93,5,96.76,2.72,101.1,33.27,77.11
L48818,L,59.79,19.57,7.2,60.06,6,97.12,2.77,117.94,38.6,74.43
M16499,M,59.08,19.36,5.3,62.82,2,97.88,2.83,116.0,38.29,74.67
L48820,L,57.46,17.82,14.45,69.44,2,94.22,2.91,104.14,35.64,74.92
M16501,M,57.7,18.13,9.55,68.68,5,96.18,2.96,105.1,36.26,75.0
H31056,H,57.31,17.97,12.7,70.42,7,94.92,3.04,102.56,36.07,74.61
L48823,L,59.42,18.94,14.95,63.18,2,94.02,3.17,104.46,37.99,73.16
L48824,L,57.02,18.0,8.05,72.1,5,96.78,3.23,99.04,36.37,74.55
L48825,L,58.31,19.46,10.15,67.17,7,95.94,3.28,107.76,39.06,72.9
M16506,M,58.53,20.7,7.25,66.0,7,97.1,3.33,116.14,41.34,71.94
L48827,L,55.21,17.46,15.4,79.32,4,93.84,3.41,93.02,35.64,73.81
L48828,L,60.92,22.95,7.5,57.18,2,97.0,3.47,127.86,45.54,69.55
H31063,H,59.39,20.01,8.6,64.1,7,96.56,3.52,105.24,40.34,71.93
M16510,M,60.49,23.71,10.85,58.99,7,95.66,3.65,130.34,47.14,68.04
L48831,L,60.62,24.12,12.0,58.64,7,95.2,3.73,131.68,47.99,67.34
H31066,H,57.46,19.86,14.1,71.82,4,94.36,3.79,100.7,40.41,70.81
L48833,L,61.24,26.08,12.35,56.26,5,95.06,3.92,142.32,51.74,65.06
L48834,L,61.4,27.49,14.45,55.2,3,94.22,3.97,152.18,54.33,63.44
M16515,M,58.58,21.06,14.55,68.32,2,94.18,4.03,103.34,42.86,69.06
L48836,L,59.32,22.94,10.7,65.13,2,95.72,4.11,115.64,46.35,67.54
M16517,M,61.68,24.68,13.8,56.36,4,94.48,4.16,125.08,49.52,65.54
H31072,H,58.92,21.54,11.95,67.73,7,95.22,4.24,102.0,44.01,68.32
L48839,L,57.22,20.87,10.2,74.41,7,95.92,4.37,95.94,42.97,68.75
L48840,L,60.16,24.3,12.3,62.8,6,95.08,4.43,118.18,49.19,65.32
M16521,M,61.5,25.24,14.4,57.93,2,94.24,4.48,122.62,50.94,64.13
H31076,H,60.85,25.06,12.55,60.57,6,94.98,4.56,120.24,50.71,64.27
M16523,M,56.68,21.23,15.8,77.34,5,93.68,4.69,92.38,44.02,67.02
L48844,L,60.03,23.82,14.95,64.84,3,94.02,4.77,106.7,48.76,64.58
H31079,H,60.73,24.4,10.05,62.35,4,95.98,4.83,109.22,49.88,64.4
L48846,L,60.01,23.88,11.3,65.61,4,95.48,4.96,103.02,49.11,64.4
L48847,L,56.89,21.84,14.4,77.53,5,94.24,5.01,89.78,45.52,65.77
L48848,L,60.13,23.72,9.5,65.69,2,96.2,5.07,99.22,48.97,64.43
L48849,L,60.29,23.21,15.6,65.6,6,93.76,5.12,93.68,48.11,64.14
L48850,L,60.58,23.3,16.7,64.75,3,93.32,5.17,92.76,48.33,63.82
L48851,L,59.39,24.63,15.8,68.39,2,93.68,5.23,103.88,50.79,62.57
L48852,L,62.1,28.29,11.9,57.46,4,95.24,5.28,128.24,57.42,59.54
M16533,M,62.86,26.92,10.0,55.74,7,96.0,5.33,115.08,55.04,60.81
L48854,L,60.68,25.69,16.15,64.16,4,93.54,5.41,106.4,52.93,61.09
L48855,L,62.67,27.38,15.25,56.66,7,93.9,5.47,115.94,56.02,59.53
H31090,H,62.57,27.31,15.35,57.24,4,93.86,5.52,114.36,55.97,59.44
M16537,M,59.39,24.66,14.6,70.02,4,94.16,5.65,94.54,51.39,61.54
L48858,L,59.52,25.4,10.75,69.5,3,95.7,5.73,98.48,52.82,61.05
L48859,L,57.43,24.34,14.85,77.43,7,94.06,5.79,91.64,50.97,61.45
M16540,M,60.14,26.17,11.95,67.41,4,95.22,5.84,101.4,54.33,59.96
M16541,M,57.41,24.26,20.1,78.07,3,91.96,5.92,88.08,51.01,60.65
H31096,H,60.41,42.02,50.25,59.19,5,79.9,9.0,104.28,78.37,37.79
M16543,M,56.58,13.2,1.0,63.55,7,99.6,0.0,133.66,23.66,88.07
L48864,L,56.16,11.36,2.15,66.22,5,99.14,0.08,117.76,20.47,89.39
L48865,L,50.6,6.98,0.25,87.71,6,99.9,0.13,89.08,12.67,93.37
H31100,H,53.01,7.74,1.35,79.28,2,99.46,0.19,90.66,14.1,92.44
L48867,L,55.5,10.14,6.6,70.03,3,97.36,0.32,103.44,18.57,89.41
L48868,L,54.05,10.0,4.7,75.3,6,98.12,0.37,103.12,18.39,89.59
L48869,L,54.76,10.7,2.8,72.7,4,98.88,0.43,106.62,19.73,89.0
M16550,M,56.65,12.16,3.9,65.67,7,98.44,0.48,114.5,22.41,87.44
L48871,L,54.31,11.26,1.05,74.47,2,99.58,0.56,108.64,20.89,88.33
M16552,M,52.02,8.76,7.15,83.82,7,97.14,0.61,90.68,16.49,89.81
H31107,H,53.29,9.03,2.3,79.64,4,99.08,0.69,89.26,17.07,89.85
L48874,L,54.38,11.28,8.55,75.26,2,96.58,0.83,102.76,21.27,86.86
L48875,L,56.03,13.04,2.65,68.93,5,98.94,0.88,113.38,24.49,85.73
L48876,L,55.49,12.55,4.75,71.22,7,98.1,0.93,109.0,23.68,85.82
M16557,M,56.0,13.96,8.85,68.97,6,96.46,0.99,118.38,26.28,84.0
L48878,L,56.65,12.7,4.0,67.7,2,98.4,1.07,105.62,24.12,85.41
L48879,L,59.5,15.43,4.1,56.73,4,98.36,1.12,122.38,29.09,82.81
M16560,M,51.48,9.47,3.2,87.46,4,98.72,1.17,84.48,18.47,88.1
L48881,L,56.88,14.38,8.35,66.76,6,96.66,1.25,114.58,27.38,82.97
L48882,L,57.66,15.74,9.45,63.63,2,96.22,1.31,123.2,29.88,81.5
M16563,M,54.72,13.26,2.55,75.17,5,98.98,1.36,106.12,25.49,84.28
M16564,M,56.75,15.5,6.7,67.4,4,97.32,1.44,119.46,29.6,81.65
M16565,M,55.31,12.71,10.85,74.04,2,95.66,1.52,97.36,24.71,83.52
L48886,L,56.66,15.52,3.0,68.29,2,98.8,1.6,116.22,29.86,81.57
L48887,L,57.92,15.36,6.1,64.27,5,97.56,1.65,111.98,29.63,81.27
L48888,L,55.24,13.0,3.2,74.85,3,98.72,1.71,95.54,25.46,83.54
L48889,L,53.53,11.8,8.3,81.55,7,96.68,1.76,87.18,23.4,83.95
L48890,L,56.77,14.42,8.4,69.29,6,96.64,1.81,102.4,28.14,81.46
L48891,L,59.38,18.42,8.5,58.54,3,96.6,1.87,129.7,35.4,77.72
L48892,L,56.59,14.21,11.6,70.44,5,95.36,1.92,98.62,27.91,81.04
L48893,L,57.17,17.6,10.7,66.95,7,95.72,1.97,123.7,34.05,77.96
L48894,L,59.08,18.23,8.8,60.28,3,96.48,2.03,124.96,35.25,77.44
L48895,L,56.27,14.89,10.9,71.81,3,95.64,2.08,100.9,29.33,80.08
L48896,L,57.23,15.82,13.0,68.24,7,94.8,2.13,105.86,31.08,78.9
L48897,L,59.54,20.19,4.1,58.36,4,98.36,2.19,136.38,38.96,75.74
M16578,M,55.05,14.47,12.2,76.82,6,95.12,2.24,95.62,28.78,79.91
L48899,L,57.74,16.54,6.35,66.88,3,97.46,2.32,106.66,32.59,78.43
L48900,L,58.44,18.24,9.45,63.83,3,96.22,2.37,118.18,35.72,76.45
L48901,L,55.16,15.38,12.55,76.71,4,94.98,2.43,98.56,30.65,78.57
M16582,M,51.38,12.84,6.65,91.18,2,97.34,2.48,82.24,26.17,81.29
L48903,L,50.35,12.66,6.8,95.12,2,97.28,2.56,80.38,25.94,81.23
M16584,M,58.73,20.96,5.9,62.37,2,97.64,2.61,134.14,40.9,73.73
M16585,M,59.77,20.68,7.05,59.26,4,97.18,2.69,128.64,40.49,73.66
L48906,L,52.38,13.84,8.2,88.38,7,96.72,2.77,82.32,28.34,79.46
M16587,M,56.86,16.83,5.3,71.68,5,97.88,2.83,98.84,33.76,76.94
L48908,L,58.95,21.07,14.45,62.72,3,94.22,2.91,128.1,41.46,72.01
M16589,M,59.39,19.83,13.55,62.04,6,94.58,2.96,116.38,39.31,73.07
M16590,M,61.06,22.97,6.7,55.02,2,97.32,3.04,137.4,45.04,70.73
M16591,M,58.9,19.86,10.85,64.32,7,95.66,3.12,113.7,39.56,72.89
H31146,H,55.86,16.65,11.0,76.68,4,95.6,3.2,90.4,33.91,75.54
L48913,L,58.7,20.7,6.25,65.4,4,97.5,3.33,115.9,41.34,72.04
M16594,M,58.96,19.96,11.35,65.07,5,95.46,3.39,108.42,40.08,72.05
L48915,L,60.82,22.3,11.5,57.85,6,95.4,3.47,122.8,44.38,69.73
L48916,L,58.49,19.54,13.6,67.43,3,94.56,3.52,102.68,39.49,71.86
L48917,L,55.65,17.55,8.7,78.38,4,96.52,3.57,89.46,35.99,73.99
H31152,H,52.73,16.23,15.8,89.29,7,93.68,3.63,81.76,33.7,74.32
H31153,H,62.89,24.83,16.05,50.58,3,93.58,3.76,133.6,49.29,66.23
M16600,M,57.51,19.95,11.3,72.02,4,95.48,3.89,99.0,40.72,70.73
M16601,M,61.63,24.22,14.45,56.04,6,94.22,3.97,125.66,48.46,66.38
L48922,L,61.49,24.56,12.6,56.67,6,94.96,4.05,126.78,49.17,66.05
M16603,M,56.69,18.77,11.7,76.26,3,95.32,4.11,85.86,38.86,71.18
M16604,M,60.45,25.54,11.85,60.28,3,95.26,4.19,133.02,51.09,64.9
L48925,L,58.16,20.25,15.0,71.08,3,94.0,4.27,92.08,41.72,69.11
L48926,L,59.65,23.24,10.1,64.68,2,95.96,4.32,112.72,47.14,66.78
L48927,L,47.27,16.67,14.2,110.72,6,94.32,4.37,76.02,35.44,72.11
H31162,H,58.32,21.06,17.3,70.77,4,93.08,4.43,94.72,43.37,67.73
L48929,L,59.19,22.13,12.55,67.74,2,94.98,4.56,99.12,45.46,66.89
M16610,M,58.66,21.74,17.65,69.98,4,92.94,4.61,95.54,44.83,66.59
L48931,L,54.02,19.23,9.8,87.48,7,96.08,4.69,80.04,40.43,69.42
L48932,L,60.63,23.54,12.9,62.83,7,94.84,4.75,104.24,48.23,65.1
L48933,L,61.01,27.22,18.0,59.89,6,92.8,4.8,132.0,54.9,61.15
M16614,M,61.17,26.18,13.1,60.06,2,94.76,4.85,122.26,53.1,62.43
L48935,L,61.82,26.42,10.25,57.99,3,95.9,4.93,121.48,53.64,62.29
M16616,M,62.77,29.98,12.35,53.16,4,95.06,4.99,147.46,60.08,58.75
M16617,M,63.27,29.25,15.5,52.12,2,93.8,5.07,139.1,58.87,58.88
L48938,L,59.39,23.92,12.65,68.44,3,94.94,5.15,99.96,49.41,63.74
H31173,H,59.48,24.4,14.75,68.1,6,94.1,5.2,102.52,50.34,62.95
L48940,L,58.49,24.28,17.0,72.06,5,93.2,5.33,99.88,50.29,62.49
L48941,L,54.68,21.24,13.1,86.88,5,94.76,5.39,79.6,44.91,65.46
H31176,H,61.87,28.47,13.2,58.76,4,94.72,5.44,126.4,57.95,58.83
L48943,L,61.28,39.47,49.45,55.82,7,80.22,8.57,92.22,73.25,41.28
H31178,H,57.82,13.92,9.0,58.94,7,96.4,0.0,137.76,24.96,86.62
L48945,L,57.24,13.35,0.25,61.73,3,99.9,0.13,130.96,24.1,87.66
M16626,M,52.22,7.34,7.35,82.18,2,97.06,0.19,88.54,13.38,92.2
M16627,M,55.18,11.15,8.5,70.42,3,96.6,0.27,113.2,20.32,88.45
M16628,M,55.78,11.54,7.65,68.48,2,96.94,0.35,113.7,21.12,87.98
L48949,L,48.65,7.08,9.8,95.51,2,96.08,0.43,86.02,13.23,91.55
H31184,H,54.18,9.19,4.9,75.66,2,98.04,0.48,94.1,17.08,90.01
L48951,L,56.64,13.16,6.15,65.72,3,97.54,0.61,119.52,24.38,85.97
L48952,L,55.8,13.98,2.25,68.41,4,99.1,0.67,125.96,25.9,85.49
L48953,L,57.67,17.04,1.35,60.68,3,99.46,0.72,146.68,31.45,82.7
M16634,M,55.76,11.64,6.45,70.13,7,97.42,0.77,104.98,21.86,86.88
L48955,L,57.53,14.58,3.6,62.91,6,98.56,0.85,124.28,27.23,84.32
L48956,L,55.26,10.5,4.7,72.95,5,98.12,0.91,93.48,19.96,87.73
H31191,H,55.45,12.08,8.8,71.71,2,96.48,0.96,104.7,22.87,85.76
L48958,L,58.95,16.78,5.05,57.86,7,97.98,1.09,134.5,31.47,81.58
M16639,M,56.63,14.44,8.15,67.18,5,96.74,1.15,117.76,27.34,83.22
L48960,L,55.17,11.76,7.3,73.87,7,97.08,1.23,96.5,22.63,85.5
L48961,L,54.25,10.99,2.4,77.6,4,99.04,1.28,90.44,21.33,86.54
L48962,L,55.64,13.35,5.5,71.88,7,97.8,1.33,106.22,25.62,83.97
H31197,H,55.96,14.41,4.6,70.45,3,98.16,1.39,113.06,27.59,82.97
L48964,L,36.71,20.51,35.85,134.05,7,85.66,4.52,65.32,34.11,70.32
L48965,L,56.39,14.27,10.95,69.76,2,95.62,1.57,107.16,27.58,81.97
L48966,L,55.28,13.13,10.05,74.34,6,95.98,1.63,98.36,25.6,82.94
L48967,L,59.04,16.52,4.15,59.94,6,98.34,1.68,119.08,31.74,80.36
L48968,L,57.96,17.02,5.25,63.59,7,97.9,1.73,123.44,32.72,79.65
L48969,L,59.9,37.18,40.35,47.06,4,83.86,4.79,160.86,64.34,54.22
L48970,L,52.19,11.42,7.45,86.64,5,97.02,1.84,84.14,22.81,84.17
L48971,L,56.95,15.88,9.55,68.26,2,96.18,1.89,112.08,30.87,79.82
M16652,M,58.16,17.84,4.65,63.33,3,98.14,1.95,124.9,34.45,78.42
L48973,L,53.65,13.13,8.8,81.48,7,96.48,2.03,91.62,26.11,82.01
M16654,M,57.31,17.12,5.9,67.14,3,97.64,2.08,117.28,33.32,78.59
M16655,M,57.63,16.06,9.05,66.87,7,96.38,2.16,106.56,31.52,79.01
H31210,H,57.08,16.0,8.2,69.1,4,96.72,2.24,105.04,31.52,78.94
M16657,M,57.72,17.57,13.45,66.62,7,94.62,2.37,113.76,34.51,76.65
M16658,M,58.93,20.58,11.6,61.26,5,95.36,2.45,134.42,40.02,73.93
M16659,M,59.08,18.88,11.75,61.91,2,95.3,2.53,118.74,37.05,75.23
M16660,M,57.76,16.92,5.9,67.74,5,97.64,2.61,103.08,33.64,77.36
M16661,M,59.26,18.98,14.05,61.86,2,94.38,2.69,115.74,37.44,74.49
H31216,H,58.35,19.34,6.2,65.13,5,97.52,2.77,118.12,38.2,74.73
L48983,L,60.07,18.8,11.45,60.0,7,95.42,2.91,108.36,37.38,74.35
L48984,L,58.57,20.9,9.55,64.3,3,96.18,2.96,126.1,41.23,72.51
H31219,H,60.36,23.09,5.65,57.26,6,97.74,3.01,139.92,45.22,70.8
H31220,H,57.36,17.49,12.9,70.9,3,94.84,3.15,96.26,35.35,74.74
L48987,L,56.62,17.06,14.15,74.17,7,94.34,3.28,90.88,34.76,74.65
L48988,L,43.39,28.2,38.25,114.25,7,84.7,6.33,76.94,50.2,58.41
L48989,L,55.09,16.91,6.35,79.9,6,97.46,3.39,89.34,34.61,75.28
L48990,L,61.02,23.77,7.45,56.32,7,97.02,3.44,134.88,46.98,68.89
M16671,M,58.09,18.28,11.55,69.31,2,95.38,3.49,93.78,37.21,73.26
L48992,L,59.54,19.92,9.7,63.84,3,96.12,3.57,103.12,40.25,71.76
L48993,L,59.55,22.13,7.8,62.89,2,96.88,3.63,119.58,44.28,69.83
L48994,L,57.13,19.57,7.9,72.72,3,96.84,3.68,101.2,39.75,71.98
M16675,M,58.42,20.27,10.0,68.11,3,96.0,3.73,103.9,41.09,70.99
L48996,L,60.04,23.06,12.15,61.47,4,95.14,3.81,122.2,46.19,68.06
L48997,L,57.13,18.5,11.25,73.95,2,95.5,3.87,88.48,38.07,72.1
M16678,M,60.52,21.98,14.35,60.76,5,94.26,3.92,110.5,44.39,68.53
M16679,M,51.43,16.8,8.5,94.9,7,96.6,4.0,79.72,35.2,73.55
L49000,L,59.86,23.16,10.65,63.07,7,95.74,4.08,117.26,46.71,67.42
L49001,L,61.94,23.22,14.75,56.09,4,94.1,4.13,113.68,46.88,66.82
L49002,L,60.05,22.41,16.85,63.2,6,93.26,4.19,108.56,45.49,67.2
L49003,L,61.19,24.9,12.95,58.25,3,94.82,4.24,125.68,50.01,65.22
L49004,L,61.58,27.23,17.05,55.93,3,93.18,4.29,142.62,54.26,62.58
M16685,M,55.93,19.99,15.15,79.2,4,93.94,4.35,91.28,41.36,69.11
H31240,H,59.92,23.3,10.3,64.15,5,95.88,4.43,110.52,47.4,66.42
M16687,M,61.46,25.63,14.55,58.18,3,94.18,4.56,124.0,51.74,63.56
L49008,L,62.56,27.99,14.7,53.55,7,94.12,4.64,139.62,56.08,61.21
L49009,L,54.92,19.83,12.8,84.08,6,94.88,4.69,83.6,41.51,68.58
L49010,L,55.28,20.24,9.9,82.83,2,96.04,4.75,85.18,42.31,68.36
M16691,M,63.26,27.9,10.0,51.8,6,96.0,4.8,134.3,56.11,61.35
M16692,M,63.13,27.56,16.15,52.72,2,93.54,4.88,130.0,55.61,60.82
L49013,L,63.27,45.13,39.3,43.78,2,84.28,7.96,148.54,82.61,38.84
L49014,L,60.84,24.56,13.4,62.62,4,94.64,5.01,106.16,50.4,63.43
H31249,H,60.07,24.15,14.5,65.68,5,94.2,5.07,102.7,49.73,63.55
L49016,L,60.76,24.55,10.75,63.63,6,95.7,5.2,101.96,50.61,63.22
L49017,L,62.65,26.51,10.85,56.34,3,95.66,5.25,113.84,54.19,61.31
M16698,M,61.78,25.82,17.95,59.89,3,92.82,5.31,108.32,53.03,61.08
L49019,L,52.04,7.55,9.0,81.98,2,96.4,0.0,94.7,13.53,92.33
M16700,M,56.61,11.08,7.1,64.71,4,97.16,0.05,115.5,19.94,89.22
L49021,L,52.87,9.85,9.25,78.48,5,96.3,0.13,108.96,17.82,89.9
H31256,H,50.21,6.18,4.35,89.66,5,98.26,0.19,82.1,11.32,93.53
L49023,L,55.59,10.76,8.6,69.42,6,96.56,0.32,108.32,19.69,88.65
M16704,M,56.01,12.34,7.7,67.38,5,96.92,0.37,119.22,22.6,87.18
L49025,L,56.49,11.36,6.85,66.52,6,97.26,0.45,108.88,20.94,87.94
H31260,H,55.54,11.17,1.95,70.12,7,99.22,0.51,107.48,20.67,88.46
L49027,L,57.17,14.6,3.2,63.3,6,98.72,0.64,129.64,26.97,84.91
H31262,H,56.98,13.1,3.3,64.9,3,98.68,0.69,116.78,24.37,86.1
L49029,L,53.65,10.66,4.55,78.07,7,98.18,0.83,98.76,20.15,87.82
M16710,M,58.02,15.84,7.65,60.68,2,96.94,0.88,133.04,29.51,82.72
M16711,M,58.21,15.18,8.8,60.66,4,96.48,0.96,125.7,28.43,82.99
M16712,M,55.96,12.9,9.95,69.85,4,96.02,1.04,108.72,24.43,84.71
L49033,L,56.63,13.51,11.1,67.54,7,95.56,1.12,110.92,25.64,83.83
M16714,M,56.93,14.17,4.2,66.42,6,98.32,1.17,114.6,26.89,83.79
H31269,H,60.23,19.46,5.35,52.72,4,97.86,1.25,150.58,36.47,78.72
M16716,M,53.06,10.68,4.6,82.26,6,98.16,1.39,87.24,20.91,86.31
L49037,L,54.74,13.52,9.75,75.39,6,96.1,1.47,105.86,26.11,83.04
M16718,M,57.05,13.58,9.85,67.61,3,96.06,1.52,101.96,26.28,82.83
L49039,L,59.08,16.25,5.0,59.62,4,98.0,1.6,118.7,31.16,80.72
L49040,L,55.47,12.54,3.1,74.08,6,98.76,1.65,92.74,24.57,84.1
M16721,M,55.5,12.7,3.2,74.1,3,98.72,1.71,92.78,24.92,83.8
L49042,L,56.93,16.46,9.35,67.62,3,96.26,1.79,119.14,31.77,79.6
M16723,M,56.99,15.4,8.45,68.15,2,96.62,1.84,109.34,29.93,80.51
L49044,L,56.66,15.16,4.6,69.72,6,98.16,1.92,106.12,29.61,80.89
L49045,L,56.41,14.6,10.7,71.05,5,95.72,1.97,100.74,28.67,80.65
M16726,M,55.09,13.3,5.8,76.45,5,97.68,2.03,91.04,26.42,82.15
L49047,L,57.51,16.77,9.95,66.71,3,96.02,2.11,113.64,32.74,78.42
L49048,L,59.62,20.7,12.05,57.7,4,95.18,2.16,141.02,39.86,74.55
M16729,M,55.77,14.82,5.15,74.09,2,97.94,2.21,98.0,29.37,80.37
L49050,L,57.95,17.45,13.3,65.57,4,94.68,2.29,114.32,34.2,76.98
L49051,L,52.86,12.42,6.4,85.79,2,97.44,2.35,79.8,25.24,82.05
L49052,L,60.4,21.8,7.5,55.4,4,97.0,2.4,143.32,42.13,73.39
L49053,L,59.86,21.81,4.6,57.44,3,98.16,2.45,142.94,42.21,73.53
L49054,L,56.56,15.7,4.7,72.05,3,98.12,2.51,97.36,31.32,78.86
L49055,L,60.04,20.2,10.8,58.05,5,95.68,2.56,127.46,39.47,74.07
L49056,L,61.86,23.34,13.9,50.43,2,94.44,2.61,148.84,45.16,70.81
M16737,M,57.21,16.45,14.0,70.08,2,94.4,2.67,98.92,32.87,76.83
M16738,M,59.36,20.16,11.15,61.12,2,95.54,2.75,123.88,39.64,73.57
M16739,M,56.78,16.93,14.3,71.94,7,94.28,2.83,99.76,33.94,75.95
L49060,L,55.46,16.0,5.45,77.25,2,97.82,2.91,92.3,32.36,77.46
L49061,L,57.8,20.33,10.55,67.24,5,95.78,2.96,122.56,40.2,72.92
M16742,M,57.38,19.89,12.65,69.1,6,94.94,3.01,118.42,39.48,72.97
M16743,M,59.06,20.96,14.8,63.12,4,94.08,3.09,122.84,41.49,71.59
M16744,M,54.49,16.02,7.95,81.59,7,96.82,3.17,87.84,32.75,76.48
L49065,L,56.17,17.96,15.1,75.17,7,93.96,3.25,99.26,36.33,73.82
L49066,L,58.85,20.1,10.2,65.1,7,95.92,3.31,111.46,40.22,72.26
M16747,M,56.88,18.18,13.3,73.01,5,94.68,3.36,97.64,36.86,73.52
M16748,M,53.19,16.4,13.45,86.9,3,94.62,3.44,86.64,33.76,74.9
H31303,H,60.12,20.61,14.6,61.29,2,94.16,3.52,109.04,41.42,70.79
L49070,L,59.1,21.16,13.85,65.02,3,94.46,3.65,111.84,42.57,70.02
L49071,L,55.5,18.37,11.95,79.02,3,95.22,3.71,93.28,37.64,72.57
M16752,M,60.3,22.18,9.05,60.81,5,96.38,3.76,115.96,44.54,69.31
L49073,L,57.58,18.99,15.2,72.05,4,93.92,3.84,92.42,38.93,71.34
H31308,H,54.02,17.5,16.3,85.25,5,93.48,3.89,84.2,36.33,72.42
L49075,L,61.97,25.66,14.55,54.37,3,94.18,4.03,135.48,51.1,64.94
L49076,L,58.68,21.19,13.65,68.1,6,94.54,4.08,103.08,43.17,68.89
L49077,L,61.01,22.7,16.75,59.55,7,93.3,4.13,110.76,45.94,67.09
L49078,L,61.74,26.08,10.85,55.56,5,95.66,4.19,135.64,52.08,64.5
L49079,L,61.57,22.72,11.95,58.04,2,95.22,4.24,107.76,46.11,67.27
H31314,H,60.1,21.88,14.05,63.71,7,94.38,4.29,101.86,44.68,67.67
M16761,M,60.08,23.3,17.3,63.6,2,93.08,4.43,110.3,47.4,65.72
L49082,L,57.42,20.8,16.45,74.3,4,93.42,4.51,92.08,43.0,67.84
L49083,L,53.49,18.78,12.55,89.01,7,94.98,4.56,80.16,39.46,69.9
M16764,M,59.35,22.74,9.65,67.08,2,96.14,4.61,102.58,46.62,66.5
L49085,L,57.73,21.36,10.8,73.67,5,95.68,4.69,91.94,44.24,67.41
L49086,L,61.53,27.34,15.9,57.83,5,93.64,4.75,133.4,55.04,61.4
L49087,L,60.51,25.0,12.0,62.7,6,95.2,4.8,114.88,50.91,63.74
L49088,L,53.69,19.61,14.1,89.04,5,94.36,4.85,79.94,41.32,68.22
L49089,L,61.63,26.12,9.2,58.69,6,96.32,4.91,119.9,53.05,62.74
H31324,H,60.06,24.08,17.3,65.31,4,93.08,4.96,104.54,49.47,63.62
M16771,M,63.58,29.58,9.55,51.01,5,96.18,5.09,140.72,59.49,59.11
M16772,M,59.23,24.24,10.7,68.93,3,95.72,5.17,102.22,50.03,63.57
M16773,M,61.2,25.81,17.85,61.69,5,92.86,5.25,110.24,52.94,61.24
L49094,L,59.09,24.08,16.0,70.11,2,93.6,5.33,97.46,49.93,62.77
L49095,L,61.35,25.84,14.1,61.68,7,94.36,5.39,107.24,53.15,61.24
L49096,L,62.93,29.02,15.2,54.84,6,93.92,5.44,129.34,58.93,58.13
M16777,M,61.89,28.3,16.3,59.0,6,93.48,5.49,123.86,57.72,58.52
M16778,M,55.23,10.0,1.0,69.8,2,99.6,0.0,109.92,17.92,90.94
L49099,L,52.96,7.74,7.15,79.03,6,97.14,0.08,93.16,13.97,92.14
L49100,L,45.7,4.78,6.25,105.66,3,97.5,0.13,78.22,8.73,94.74
L49101,L,52.98,8.56,2.35,78.97,4,99.06,0.19,97.3,15.58,91.6
L49102,L,52.3,7.37,0.45,82.12,6,99.82,0.24,87.52,13.51,92.72
L49103,L,55.08,9.41,2.55,71.75,5,98.98,0.29,98.78,17.23,90.54
L49104,L,57.7,13.72,8.65,60.79,6,96.54,0.35,128.46,25.02,85.93
L49105,L,55.08,10.62,7.75,71.54,6,96.9,0.4,106.14,19.55,88.65
L49106,L,54.14,9.06,8.85,75.77,6,96.46,0.45,93.72,16.82,89.8
H31341,H,58.45,13.47,9.95,58.96,4,96.02,0.51,121.88,24.79,85.6
L49108,L,54.1,9.4,8.2,76.45,2,96.72,0.64,92.26,17.65,89.07
M16789,M,56.2,14.8,2.3,66.75,3,99.08,0.69,131.46,27.42,84.67
M16790,M,55.03,11.57,3.45,72.67,6,98.62,0.77,105.38,21.72,87.25
M16791,M,49.3,7.98,3.6,94.46,6,98.56,0.85,82.78,15.4,90.23
M16792,M,53.51,10.12,10.75,79.24,5,95.7,0.93,92.32,19.33,87.39
L49113,L,54.3,11.82,9.9,75.99,5,96.04,1.01,102.96,22.47,85.75
L49114,L,53.49,11.52,4.0,79.14,6,98.4,1.07,100.56,22.01,86.46
M16795,M,58.22,17.14,11.1,60.28,3,95.56,1.12,137.74,32.14,80.58
M16796,M,47.37,8.2,10.25,102.35,5,95.9,1.2,79.38,16.22,88.46
L49117,L,57.9,14.44,8.4,63.33,2,96.64,1.28,113.02,27.51,82.85
L49118,L,56.42,14.2,10.5,68.75,7,95.8,1.33,111.94,27.15,82.71
M16799,M,59.6,17.63,3.6,56.33,6,98.56,1.39,133.86,33.37,80.18
L49120,L,55.68,13.3,6.75,72.25,4,97.3,1.47,102.76,25.7,83.54
L49121,L,57.97,19.11,4.85,61.7,4,98.06,1.52,144.9,36.18,78.38
L49122,L,57.58,15.32,5.95,65.14,6,97.62,1.57,113.92,29.46,81.53
L49123,L,54.03,12.6,4.05,78.9,3,98.38,1.63,95.88,24.66,84.01
L49124,L,52.82,11.86,6.15,83.62,3,97.54,1.68,90.42,23.4,84.32
L49125,L,55.43,13.4,10.25,74.1,2,95.9,1.73,97.92,26.22,82.4
L49126,L,55.4,14.08,9.35,74.06,4,96.26,1.79,102.24,27.52,81.73
L49127,L,57.79,18.0,9.45,64.1,3,96.22,1.84,129.04,34.59,78.08
L49128,L,58.61,17.13,3.55,61.94,7,98.58,1.89,119.8,33.11,79.3
M16809,M,56.73,16.31,5.65,68.99,6,97.74,1.95,114.66,31.72,79.68
M16810,M,57.75,17.98,11.8,64.96,7,95.28,2.03,124.78,34.8,77.36
L49131,L,52.61,12.0,11.95,85.95,7,95.22,2.11,82.18,24.18,82.5
L49132,L,61.0,21.6,5.05,52.5,6,97.98,2.16,146.32,41.47,74.44
L49133,L,56.31,15.36,5.15,71.97,6,97.94,2.21,101.66,30.35,79.88
L49134,L,58.32,18.52,13.25,63.69,7,94.7,2.27,122.98,36.09,76.1
L49135,L,60.57,20.76,4.35,55.02,4,98.26,2.32,136.56,40.16,74.85
M16816,M,59.82,18.82,13.45,58.79,6,94.62,2.37,120.88,36.75,75.53
H31371,H,56.21,16.34,5.6,72.73,2,97.76,2.45,104.16,32.4,78.33
H31372,H,58.6,18.56,13.85,63.92,7,94.46,2.59,115.68,36.56,75.16
M16819,M,60.38,20.51,10.1,57.34,2,95.96,2.72,125.84,40.22,73.44
L49140,L,59.1,21.25,14.25,61.68,5,94.3,2.8,131.72,41.65,72.15
L49141,L,59.14,21.36,10.35,61.72,2,95.86,2.85,131.36,41.91,72.3
L49142,L,60.02,20.87,7.45,59.11,6,97.02,2.91,125.02,41.1,72.89
L49143,L,60.26,19.7,9.55,59.1,3,96.18,2.96,114.18,39.08,73.58
M16824,M,59.94,20.76,12.65,59.87,2,94.94,3.01,121.9,41.05,72.18
L49145,L,57.47,17.56,8.8,70.27,3,96.48,3.09,97.82,35.4,75.23
L49146,L,58.49,19.56,14.9,65.97,5,94.04,3.15,111.3,39.07,72.68
L49147,L,57.47,19.05,15.0,69.93,3,94.0,3.2,107.38,38.21,72.99
L49148,L,62.02,22.46,15.1,52.82,3,93.96,3.25,127.22,44.39,69.79
H31383,H,56.98,17.74,9.2,72.68,6,96.32,3.31,95.22,36.01,74.46
M16830,M,63.38,27.07,11.45,46.56,7,95.42,3.44,158.04,52.89,65.53
L49151,L,62.07,23.74,7.6,53.03,6,96.96,3.52,131.36,47.02,68.69
L49152,L,57.56,18.4,14.7,71.4,5,94.12,3.57,93.64,37.51,72.63
L49153,L,55.65,17.21,13.8,78.75,6,94.48,3.63,85.54,35.45,73.64
L49154,L,60.04,23.22,9.9,60.89,7,96.04,3.68,126.4,46.29,68.51
L49155,L,60.5,22.6,16.0,59.8,7,93.6,3.73,119.64,45.25,68.31
M16836,M,60.61,23.21,9.1,59.34,3,96.36,3.79,123.18,46.42,68.31
M16837,M,57.58,19.27,15.25,72.01,2,93.9,3.87,94.06,39.46,71.01
L49158,L,60.45,22.74,14.4,60.73,2,94.24,3.95,116.04,45.78,67.78
H31393,H,60.83,23.45,12.5,59.28,5,95.0,4.0,120.0,47.12,67.19
M16840,M,62.71,27.02,7.75,51.54,5,96.9,4.13,143.02,53.69,64.11
L49161,L,61.58,23.89,9.9,57.3,2,96.04,4.21,117.7,48.18,66.5
M16842,M,60.16,23.12,10.0,62.79,4,96.0,4.27,112.34,46.87,67.03
M16843,M,60.66,24.14,17.15,60.88,2,93.14,4.35,117.98,48.79,65.19
M16844,M,61.79,24.66,14.3,57.02,6,94.28,4.43,118.74,49.82,64.81
L49165,L,59.7,23.72,11.45,64.99,7,95.42,4.51,112.34,48.24,65.72
L49166,L,60.33,24.4,17.55,62.7,7,92.98,4.56,115.76,49.54,64.35
M16847,M,58.92,21.64,12.65,69.13,3,94.94,4.61,94.38,44.65,67.18
H31402,H,61.61,23.88,11.8,59.06,2,95.28,4.69,106.8,48.77,65.05
L49169,L,56.45,20.33,16.05,79.09,4,93.58,4.83,82.5,42.58,67.45
L49170,L,61.78,26.66,17.15,57.82,5,93.14,4.88,124.66,54.0,61.53
M16851,M,59.51,23.95,9.25,67.18,3,96.3,4.93,104.86,49.2,64.61
L49172,L,62.63,26.69,13.4,55.4,4,94.64,5.01,120.7,54.21,61.53
M16853,M,61.41,25.83,11.5,60.24,2,95.4,5.07,114.26,52.73,62.35
M16854,M,62.37,26.72,12.65,56.79,4,94.94,5.15,118.26,54.43,61.23
L49175,L,61.76,27.46,15.8,58.82,6,93.68,5.23,123.22,55.85,60.04
M16856,M,62.33,40.39,43.9,50.6,5,82.44,8.28,104.72,74.52,41.79
L49177,L,52.67,10.32,8.0,78.44,4,96.8,0.0,116.04,18.51,89.95
H31412,H,53.24,7.86,5.1,77.92,5,97.96,0.05,94.34,14.16,92.31
L49179,L,54.8,10.01,1.35,72.0,5,99.46,0.19,106.4,18.18,90.4
L49180,L,58.65,14.0,2.45,56.95,5,99.02,0.24,131.78,25.39,86.58
L49181,L,53.99,9.6,7.55,75.4,5,96.98,0.29,101.88,17.59,89.86
L49182,L,53.32,7.82,7.65,78.79,6,96.94,0.35,87.28,14.45,91.32
M16863,M,54.69,10.58,5.75,72.91,7,97.7,0.4,106.28,19.46,88.89
L49184,L,56.42,13.32,8.9,65.89,2,96.44,0.48,124.02,24.48,85.91
L49185,L,55.71,11.1,7.0,69.65,2,97.2,0.53,106.08,20.57,87.95
M16866,M,57.56,14.38,3.1,61.86,7,98.76,0.59,128.62,26.53,85.25
L49187,L,55.02,10.6,7.25,72.8,5,97.1,0.67,100.04,19.85,88.02
L49188,L,51.45,8.34,9.35,86.38,4,96.26,0.72,85.62,15.85,89.7
M16869,M,52.88,9.49,8.45,81.1,6,96.62,0.77,91.74,18.0,88.61
L49190,L,59.36,17.68,5.6,55.06,2,97.76,0.85,146.56,32.78,81.34
L49191,L,54.5,10.27,4.7,75.66,6,98.12,0.91,92.72,19.56,87.94
L49192,L,57.75,14.48,7.8,62.61,5,96.88,0.96,120.74,27.17,83.71
L49193,L,56.53,13.76,8.9,67.37,3,96.44,1.01,115.5,25.96,84.1
L49194,L,59.13,18.12,3.0,56.44,7,98.8,1.07,145.6,33.84,80.65
L49195,L,59.32,34.94,36.1,47.58,7,85.56,4.12,158.62,59.46,58.42
L49196,L,57.1,14.52,2.2,65.64,3,99.12,1.17,117.16,27.52,83.67
L49197,L,56.8,14.3,9.3,67.0,6,96.28,1.23,114.66,27.2,83.02
L49198,L,58.43,15.44,4.4,61.03,2,98.24,1.28,120.3,29.3,82.35
M16879,M,54.34,10.75,7.5,77.62,7,97.0,1.33,87.2,20.96,86.1
H31434,H,55.89,12.56,10.65,71.72,3,95.74,1.41,97.8,24.32,83.95
L49201,L,57.2,15.19,8.9,66.4,7,96.44,1.55,114.0,29.19,81.42
L49202,L,58.82,16.52,7.0,60.39,2,97.2,1.6,121.26,31.65,80.27
L49203,L,57.84,18.51,4.1,62.94,2,98.36,1.65,137.28,35.28,78.64
M16884,M,53.86,11.3,3.2,80.45,7,98.72,1.71,83.84,22.41,85.06
L49205,L,57.63,15.34,11.35,65.78,6,95.46,1.79,109.18,29.76,80.41
M16886,M,59.28,18.74,12.45,58.63,5,95.02,1.84,133.0,35.94,77.11
L49207,L,53.69,12.21,8.6,81.4,5,96.56,1.92,86.6,24.33,83.14
M16888,M,59.59,17.57,7.7,58.67,7,96.92,1.97,120.18,34.0,78.28
L49209,L,55.03,14.96,4.85,75.92,5,98.06,2.05,103.76,29.42,80.7
L49210,L,58.99,18.7,10.95,60.65,4,95.62,2.11,127.0,36.19,76.6
L49211,L,60.06,22.18,9.05,55.46,4,96.38,2.16,152.22,42.5,73.52
L49212,L,58.47,17.19,9.15,63.6,5,96.34,2.21,113.28,33.62,77.85
H31447,H,59.77,18.7,5.25,58.6,6,97.9,2.27,122.38,36.4,76.74
M16894,M,58.96,19.05,11.5,61.72,5,95.4,2.4,123.3,37.2,75.45
M16895,M,58.41,15.99,6.65,65.46,2,97.34,2.48,97.78,31.81,78.47
L49216,L,52.34,13.38,6.8,87.91,6,97.28,2.56,83.44,27.24,80.58
H31451,H,51.71,12.82,6.9,90.59,2,97.24,2.61,78.6,26.29,80.94
L49218,L,59.64,22.04,11.15,59.23,4,95.54,2.75,138.5,43.0,71.89
M16899,M,59.06,18.3,7.25,63.3,7,97.1,2.8,108.18,36.36,75.49
L49220,L,55.7,16.04,5.4,76.28,2,97.84,2.88,92.92,32.41,77.49
L49221,L,55.85,15.6,14.5,76.2,6,94.2,2.93,88.0,31.69,76.84
M16902,M,60.03,22.06,7.6,58.82,3,96.96,2.99,132.74,43.34,71.6
M16903,M,57.21,16.78,7.75,71.46,7,96.9,3.07,92.54,33.97,76.11
L49224,L,59.15,19.72,6.9,63.64,2,97.24,3.15,111.6,39.34,73.35
M16905,M,55.81,17.42,6.0,76.44,3,97.6,3.2,96.66,35.3,75.35
L49226,L,60.49,21.22,6.15,58.79,7,97.54,3.28,118.76,42.2,71.73
L49227,L,54.92,16.05,10.25,80.72,2,95.9,3.33,83.9,33.01,75.81
L49228,L,59.49,20.54,9.35,62.98,3,96.26,3.39,112.3,41.11,71.74
M16909,M,57.79,19.8,10.45,69.4,6,95.82,3.44,107.52,39.85,72.15
M16910,M,56.58,17.86,8.6,74.82,5,96.56,3.52,91.9,36.49,73.86
M16911,M,59.66,21.9,7.75,62.55,5,96.9,3.6,118.2,43.83,70.11
L49232,L,59.64,21.14,8.9,63.28,6,96.44,3.68,110.34,42.57,70.47
L49233,L,61.09,26.45,16.0,55.87,4,93.6,3.73,149.64,52.15,64.86
M16914,M,57.9,18.81,16.1,70.84,3,93.56,3.79,91.7,38.53,71.55
L49235,L,57.44,19.82,8.25,72.24,5,96.7,3.87,98.66,40.45,71.22
L49236,L,62.01,25.28,13.35,54.01,2,94.66,3.92,134.86,50.3,65.67
L49237,L,59.35,22.49,13.45,64.75,5,94.62,3.97,115.0,45.37,68.02
M16918,M,53.85,18.08,8.55,86.06,2,96.58,4.03,86.04,37.53,72.33
H31473,H,61.45,23.42,12.7,57.59,2,94.92,4.11,116.52,47.2,66.92
L49240,L,55.53,19.64,9.95,80.33,5,96.02,4.24,91.46,40.6,70.22
L49241,L,62.05,25.56,14.05,55.17,6,94.38,4.29,128.58,51.26,64.38
M16922,M,60.39,23.72,12.15,61.99,6,95.14,4.35,114.94,48.03,66.08
L49243,L,62.75,26.63,11.3,52.74,2,95.48,4.43,133.22,53.36,63.34
L49244,L,60.89,23.79,8.4,60.76,3,96.64,4.48,111.86,48.34,66.03
L49245,L,61.45,24.88,8.5,58.51,2,96.6,4.53,118.58,50.35,64.91
L49246,L,60.15,22.81,12.6,64.19,5,94.96,4.59,102.64,46.72,66.21
L49247,L,59.62,23.12,9.7,66.09,2,96.12,4.64,104.66,47.34,66.08
M16928,M,59.95,23.86,16.8,64.77,2,93.28,4.69,108.88,48.72,64.57
H31483,H,59.77,24.57,17.95,65.37,7,92.82,4.77,113.06,50.11,63.6
L49250,L,62.84,27.15,14.2,54.03,4,94.32,4.91,126.44,54.89,61.32
M16931,M,63.47,29.88,10.3,50.71,4,95.88,4.96,146.26,59.86,59.12
L49252,L,59.82,24.0,18.45,66.5,7,92.62,5.04,102.4,49.42,63.37
L49253,L,58.32,23.06,16.55,72.32,7,93.38,5.09,95.74,47.8,64.26
L49254,L,59.47,23.32,14.65,68.44,4,94.14,5.15,95.04,48.33,64.08
L49255,L,62.62,45.3,39.75,46.85,3,84.1,8.2,145.4,83.22,38.01
L49256,L,60.44,24.76,16.85,64.82,2,93.26,5.25,102.88,51.06,62.28
L49257,L,58.21,23.72,16.95,73.19,3,93.22,5.31,96.42,49.26,63.06
M16938,M,58.4,23.18,16.05,73.01,7,93.58,5.36,90.64,48.36,63.49
M16939,M,60.95,25.8,15.2,63.25,6,93.92,5.44,106.26,53.15,61.02
L49260,L,50.03,20.41,13.35,103.8,5,94.66,5.52,76.4,43.6,65.82
M16941,M,61.66,28.49,17.45,60.0,2,93.02,5.57,123.9,58.16,58.03
H31496,H,61.34,25.98,12.6,62.66,4,94.96,5.65,102.46,53.76,60.55
H31497,H,51.63,7.05,7.0,83.62,7,97.2,0.0,91.26,12.64,92.98
L49264,L,56.16,11.95,0.25,66.12,4,99.9,0.13,121.24,21.59,88.91
L49265,L,55.93,12.24,1.35,66.98,6,99.46,0.19,122.64,22.17,88.41
H31500,H,56.33,13.15,4.45,65.38,4,98.22,0.24,128.18,23.87,87.14
L49267,L,54.47,10.27,5.7,73.71,6,97.72,0.37,104.74,18.88,89.24
L49268,L,58.11,12.88,8.8,60.11,2,96.48,0.43,119.42,23.63,86.45
L49269,L,49.29,7.06,0.9,93.52,4,99.64,0.48,83.82,13.27,92.31
L49270,L,57.33,13.42,1.0,62.94,2,99.6,0.53,122.46,24.74,86.46
L49271,L,56.8,12.28,7.1,65.51,4,97.16,0.59,112.86,22.77,86.73
L49272,L,56.7,13.97,4.2,65.22,6,98.32,0.64,125.28,25.85,85.37
L49273,L,55.02,11.83,1.3,72.28,3,99.48,0.69,109.28,22.09,87.44
L49274,L,57.8,13.14,4.4,62.28,7,98.24,0.75,114.74,24.5,85.82
L49275,L,55.71,12.78,3.5,69.86,4,98.6,0.8,113.5,23.91,86.09
M16956,M,57.77,16.61,2.6,61.04,2,98.96,0.85,140.14,30.86,82.61
M16957,M,58.75,14.68,1.75,58.96,6,99.3,0.93,121.52,27.49,84.21
L49278,L,57.75,17.79,4.9,61.16,4,98.04,1.01,146.02,33.17,80.9
L49279,L,54.97,11.15,3.0,74.22,2,98.8,1.07,95.52,21.34,86.9
M16960,M,56.85,14.86,2.1,66.12,2,99.16,1.12,121.42,28.06,83.52
L49281,L,56.11,13.05,4.25,69.88,2,98.3,1.2,106.16,24.92,84.72
L49282,L,59.13,19.26,8.35,56.62,2,96.66,1.25,150.5,36.11,78.6
M16963,M,58.44,15.6,9.45,61.0,3,96.22,1.31,120.92,29.61,81.63
M16964,M,55.27,12.98,3.6,73.51,3,98.56,1.39,102.6,25.04,84.35
L49285,L,56.89,15.4,7.75,67.05,4,96.9,1.47,117.9,29.47,81.56
L49286,L,54.77,11.71,5.85,76.4,5,97.66,1.52,90.1,22.92,84.91
M16967,M,58.15,16.54,7.95,62.58,3,96.82,1.57,122.94,31.66,80.23
H31522,H,58.27,17.89,6.1,61.81,3,97.56,1.65,131.7,34.16,79.0
M16969,M,57.24,16.21,9.35,66.69,6,96.26,1.79,116.72,31.33,79.83
H31524,H,57.15,14.35,6.5,68.23,7,97.4,1.87,100.16,28.09,81.57
L49291,L,58.35,17.98,7.75,62.81,2,96.9,2.0,124.52,34.76,77.84
L49292,L,52.36,11.81,12.85,86.7,7,94.86,2.05,82.24,23.78,82.72
L49293,L,52.26,11.94,3.95,87.18,5,98.42,2.11,82.26,24.09,83.35
H31528,H,59.45,17.51,10.05,59.9,5,95.98,2.16,115.66,34.12,77.61
L49295,L,59.15,18.7,8.3,60.85,7,96.68,2.29,122.68,36.44,76.36
M16976,M,59.54,18.26,6.4,59.92,4,97.44,2.35,117.42,35.72,76.81
H31531,H,54.09,14.6,5.55,80.8,2,97.78,2.43,93.84,29.26,79.96
H31532,H,59.08,18.43,10.8,62.24,5,95.68,2.56,114.58,36.29,75.66
M16979,M,52.99,14.26,14.05,85.77,6,94.38,2.69,86.56,28.97,78.72
H31534,H,52.35,13.64,5.2,88.58,6,97.92,2.77,80.76,27.98,79.94
M16981,M,58.4,18.07,12.45,66.12,7,95.02,2.91,104.86,36.08,74.9
M16982,M,58.19,18.69,5.6,66.81,4,97.76,2.99,108.26,37.29,74.82
L49303,L,58.75,18.8,6.75,65.15,2,97.3,3.07,106.62,37.6,74.39
L49304,L,59.7,19.13,8.85,61.93,3,96.46,3.12,106.8,38.26,73.74
L49305,L,62.26,41.87,36.95,41.96,3,85.22,6.17,163.96,74.5,46.71
L49306,L,59.54,21.3,6.05,61.8,6,97.58,3.23,121.98,42.29,71.8
H31541,H,59.95,19.99,11.15,61.26,2,95.54,3.28,109.7,40.0,72.33
L49308,L,54.64,16.32,6.4,81.84,3,97.44,3.41,84.6,33.58,75.74
H31543,H,57.51,18.83,14.5,70.94,5,94.2,3.47,99.54,38.15,72.54
L49310,L,60.8,25.35,7.75,56.88,2,96.9,3.6,144.22,50.01,67.02
L49311,L,60.27,22.31,15.85,60.44,6,93.66,3.65,119.44,44.63,68.79
L49312,L,57.01,18.22,14.95,73.89,3,94.02,3.71,90.0,37.37,72.41
H31547,H,56.02,18.7,7.05,77.25,2,97.18,3.76,94.04,38.31,72.62
L49314,L,59.94,23.26,12.3,62.02,5,95.08,3.89,122.06,46.63,67.67
L49315,L,59.45,23.79,12.4,63.66,3,95.04,3.95,125.82,47.66,67.04
L49316,L,58.39,22.38,13.5,68.21,5,94.6,4.0,114.76,45.19,68.06
L49317,L,57.94,19.94,14.6,71.18,5,94.16,4.05,94.66,40.88,69.99
L49318,L,56.38,19.97,13.7,76.72,6,94.52,4.11,95.88,41.01,69.91
L49319,L,61.09,24.38,15.8,58.56,4,93.68,4.16,123.5,48.99,65.61
L49320,L,61.09,24.29,8.9,58.81,5,96.44,4.21,121.58,48.89,66.24
M17001,M,58.85,21.52,10.0,68.09,2,96.0,4.27,101.34,44.01,68.46
L49322,L,61.86,28.12,14.15,54.74,4,94.34,4.35,148.12,55.92,61.93
M17003,M,60.96,25.45,17.25,59.37,3,93.1,4.4,126.84,51.21,63.87
L49324,L,60.92,23.56,12.4,60.77,6,95.04,4.48,110.02,47.93,65.83
L49325,L,59.54,25.05,12.5,64.97,4,95.0,4.53,122.6,50.66,64.35
L49326,L,58.19,21.98,10.6,71.36,7,95.76,4.59,98.74,45.24,67.15
L49327,L,59.66,22.34,11.7,66.33,5,95.32,4.64,98.4,45.95,66.58
L49328,L,59.24,22.6,10.8,67.85,3,95.68,4.69,99.86,46.48,66.29
L49329,L,58.86,22.29,15.9,69.51,6,93.64,4.75,96.66,45.99,65.92
H31564,H,58.59,23.28,13.0,70.16,4,94.8,4.8,103.72,47.82,65.19
M17011,M,63.79,27.68,17.25,50.61,3,93.1,4.93,128.78,55.88,60.47
M17012,M,58.66,22.14,16.4,71.33,4,93.44,5.01,89.76,46.06,65.3
H31567,H,62.4,26.63,9.55,56.54,3,96.18,5.09,118.74,54.21,61.76
M17014,M,57.16,21.88,11.8,77.41,3,95.28,5.23,84.94,45.86,65.44
L49335,L,63.45,27.84,12.95,53.13,7,94.82,5.31,122.22,56.66,59.76
M17016,M,61.82,26.46,19.05,59.62,5,92.38,5.36,112.14,54.23,60.26
M17017,M,54.9,21.27,14.2,86.32,4,94.32,5.44,78.38,45.04,65.18
M17018,M,62.85,28.98,13.35,55.46,4,94.66,5.52,127.38,58.97,58.14
M17019,M,59.98,24.62,11.5,67.79,7,95.4,5.6,94.64,51.26,62.02
L49340,L,61.46,27.29,13.65,61.7,4,94.54,5.68,112.14,56.14,59.21
L49341,L,62.14,27.32,19.75,59.54,6,92.1,5.73,110.28,56.27,58.43
L49342,L,64.07,27.88,11.85,52.86,6,95.26,5.79,110.92,57.34,58.57
L49343,L,62.87,27.47,14.95,57.36,5,94.02,5.84,108.04,56.66,58.49
L49344,L,61.22,26.86,12.05,63.57,5,95.18,5.89,104.2,55.63,59.19
L49345,L,62.21,29.79,19.15,58.9,7,92.34,5.95,125.12,60.96,55.71
M17026,M,56.58,38.85,42.25,73.92,7,83.1,9.0,84.14,72.68,41.44
H31581,H,53.89,10.32,0.0,74.24,5,100.0,0.0,114.36,18.51,90.75
M17028,M,56.48,12.78,1.25,64.61,6,99.5,0.13,127.4,23.07,88.07
L49349,L,56.65,12.94,7.4,64.28,7,97.04,0.21,126.7,23.46,87.1
M17030,M,55.47,11.62,2.5,69.19,2,99.0,0.27,116.6,21.18,88.63
L49351,L,55.53,12.19,0.65,69.0,5,99.74,0.35,119.24,22.29,88.1
L49352,L,51.02,6.95,2.75,87.32,6,98.9,0.4,82.32,12.97,92.44
M17033,M,55.75,11.76,4.85,68.87,3,98.06,0.45,113.1,21.65,87.78
L49354,L,54.72,9.95,4.0,73.62,5,98.4,0.53,98.24,18.51,89.28
M17035,M,54.52,10.74,3.1,74.13,2,98.76,0.59,103.6,19.99,88.52
M17036,M,57.56,14.08,7.25,62.31,4,97.1,0.67,124.34,26.08,84.9
M17037,M,57.57,14.16,9.4,62.57,3,96.24,0.75,123.26,26.34,84.4
L49358,L,54.61,11.8,9.55,74.2,6,96.18,0.83,106.64,22.21,86.29
L49359,L,54.69,10.96,5.65,74.57,2,97.74,0.88,98.62,20.77,87.29
H31594,H,54.81,11.88,7.75,73.91,4,96.9,0.93,104.54,22.47,86.12
H31595,H,55.67,14.27,4.0,70.26,2,98.4,1.07,119.56,26.94,84.0
M17042,M,59.23,19.05,7.25,56.18,5,97.1,1.2,149.88,35.67,79.04
M17043,M,55.49,13.79,4.4,71.96,7,98.24,1.28,111.14,26.34,83.83
L49364,L,57.06,14.93,8.55,66.28,5,96.58,1.36,116.3,28.49,82.18
L49365,L,54.87,12.34,7.65,75.33,4,96.94,1.41,97.4,23.91,84.45
L49366,L,57.62,15.12,7.75,64.69,3,96.9,1.47,114.7,28.97,81.8
M17047,M,57.77,16.41,8.85,63.74,7,96.46,1.52,123.58,31.35,80.4
L49368,L,58.13,15.82,10.0,63.09,4,96.0,1.6,116.6,30.4,80.6
H31603,H,56.24,15.36,6.1,70.02,2,97.56,1.65,114.28,29.63,81.27
M17050,M,57.6,16.43,9.35,65.33,2,96.26,1.79,118.02,31.73,79.63
L49371,L,55.12,14.0,3.5,75.4,6,98.6,1.87,100.16,27.47,82.18
L49372,L,57.74,17.96,6.6,64.62,3,97.36,1.92,127.04,34.63,78.18
M17053,M,58.15,16.64,8.7,64.08,4,96.52,1.97,114.76,32.34,79.01
M17054,M,56.49,14.98,12.85,70.91,5,94.86,2.05,101.96,29.47,79.87
L49375,L,55.92,14.1,6.0,73.6,5,97.6,2.13,93.86,27.98,81.14
M17056,M,56.89,15.41,6.1,69.84,4,97.56,2.19,101.82,30.4,79.82
L49377,L,59.0,19.1,11.25,61.05,2,95.5,2.27,126.64,37.12,75.78
M17058,M,58.1,17.21,7.35,65.3,4,97.06,2.32,111.56,33.8,77.73
M17059,M,61.24,21.7,4.5,52.55,2,98.2,2.4,141.36,41.95,73.78
L49380,L,57.29,16.34,7.65,69.13,7,96.94,2.48,102.12,32.44,78.05
L49381,L,57.04,16.62,4.75,70.04,3,98.1,2.53,103.54,33.02,77.95
M17062,M,57.38,16.69,9.85,69.06,5,96.06,2.59,102.36,33.19,77.24
L49383,L,56.51,15.7,10.0,72.85,4,96.0,2.67,93.88,31.53,77.9
M17064,M,60.38,19.69,7.1,57.76,5,97.16,2.72,119.24,38.74,74.48
L49385,L,56.51,17.05,7.25,72.68,7,97.1,2.8,101.68,34.12,76.62
L49386,L,59.31,21.56,5.35,61.02,6,97.86,2.85,132.72,42.27,72.62
L49387,L,57.11,18.1,14.45,70.5,5,94.22,2.91,106.82,36.13,74.68
H31622,H,59.44,19.53,11.55,61.98,3,95.38,2.96,113.9,38.77,73.54
L49389,L,60.31,21.63,12.8,58.48,3,94.88,3.09,126.52,42.7,71.18
L49390,L,60.15,22.96,6.9,58.57,4,97.24,3.15,136.22,45.16,70.44
M17071,M,62.48,25.6,6.0,49.45,5,97.6,3.2,152.9,49.95,68.02
L49392,L,59.22,19.84,8.15,63.83,7,96.74,3.28,109.5,39.73,72.76
L49393,L,59.31,19.85,11.25,63.73,2,95.5,3.33,108.26,39.82,72.3
H31628,H,61.09,21.36,11.35,57.07,6,95.46,3.39,116.7,42.59,70.8
H31629,H,59.59,22.96,14.6,61.92,5,94.16,3.52,128.56,45.63,68.69
L49396,L,57.17,18.66,15.85,72.92,4,93.66,3.65,94.5,38.09,72.06
L49397,L,61.57,24.94,15.95,54.88,5,93.62,3.71,137.54,49.42,66.28
L49398,L,56.3,19.66,10.05,75.82,7,95.98,3.76,101.26,40.01,71.47
M17079,M,60.4,23.54,14.15,59.98,2,94.34,3.81,125.5,47.04,67.44
M17080,M,56.11,18.2,9.3,77.7,5,96.28,3.89,86.92,37.58,72.49
L49401,L,61.5,27.02,11.45,55.09,4,95.42,3.97,148.24,53.48,64.17
L49402,L,58.17,20.33,9.55,70.09,3,96.18,4.03,98.1,41.56,70.21
L49403,L,61.02,24.36,9.65,58.47,6,96.14,4.08,125.26,48.86,66.45
M17084,M,57.71,20.38,10.75,72.06,2,95.7,4.13,96.7,41.77,69.77
M17085,M,60.42,24.89,10.9,60.8,5,95.64,4.21,127.3,49.97,65.5
M17086,M,57.31,19.83,10.05,74.33,2,95.98,4.29,89.3,41.0,69.91
L49407,L,53.32,18.22,8.2,89.14,3,96.72,4.37,80.1,38.22,71.32
H31642,H,59.54,23.73,16.3,65.24,4,93.48,4.43,114.44,48.16,65.44
L49409,L,57.66,21.38,16.55,73.36,2,93.38,4.56,95.22,44.12,67.17
L49410,L,61.14,25.26,14.65,59.67,7,94.14,4.61,120.32,51.15,63.73
L49411,L,61.66,28.1,16.75,56.7,5,93.3,4.67,141.1,56.3,60.84
L49412,L,57.98,21.78,16.85,72.71,2,93.26,4.72,94.44,45.05,66.35
L49413,L,45.27,32.57,46.95,111.16,5,81.22,7.77,76.98,59.86,49.83
L49414,L,60.72,24.6,16.05,62.3,3,93.58,4.83,110.84,50.24,63.62
M17095,M,61.31,25.32,12.15,60.09,7,95.14,4.88,114.5,51.58,63.24
M17096,M,61.88,25.66,9.3,58.27,5,96.28,4.96,114.64,52.29,63.01
L49417,L,62.25,27.77,13.45,56.26,7,94.62,5.04,129.26,56.18,60.48
L49418,L,61.28,27.68,13.55,59.86,5,94.58,5.09,128.68,56.09,60.41
L49419,L,62.69,27.94,13.65,55.08,7,94.54,5.15,127.62,56.62,60.03
L49420,L,61.64,26.78,9.75,59.46,5,96.1,5.2,118.54,54.6,61.32
L49421,L,58.01,22.98,15.85,74.06,3,93.66,5.25,92.02,47.88,63.97
L49422,L,58.71,23.17,11.95,71.76,4,95.22,5.31,91.34,48.28,64.05
L49423,L,61.71,24.83,17.05,60.84,2,93.18,5.36,99.3,51.32,61.92
M17104,M,60.65,40.62,41.15,56.79,7,83.54,8.41,105.84,75.1,41.51
M17105,M,56.07,10.58,6.0,66.61,6,97.6,0.0,113.36,18.95,89.92
L49426,L,56.63,12.09,8.15,64.26,7,96.74,0.08,122.92,21.77,88.14
M17107,M,56.83,12.52,1.25,63.54,2,99.5,0.13,124.92,22.62,88.3
M17108,M,58.26,15.79,8.4,57.3,2,96.64,0.21,147.28,28.57,84.45
L49429,L,56.34,12.5,5.55,65.85,2,97.78,0.29,121.84,22.79,87.46
M17110,M,57.07,13.22,1.65,63.19,6,99.34,0.35,125.32,24.13,87.08
H31665,H,56.75,12.13,5.8,65.14,6,97.68,0.43,115.28,22.28,87.42
H31666,H,56.51,12.38,10.05,66.36,6,95.98,0.56,114.62,22.9,86.42
L49433,L,57.61,15.6,7.3,61.5,4,97.08,0.69,135.92,28.85,83.46
L49434,L,58.56,13.96,10.4,59.27,4,95.84,0.75,120.3,25.98,84.48
L49435,L,55.21,10.82,1.5,72.54,6,99.4,0.8,98.58,20.42,88.04
L49436,L,56.29,12.08,9.6,68.41,3,96.16,0.85,105.98,22.75,85.96
L49437,L,50.48,9.02,3.7,90.09,4,98.52,0.91,88.24,17.32,89.16
L49438,L,58.88,17.95,9.8,56.97,5,96.08,0.96,146.98,33.4,80.4
L49439,L,57.31,16.11,7.9,63.49,4,96.84,1.01,133.22,30.17,82.1
H31674,H,56.06,12.32,2.0,69.89,7,99.2,1.07,103.42,23.45,85.94
M17121,M,57.46,14.9,10.25,64.3,2,95.9,1.2,119.1,28.23,82.46
L49442,L,56.13,14.44,2.4,69.43,2,99.04,1.28,115.46,27.51,83.45
M17123,M,56.25,14.75,3.5,69.08,2,98.6,1.33,116.58,28.13,82.92
M17124,M,58.0,15.12,4.65,63.19,2,98.14,1.41,115.3,28.89,82.26
M17125,M,59.32,17.28,8.8,57.86,3,96.48,1.49,129.0,32.87,79.7
L49446,L,58.67,19.87,8.95,59.11,3,96.42,1.57,148.82,37.61,77.15
L49447,L,58.89,17.98,9.05,59.51,2,96.38,1.63,132.2,34.3,78.69
L49448,L,57.96,16.69,8.15,63.56,5,96.74,1.68,121.96,32.05,79.8
L49449,L,59.83,17.25,5.25,57.08,3,97.9,1.73,122.68,33.12,79.45
L49450,L,58.1,17.39,7.35,63.16,3,97.06,1.79,124.94,33.43,78.98
L49451,L,52.57,12.05,5.45,85.03,4,97.82,1.84,88.62,23.93,83.81
M17132,M,58.06,18.7,8.55,63.05,6,96.58,1.89,133.16,35.93,77.39
L49453,L,56.09,14.1,10.7,72.4,7,95.72,1.97,97.18,27.77,81.1
L49454,L,57.16,14.5,4.8,68.75,7,98.08,2.03,97.8,28.58,81.18
L49455,L,55.98,15.49,12.9,72.5,7,94.84,2.08,106.1,30.41,79.35
L49456,L,59.13,19.95,4.0,59.68,7,98.4,2.13,136.26,38.47,76.1
H31691,H,58.97,17.66,8.1,61.57,4,96.76,2.19,116.96,34.43,77.6
M17138,M,58.38,15.86,8.35,65.02,3,96.66,2.32,100.38,31.38,78.84
L49459,L,57.51,16.95,12.5,67.78,3,95.0,2.4,108.5,33.43,77.23
L49460,L,59.53,21.61,13.6,58.7,7,94.56,2.45,141.8,41.85,72.81
L49461,L,57.46,17.24,4.7,68.18,4,98.12,2.51,108.52,34.1,77.47
L49462,L,58.65,19.58,12.8,63.16,6,94.88,2.56,124.38,38.35,74.43
L49463,L,59.75,20.62,12.9,59.04,5,94.84,2.61,129.94,40.27,73.35
L49464,L,59.94,21.35,5.0,58.23,5,98.0,2.67,134.36,41.66,73.34
L49465,L,59.96,22.34,11.1,57.88,4,95.56,2.72,141.02,43.49,71.7
M17146,M,61.36,23.44,14.2,52.73,2,94.32,2.77,146.78,45.55,70.26
L49467,L,54.8,15.26,10.35,79.67,6,95.86,2.85,88.52,30.98,77.77
M17148,M,57.84,18.5,6.45,67.8,6,97.42,2.91,109.02,36.85,75.12
L49469,L,58.47,18.41,11.6,66.0,5,95.36,2.99,105.68,36.79,74.47
M17150,M,61.19,22.1,12.7,55.0,2,94.92,3.04,130.22,43.47,70.92
M17151,M,53.06,14.58,9.85,87.01,7,96.06,3.12,79.52,30.11,77.72
L49472,L,59.9,22.9,12.0,59.65,3,95.2,3.2,134.84,45.11,69.84
L49473,L,58.54,19.34,10.1,66.33,7,95.96,3.25,107.0,38.79,73.09
L49474,L,57.04,18.07,9.2,72.32,3,96.32,3.31,97.74,36.59,74.17
L49475,L,58.77,19.38,11.3,65.91,2,95.48,3.36,104.64,39.01,72.65
L49476,L,58.24,20.92,13.4,67.19,4,94.64,3.41,116.46,41.83,70.92
L49477,L,54.67,16.9,6.5,81.65,3,97.4,3.47,88.04,34.7,75.07
L49478,L,59.39,19.96,8.6,64.12,5,96.56,3.52,104.84,40.25,71.97
L49479,L,59.97,41.44,41.7,51.58,4,83.32,6.57,154.72,74.25,45.56
L49480,L,61.13,23.51,6.8,56.8,3,97.28,3.63,128.42,46.74,68.7
M17161,M,58.06,19.97,15.9,69.32,3,93.64,3.68,103.12,40.46,70.82
L49482,L,59.18,21.23,9.05,65.14,4,96.38,3.76,109.9,42.83,70.16
L49483,L,61.29,24.84,9.15,56.28,6,96.34,3.81,134.68,49.37,66.77
L49484,L,60.17,21.55,15.25,61.98,3,93.9,3.87,108.7,43.54,68.97
H31719,H,61.88,23.64,15.35,55.28,2,93.86,3.92,121.84,47.35,66.95
L49486,L,63.22,26.61,10.6,49.7,3,95.76,4.05,140.8,52.85,64.41
H31721,H,58.0,20.7,12.7,70.8,2,94.92,4.11,99.46,42.31,69.36
L49488,L,61.82,26.6,9.95,55.25,5,96.02,4.24,138.42,53.06,64.0
L49489,L,58.38,20.73,8.05,70.18,6,96.78,4.29,95.02,42.61,69.3
M17170,M,59.55,24.92,9.15,64.29,6,96.34,4.35,125.7,50.18,65.3
M17171,M,60.28,22.9,13.3,63.1,5,94.68,4.43,106.82,46.68,66.48
M17172,M,61.1,22.57,11.45,60.76,2,95.42,4.51,101.22,46.18,66.75
M17173,M,57.05,20.41,12.6,76.04,3,94.96,4.59,87.7,42.41,68.36
L49494,L,62.34,25.8,9.75,55.5,4,96.1,4.67,121.76,52.18,63.6
L49495,L,60.1,23.64,11.85,64.48,5,95.26,4.72,106.32,48.36,65.19
L49496,L,59.93,24.12,16.95,65.04,7,93.22,4.77,109.24,49.3,64.11
L49497,L,59.07,22.26,11.05,69.12,3,95.58,4.83,94.3,46.03,66.23
L49498,L,62.04,27.49,12.15,56.5,7,95.14,4.88,130.9,55.48,61.29
M17179,M,57.81,23.18,13.25,73.41,3,94.7,4.93,101.0,47.81,64.9
H31734,H,61.68,24.82,18.4,59.59,7,92.64,5.01,107.0,50.85,62.71
M17181,M,63.67,28.56,13.65,51.42,2,94.54,5.15,131.28,57.74,59.47
L49502,L,60.85,26.16,9.8,62.62,3,96.08,5.23,114.08,53.52,61.8
M17183,M,62.55,27.59,13.9,56.26,5,94.44,5.28,122.02,56.16,59.97
L49504,L,59.22,23.56,17.05,70.02,2,93.18,5.36,92.52,49.03,63.06
L49505,L,59.76,24.72,12.15,67.79,5,95.14,5.41,99.86,51.18,62.37
M17186,M,61.51,29.55,11.25,59.58,6,95.5,5.47,134.94,59.91,57.98
M17187,M,62.57,29.22,19.4,56.39,5,92.24,5.55,129.0,59.42,57.26
L49508,L,60.35,25.96,16.55,65.97,6,93.38,5.63,104.18,53.67,60.25
L49509,L,61.79,27.16,15.65,60.62,6,93.74,5.68,110.68,55.91,59.12
M17190,M,63.22,29.52,18.75,54.74,3,92.5,5.73,126.4,60.21,56.55
L49511,L,63.4,45.84,47.9,46.28,3,80.84,8.81,134.88,84.97,35.1
L49512,L,63.54,45.2,49.0,46.3,4,80.4,8.87,128.36,83.89,35.42
L49513,L,62.63,29.06,16.1,57.72,5,93.56,5.92,119.3,59.61,56.74
L49514,L,62.69,28.8,19.2,57.85,3,92.32,5.97,115.9,59.21,56.53
L49515,L,55.04,9.85,1.0,70.53,3,99.6,0.0,108.98,17.65,91.07
L49516,L,56.19,11.86,8.1,65.77,5,96.76,0.05,122.28,21.33,88.42
L49517,L,49.8,6.3,0.2,90.7,7,99.92,0.11,85.34,11.42,94.06
L49518,L,53.15,7.48,9.3,78.81,4,96.28,0.16,89.02,13.61,91.94
L49519,L,55.9,10.96,5.4,67.82,3,97.84,0.21,111.92,19.92,89.07
L49520,L,55.77,10.98,5.5,68.46,5,97.8,0.27,110.98,20.01,88.91
L49521,L,56.85,12.56,6.6,64.17,6,97.36,0.32,120.98,22.92,87.24
M17202,M,53.06,8.17,1.7,79.62,7,99.32,0.37,89.88,15.12,91.52
L49523,L,58.52,16.71,5.85,56.9,4,97.66,0.45,148.9,30.53,83.24
M17204,M,52.03,8.12,4.95,83.69,5,98.02,0.51,87.9,15.2,90.89
L49525,L,56.19,11.44,6.1,68.03,5,97.56,0.59,106.9,21.24,87.6
L49526,L,57.31,13.84,1.2,63.18,4,99.52,0.64,123.44,25.63,85.79
L49527,L,57.26,12.83,3.3,64.08,7,98.68,0.69,114.2,23.88,86.34
L49528,L,56.94,12.69,6.4,65.46,3,97.44,0.75,112.32,23.69,86.02
M17209,M,57.73,12.95,4.5,62.82,4,98.2,0.8,112.12,24.23,85.84
L49530,L,52.61,9.24,2.65,82.58,3,98.94,0.88,87.68,17.68,89.13
L49531,L,57.78,14.9,9.75,62.2,4,96.1,0.93,124.66,27.89,83.21
M17212,M,57.41,14.31,10.85,63.94,3,95.66,0.99,119.24,26.9,83.49
L49533,L,51.41,8.9,11.0,87.6,3,95.6,1.07,82.42,17.31,88.11
L49534,L,57.4,12.78,11.1,65.26,6,95.56,1.12,104.06,24.34,84.48
M17215,M,59.33,18.67,2.2,55.92,6,99.12,1.17,147.3,34.96,79.96
H31770,H,56.61,13.64,10.35,68.08,7,95.86,1.25,108.96,26.03,83.44
L49537,L,52.77,10.68,3.6,83.26,2,98.56,1.39,87.64,20.91,86.41
M17218,M,58.52,14.94,4.7,61.58,4,98.12,1.44,112.62,28.62,82.34
L49539,L,58.14,14.18,2.85,63.56,5,98.86,1.52,105.26,27.36,83.0
H31774,H,58.57,18.02,9.95,60.39,3,96.02,1.57,134.16,34.3,78.71
M17221,M,55.18,13.97,5.2,74.56,3,97.92,1.71,103.42,27.21,82.46
H31776,H,56.89,15.71,11.35,68.14,4,95.46,1.79,113.2,30.43,80.08
L49543,L,57.18,17.11,9.6,66.94,5,96.16,1.92,121.0,33.11,78.65
L49544,L,59.34,18.34,11.7,59.13,2,95.32,1.97,126.72,35.39,77.19
L49545,L,52.43,11.8,8.8,86.35,3,96.48,2.03,82.7,23.74,83.2
L49546,L,57.73,17.42,12.9,65.54,4,94.84,2.08,119.1,33.86,77.62
M17227,M,57.63,16.25,6.0,66.68,4,97.6,2.13,108.72,31.84,79.21
M17228,M,58.12,17.19,4.15,64.81,6,98.34,2.21,113.76,33.62,78.35
M17229,M,52.57,12.56,13.3,86.52,6,94.68,2.29,82.52,25.42,81.37
L49550,L,56.09,15.64,10.45,73.18,5,95.82,2.37,100.6,31.06,78.68
L49551,L,59.22,18.48,12.55,61.21,3,94.98,2.43,117.78,36.21,75.79
M17232,M,59.36,19.79,11.65,60.31,7,95.34,2.48,126.88,38.62,74.56
L49553,L,60.23,20.5,13.8,57.25,7,94.48,2.56,129.6,40.01,73.5
M17234,M,57.56,17.34,8.9,68.23,5,96.44,2.61,106.76,34.4,76.68
M17235,M,58.55,16.26,12.05,65.67,4,95.18,2.69,94.92,32.56,77.13
M17236,M,60.27,21.27,10.2,57.57,6,95.92,2.77,130.88,41.65,72.61
M17237,M,57.19,19.94,7.35,69.13,7,97.06,2.85,122.64,39.36,73.88
L49558,L,60.68,22.83,10.5,55.99,3,95.8,2.93,139.16,44.64,70.76
H31793,H,59.26,20.48,6.6,62.26,3,97.36,2.99,121.2,40.51,73.11
L49560,L,62.43,24.58,5.85,49.81,5,97.66,3.12,146.64,48.03,69.16
L49561,L,58.84,18.24,9.95,65.53,5,96.02,3.17,99.66,36.74,74.29
L49562,L,57.33,17.53,11.05,71.28,2,95.58,3.23,94.82,35.52,74.68
L49563,L,57.87,18.16,7.15,69.32,3,97.14,3.28,97.96,36.73,74.36
M17244,M,58.83,19.5,7.25,65.55,6,97.1,3.33,106.12,39.19,73.01
L49565,L,58.66,18.76,13.4,66.82,2,94.64,3.41,98.68,37.97,72.85
L49566,L,58.44,19.88,6.5,67.21,2,97.4,3.47,106.66,40.03,72.4
M17247,M,59.51,22.36,14.6,62.52,3,94.16,3.52,123.88,44.55,69.22
M17248,M,58.84,20.12,7.75,66.24,4,96.9,3.6,105.12,40.65,71.7
L49569,L,53.97,17.79,12.9,84.46,5,94.84,3.68,91.34,36.56,73.07
L49570,L,59.56,21.5,12.0,63.6,7,95.2,3.73,112.14,43.28,69.69
L49571,L,58.26,19.51,15.1,69.24,7,93.96,3.79,96.8,39.78,71.02
L49572,L,61.82,24.02,8.2,54.99,3,96.72,3.84,126.8,47.93,67.53
L49573,L,58.91,22.08,11.3,66.16,7,95.48,3.89,114.08,44.53,68.82
L49574,L,59.78,21.92,9.4,63.44,6,96.24,3.95,110.36,44.3,69.02
M17255,M,56.15,19.23,13.5,77.49,3,94.6,4.0,92.64,39.54,70.88
M17256,M,58.42,20.79,10.65,69.2,7,95.74,4.08,100.24,42.45,69.55
L49577,L,58.66,22.18,7.8,68.01,4,96.88,4.16,109.24,45.04,68.38
L49578,L,60.05,23.44,9.9,62.78,5,96.04,4.21,116.2,47.37,66.9
M17259,M,58.6,21.75,13.0,68.82,5,94.8,4.27,103.48,44.41,67.96
H31814,H,60.61,26.79,16.15,59.7,5,93.54,4.35,139.24,53.54,62.92
M17261,M,62.14,25.34,9.4,55.68,4,96.24,4.48,122.54,51.11,64.54
L49582,L,62.85,26.43,16.55,53.04,3,93.38,4.56,128.5,53.17,62.64
H31817,H,61.12,26.69,9.65,59.06,6,96.14,4.61,131.76,53.7,62.96
M17264,M,53.12,19.32,17.9,90.74,2,92.84,4.75,80.76,40.65,68.39
L49585,L,60.63,24.2,9.05,62.8,4,96.38,4.83,107.76,49.52,64.68
L49586,L,61.58,25.04,18.15,59.33,2,92.74,4.88,111.94,51.09,62.88
M17267,M,60.73,26.08,17.25,61.91,2,93.1,4.93,120.18,53.01,61.9
L49588,L,62.9,28.19,14.4,53.7,6,94.24,5.01,132.32,56.9,60.08
L49589,L,60.3,26.9,12.5,63.5,3,95.0,5.07,124.38,54.66,61.29
L49590,L,58.18,23.38,16.6,72.76,5,93.36,5.12,97.98,48.42,63.89
L49591,L,60.13,25.04,11.7,65.43,6,95.32,5.17,107.38,51.47,62.75
L49592,L,62.39,27.36,15.8,56.72,5,93.68,5.23,121.56,55.68,60.13
L49593,L,55.49,21.59,16.9,83.5,5,93.24,5.28,83.72,45.41,65.04
L49594,L,56.41,10.85,9.0,65.32,3,96.4,0.0,115.1,19.45,89.38
M17275,M,53.96,9.06,7.1,74.82,2,97.16,0.05,102.94,16.31,91.03
L49596,L,54.29,10.05,7.25,73.52,6,97.1,0.13,108.62,18.18,89.92
L49597,L,54.27,9.71,2.35,73.94,4,99.06,0.19,104.72,17.64,90.57
L49598,L,53.11,9.32,8.45,78.34,3,96.62,0.24,102.0,17.01,90.17
M17279,M,58.0,13.18,3.55,59.81,7,98.58,0.29,124.96,24.0,87.06
H31834,H,56.32,12.3,4.7,66.35,5,98.12,0.37,118.4,22.51,87.53
L49601,L,42.88,5.27,2.95,116.56,7,98.82,0.51,77.68,10.09,93.65
L49602,L,56.63,15.03,2.05,64.64,5,99.18,0.56,135.66,27.65,84.85
M17283,M,48.26,6.84,4.15,97.68,7,98.34,0.61,80.44,13.04,91.84
L49604,L,51.18,8.03,6.3,87.38,5,97.48,0.69,84.16,15.27,90.35
L49605,L,56.42,15.62,7.4,65.79,3,97.04,0.75,136.44,28.94,83.3
M17286,M,57.93,33.3,31.5,51.95,6,87.4,3.8,154.64,56.12,61.19
L49607,L,50.99,8.59,7.65,88.46,3,96.94,0.88,84.7,16.52,89.22
M17288,M,58.01,14.6,4.75,61.55,2,98.1,0.93,121.94,27.36,83.98
L49609,L,57.3,15.26,9.9,63.97,5,96.04,1.01,126.44,28.65,82.66
M17290,M,58.77,15.15,10.0,59.18,2,96.0,1.07,122.3,28.51,82.61
M17291,M,57.75,16.26,7.15,62.42,4,97.14,1.15,130.82,30.61,81.69
L49612,L,56.4,14.56,8.3,68.22,4,96.68,1.23,117.2,27.65,82.89
L49613,L,57.47,14.84,11.4,64.63,3,95.44,1.28,116.82,28.23,82.19
M17294,M,58.74,14.68,5.5,60.56,5,97.8,1.33,112.56,28.0,82.78
L49615,L,54.05,11.84,4.65,78.38,6,98.14,1.41,94.52,23.02,85.2
H31850,H,54.46,12.0,3.75,77.1,3,98.5,1.47,94.04,23.37,85.01
L49617,L,58.05,14.82,12.0,63.89,3,95.2,1.6,108.72,28.61,81.3
M17298,M,59.5,18.36,9.1,57.32,7,96.36,1.65,133.8,35.01,78.28
L49619,L,54.31,13.1,11.25,78.1,3,95.5,1.73,97.06,25.68,82.57
L49620,L,58.26,17.34,7.35,62.63,5,97.06,1.79,124.32,33.34,79.02
L49621,L,54.68,13.27,3.45,77.16,7,98.62,1.84,95.52,26.12,82.91
M17302,M,59.74,18.6,5.55,57.3,4,97.78,1.89,130.04,35.75,77.78
L49623,L,55.25,14.67,12.7,75.02,7,94.92,1.97,102.94,28.8,80.38
L49624,L,60.84,38.13,33.8,44.28,5,86.48,5.03,161.74,66.34,53.4
H31859,H,59.33,20.02,3.9,58.74,5,98.44,2.08,137.7,38.52,76.19
L49626,L,58.79,18.87,7.15,61.67,3,97.14,2.21,126.24,36.63,76.54
L49627,L,59.06,18.98,8.25,60.91,7,96.7,2.27,125.56,36.89,76.2
L49628,L,58.65,17.58,4.35,63.21,6,98.26,2.32,113.8,34.47,77.69
L49629,L,53.88,13.42,6.45,81.89,7,97.42,2.37,85.84,27.07,81.07
L49630,L,58.02,16.73,12.55,66.24,7,94.98,2.43,105.44,33.07,77.36
L49631,L,55.78,15.07,10.65,74.97,3,95.74,2.48,94.0,30.16,78.9
M17312,M,45.96,11.25,11.75,110.82,7,95.3,2.53,75.78,23.38,82.07
L49633,L,55.96,15.54,12.9,74.63,5,94.84,2.61,94.56,31.18,77.9
L49634,L,55.94,15.92,14.0,74.69,6,94.4,2.67,96.46,31.93,77.3
L49635,L,51.74,13.74,12.1,90.43,5,95.16,2.72,83.52,28.08,79.31
L49636,L,57.49,17.47,12.2,69.02,6,95.12,2.77,104.3,34.84,75.81
L49637,L,56.01,16.53,13.3,74.78,7,94.68,2.83,97.62,33.22,76.41
L49638,L,59.37,20.12,10.4,61.64,6,95.84,2.88,120.48,39.72,73.34
L49639,L,61.42,22.35,14.5,53.68,7,94.2,2.93,134.34,43.79,70.79
L49640,L,59.02,20.56,14.6,63.02,7,94.16,2.99,122.12,40.65,72.24
M17321,M,58.34,19.07,11.7,66.32,3,95.32,3.04,109.94,38.05,73.73
L49642,L,55.16,17.98,13.85,78.11,7,94.46,3.12,103.84,36.2,74.27
L49643,L,57.57,19.3,13.95,69.35,2,94.42,3.17,109.8,38.62,72.95
M17324,M,58.3,20.4,11.05,66.5,7,95.58,3.23,116.48,40.68,72.1
L49645,L,59.17,20.1,8.2,64.0,4,96.72,3.31,111.02,40.22,72.46
L49646,L,59.98,19.51,7.3,61.7,7,97.08,3.36,103.98,39.23,72.93
M17327,M,57.93,18.62,15.4,69.39,7,93.84,3.41,98.48,37.7,72.78
M17328,M,58.75,20.58,9.55,65.91,6,96.18,3.49,111.28,41.33,71.39
L49649,L,59.09,20.1,15.7,65.3,4,93.72,3.57,105.14,40.56,71.0
L49650,L,59.73,22.06,8.8,62.32,4,96.48,3.63,118.74,44.14,69.8
L49651,L,62.2,23.82,7.9,53.14,6,96.84,3.68,128.22,47.36,68.17
L49652,L,60.4,24.98,16.0,58.96,5,93.6,3.73,138.78,49.51,66.18
M17333,M,58.63,20.76,12.1,67.37,6,95.16,3.79,106.3,42.02,70.2
L49654,L,59.48,21.75,10.25,64.28,6,95.9,3.87,111.26,43.9,69.29
L49655,L,60.18,22.54,11.35,61.68,2,95.46,3.92,115.38,45.37,68.34
H31890,H,60.38,22.52,16.45,61.19,6,93.42,3.97,113.78,45.42,67.7
L49657,L,61.43,26.64,12.7,56.03,7,94.92,4.11,142.34,52.98,64.03
M17338,M,60.49,24.98,12.8,60.31,2,94.88,4.16,129.12,50.06,65.37
L49659,L,58.43,21.4,10.95,69.5,2,95.62,4.24,101.48,43.74,68.56
L49660,L,56.59,20.98,11.05,76.21,7,95.58,4.29,99.48,43.06,68.78
L49661,L,61.83,24.99,16.15,56.4,6,93.54,4.35,123.16,50.32,64.53
L49662,L,60.06,23.65,14.25,63.38,7,94.3,4.4,113.68,47.98,65.78
M17343,M,61.6,25.81,14.35,57.19,2,94.26,4.45,127.64,51.92,63.7
H31898,H,59.92,23.02,14.5,64.69,7,94.2,4.53,105.88,47.03,65.97
L49665,L,59.07,22.88,12.75,68.21,7,94.9,4.67,102.86,46.93,65.92
M17346,M,56.52,21.26,13.85,77.97,4,94.46,4.72,92.24,44.11,67.12
H31901,H,58.78,22.15,17.0,70.08,7,93.2,4.8,94.46,45.8,65.8
L49668,L,62.81,27.48,17.25,54.06,2,93.1,4.93,128.52,55.52,60.65
H31903,H,60.78,25.36,15.35,62.32,2,93.86,4.99,113.2,51.79,62.59
H31904,H,59.97,27.01,11.6,64.8,3,95.36,5.12,124.52,54.92,61.14
L49671,L,61.88,26.61,10.85,58.94,7,95.66,5.25,115.7,54.37,61.22
H31906,H,62.86,30.54,15.95,53.83,7,93.62,5.31,144.64,61.49,57.04
M17353,M,62.48,27.74,14.2,57.03,3,94.32,5.44,119.76,56.65,59.38
L49674,L,63.87,44.96,43.35,43.97,6,82.66,8.52,133.78,83.02,37.11
M17355,M,61.57,26.97,11.45,61.06,5,95.42,5.57,111.82,55.43,60.0
M17356,M,60.47,26.31,13.6,65.5,6,94.56,5.65,106.26,54.34,60.16
M17357,M,61.31,27.78,12.75,62.16,5,94.9,5.73,115.02,57.07,58.72
L49678,L,62.19,29.24,14.9,58.73,3,94.04,5.81,123.74,59.8,56.98
M17359,M,64.32,29.7,13.0,51.4,7,94.8,5.87,123.3,60.69,56.62
L49680,L,60.16,25.92,12.15,67.89,2,95.14,5.95,96.94,54.01,59.89
M17361,M,62.27,28.68,20.25,59.46,7,91.9,6.0,114.92,59.02,56.46
L49682,L,61.79,45.46,46.4,53.02,2,81.44,9.08,128.1,84.64,34.88
L49683,L,56.51,11.8,8.0,64.5,3,96.8,0.0,122.56,21.15,88.62
L49684,L,55.69,11.56,6.1,67.62,3,97.56,0.05,120.56,20.79,88.89
L49685,L,56.93,12.5,4.2,63.1,2,98.32,0.11,125.14,22.53,88.1
M17366,M,55.31,9.16,5.3,70.57,5,97.88,0.16,99.46,16.61,90.84
H31921,H,56.75,12.5,3.45,64.25,5,98.62,0.24,122.4,22.7,87.82
L49688,L,53.92,8.77,2.7,76.36,3,98.92,0.37,93.5,16.19,90.89
L49689,L,55.49,10.26,2.8,70.42,6,98.88,0.43,102.02,18.92,89.41
L49690,L,57.09,14.89,2.9,62.8,3,98.84,0.48,135.7,27.3,85.1
M17371,M,55.39,11.88,9.0,70.36,7,96.4,0.53,112.72,21.96,87.05
L49692,L,55.42,11.42,9.15,70.79,5,96.34,0.61,107.2,21.24,87.24
L49693,L,54.71,10.12,4.25,74.09,2,98.3,0.67,96.66,19.0,88.74
L49694,L,47.7,6.84,4.35,100.03,3,98.26,0.72,78.78,13.17,91.54
L49695,L,56.18,11.07,7.45,68.96,5,97.02,0.77,99.8,20.82,87.3
L49696,L,52.66,9.73,9.55,81.94,4,96.18,0.83,92.72,18.49,88.15
L49697,L,57.69,13.74,1.65,62.88,4,99.34,0.88,116.7,25.75,85.2
M17378,M,57.31,15.2,9.75,63.65,6,96.1,0.93,127.7,28.43,82.94
L49699,L,54.4,11.14,7.9,75.98,7,96.84,1.01,97.42,21.26,86.56
L49700,L,55.86,13.5,5.0,70.0,3,98.0,1.07,113.1,25.55,84.59
L49701,L,55.21,11.96,3.1,73.22,4,98.76,1.12,100.48,22.86,86.02
M17382,M,55.86,13.07,5.2,70.62,6,97.92,1.17,107.26,24.92,84.67
L49703,L,54.61,12.56,2.35,75.47,7,99.06,1.25,103.1,24.11,85.21
M17384,M,57.42,15.3,9.45,64.65,7,96.22,1.31,119.92,29.08,81.9
M17385,M,55.3,12.94,2.6,73.43,2,98.96,1.39,102.16,24.95,84.49
L49706,L,56.8,13.15,3.75,68.47,6,98.5,1.47,100.02,25.43,83.97
L49707,L,57.61,17.26,7.85,63.87,6,96.86,1.52,130.6,32.87,79.74
L49708,L,53.59,11.2,10.95,80.9,4,95.62,1.57,86.4,22.07,84.73
M17389,M,55.97,13.3,7.05,71.9,5,97.18,1.63,98.82,25.92,83.08
L49710,L,57.99,18.05,8.2,62.88,7,96.72,1.71,132.16,34.51,78.51
M17391,M,57.0,14.96,6.3,68.02,7,97.48,1.76,107.6,29.04,81.33
L49712,L,58.85,16.74,12.45,61.08,7,95.02,1.84,117.58,32.35,78.9
L49713,L,57.44,14.08,6.55,67.46,7,97.38,1.89,97.0,27.64,81.74
L49714,L,54.03,12.49,4.65,80.2,4,98.14,1.95,87.78,24.86,83.21
L49715,L,57.49,15.6,7.75,66.95,6,96.9,2.0,106.7,30.5,79.97
L49716,L,60.67,19.63,7.85,54.23,4,96.86,2.05,133.42,37.8,76.21
H31951,H,59.68,18.34,4.95,58.48,7,98.02,2.11,123.26,35.56,77.51
L49718,L,58.72,19.24,4.2,61.83,7,98.32,2.24,128.78,37.34,76.43
L49719,L,59.01,17.4,10.3,61.95,6,95.88,2.29,112.46,34.11,77.33
L49720,L,57.78,16.61,13.4,66.79,2,94.64,2.35,106.64,32.76,77.58
H31955,H,57.1,15.35,7.5,69.98,6,97.0,2.4,96.26,30.56,79.17
H31956,H,54.93,14.2,12.75,78.5,2,94.9,2.53,87.04,28.67,79.32
L49723,L,54.01,13.88,8.0,82.36,4,96.8,2.67,82.72,28.26,79.74
L49724,L,51.67,13.51,5.1,90.8,2,97.96,2.72,81.82,27.67,80.21
M17405,M,57.69,17.4,8.2,68.35,4,96.72,2.77,103.42,34.7,76.28
L49726,L,56.85,17.13,6.35,71.68,7,97.46,2.85,100.7,34.34,76.49
L49727,L,57.3,18.24,7.45,69.78,4,97.02,2.91,107.76,36.4,75.24
M17408,M,59.37,18.26,8.55,62.87,2,96.58,2.96,103.8,36.48,74.98
L49729,L,58.75,19.7,5.7,64.6,4,97.72,3.04,114.38,39.17,73.77
L49730,L,60.6,21.38,10.8,57.61,3,95.68,3.09,124.12,42.25,71.61
L49731,L,58.11,18.74,12.9,67.68,3,94.84,3.15,105.22,37.59,73.62
H31966,H,58.01,19.77,14.0,67.71,6,94.4,3.2,112.44,39.51,72.44
L49733,L,59.31,20.08,11.25,63.61,3,95.5,3.33,110.06,40.22,72.1
L49734,L,58.53,19.63,15.35,66.73,2,93.86,3.39,106.42,39.5,71.94
L49735,L,58.88,19.62,7.45,65.74,2,97.02,3.44,104.62,39.54,72.61
M17416,M,59.84,22.46,10.55,61.22,2,95.78,3.49,124.78,44.69,69.61
M17417,M,60.06,23.22,11.7,60.39,2,95.32,3.57,128.8,46.16,68.6
M17418,M,53.73,16.94,10.85,85.58,4,95.66,3.65,85.42,35.0,74.11
L49739,L,60.14,23.8,11.0,60.45,5,95.6,3.73,129.74,47.4,67.73
M17420,M,61.96,26.86,13.1,52.87,2,94.76,3.79,150.52,52.96,64.64
L49741,L,57.96,19.52,8.25,70.59,5,96.7,3.87,95.54,39.91,71.49
L49742,L,58.84,21.54,12.35,66.78,3,95.06,3.92,109.22,43.58,69.13
L49743,L,59.7,21.22,12.45,64.19,4,95.02,3.97,104.32,43.09,69.27
L49744,L,59.8,21.58,7.55,63.86,4,96.98,4.03,105.86,43.8,69.29
L49745,L,62.61,24.86,13.65,52.77,5,94.54,4.08,127.08,49.75,65.6
M17426,M,60.98,22.8,13.75,59.6,6,94.5,4.13,111.6,46.12,67.3
L49747,L,56.04,18.79,12.9,78.9,5,94.84,4.21,84.52,39.04,70.77
L49748,L,60.7,23.58,16.0,60.71,4,93.6,4.27,115.2,47.68,66.03
H31983,H,54.62,18.61,10.1,84.29,4,95.96,4.32,82.64,38.85,70.93
L49750,L,57.08,19.98,8.35,75.66,6,96.66,4.45,87.26,41.48,69.52
M17431,M,60.28,23.74,16.45,62.98,3,93.42,4.51,111.74,48.29,65.2
M17432,M,62.48,24.94,14.6,55.13,6,94.16,4.59,116.44,50.52,64.1
L49753,L,60.43,24.38,8.75,62.76,7,96.5,4.67,112.98,49.62,64.98
L49754,L,53.61,18.98,13.85,89.11,5,94.46,4.72,78.04,40.03,69.16
L49755,L,61.67,26.62,14.95,57.79,2,94.02,4.77,126.84,53.78,62.07
L49756,L,60.26,24.86,12.05,63.72,4,95.18,4.83,113.46,50.69,63.8
L49757,L,59.74,25.02,17.15,65.64,3,93.14,4.88,114.26,51.04,63.0
L49758,L,62.3,26.45,16.25,56.32,7,93.5,4.93,121.02,53.68,61.67
L49759,L,56.49,21.14,16.35,79.18,5,93.46,4.99,85.3,44.22,66.28
L49760,L,63.85,28.54,11.45,50.38,6,95.42,5.04,133.26,57.57,59.99
L49761,L,63.15,45.46,39.55,44.52,6,84.18,8.09,148.3,83.37,38.18
L49762,L,59.29,23.86,17.65,68.82,2,92.94,5.15,99.7,49.32,63.28
L49763,L,63.32,28.3,11.75,52.95,4,95.3,5.2,128.44,57.34,59.76
L49764,L,61.05,27.44,14.85,61.38,6,94.06,5.25,123.44,55.85,60.08
M17445,M,59.39,24.77,12.95,68.61,5,94.82,5.31,103.2,51.14,62.52
L49766,L,60.69,26.86,11.1,63.42,3,95.56,5.39,116.34,54.99,60.62
L49767,L,50.4,20.52,17.2,102.14,2,93.12,5.44,78.56,43.7,65.55
L49768,L,58.35,23.63,15.3,73.48,2,93.88,5.49,91.32,49.34,62.81
L49769,L,50.49,20.79,17.4,102.1,4,93.04,5.55,78.2,44.32,65.01
L49770,L,56.68,12.15,5.0,63.72,2,98.0,0.0,125.12,21.78,88.61
L49771,L,54.91,11.76,8.1,70.22,6,96.76,0.05,123.24,21.15,88.51
L49772,L,54.72,11.67,7.2,71.12,5,97.12,0.11,121.58,21.05,88.54
H32007,H,56.59,13.98,5.3,63.76,6,97.88,0.16,136.3,25.26,86.52
L49774,L,56.28,10.13,0.55,67.24,4,99.78,0.29,102.92,18.53,90.09
M17455,M,55.76,11.32,0.65,68.64,2,99.74,0.35,111.92,20.72,88.88
L49776,L,56.73,10.93,3.8,65.83,5,98.48,0.43,105.72,20.13,88.7
L49777,L,56.45,11.16,3.9,66.87,7,98.44,0.48,106.78,20.62,88.34
L49778,L,58.39,33.48,39.0,49.26,4,84.4,3.53,161.4,56.1,60.99
M17459,M,56.6,11.66,7.1,66.52,4,97.16,0.59,108.14,21.65,87.29
L49780,L,57.05,13.82,5.25,64.19,7,97.9,0.67,123.04,25.63,85.33
L49781,L,57.45,15.18,9.35,62.36,3,96.26,0.72,132.18,28.13,83.56
L49782,L,57.1,12.7,6.45,65.0,7,97.42,0.77,111.54,23.74,85.94
M17463,M,58.51,14.06,9.55,59.67,7,96.18,0.83,119.28,26.24,84.27
M17464,M,57.86,14.12,10.7,62.19,4,95.72,0.91,118.9,26.46,83.89
L49785,L,55.52,12.31,1.85,71.44,3,99.26,0.99,105.84,23.32,86.18
H32020,H,55.84,12.5,3.95,70.45,5,98.42,1.04,105.68,23.72,85.67
L49787,L,57.25,15.67,11.2,64.57,7,95.52,1.17,126.16,29.58,81.74
L49788,L,57.87,14.86,10.3,63.02,5,95.88,1.23,117.58,28.19,82.42
L49789,L,54.85,12.46,6.4,74.82,2,97.44,1.28,101.42,23.97,84.82
H32024,H,55.98,14.22,2.5,70.24,2,99.0,1.33,112.74,27.19,83.49
L49791,L,50.17,9.93,5.75,92.89,2,97.7,1.47,83.34,19.65,86.66
L49792,L,43.48,8.11,3.85,117.0,4,98.46,1.52,76.82,16.47,88.34
M17473,M,55.91,14.29,4.95,71.4,5,98.02,1.57,108.02,27.62,82.55
L49794,L,55.08,14.16,5.1,74.62,6,97.96,1.65,106.28,27.48,82.44
L49795,L,56.86,14.8,4.2,68.4,6,98.32,1.71,107.72,28.69,81.82
L49796,L,61.41,21.9,11.3,49.4,5,95.48,1.76,157.14,41.5,74.6
L49797,L,54.73,14.42,6.4,76.29,2,97.44,1.81,105.2,28.14,81.66
M17478,M,57.84,17.75,10.5,64.18,4,95.8,1.87,126.42,34.19,78.12
L49799,L,56.35,16.04,6.65,70.43,5,97.34,1.95,112.98,31.22,79.83
L49800,L,56.6,14.92,7.75,70.34,2,96.9,2.0,102.52,29.29,80.58
M17481,M,57.39,16.54,4.85,67.03,3,98.06,2.05,113.12,32.25,79.28
M17482,M,55.5,13.98,4.0,75.11,3,98.4,2.13,93.44,27.76,81.45
M17483,M,60.82,22.16,9.15,53.07,2,96.34,2.21,149.86,42.54,73.39
H32038,H,59.57,18.58,10.3,59.46,2,95.88,2.29,121.1,36.22,76.27
L49805,L,59.37,17.26,7.55,61.32,3,96.98,2.43,107.78,34.01,77.39
L49806,L,55.78,14.89,7.65,75.06,7,96.94,2.48,92.6,29.84,79.35
M17487,M,60.26,20.9,12.75,56.85,6,94.9,2.53,133.32,40.68,73.32
H32042,H,59.42,20.64,11.9,60.18,3,95.24,2.61,130.6,40.32,73.42
L49809,L,57.01,17.69,6.15,70.46,6,97.54,2.75,107.32,35.2,76.29
L49810,L,60.18,18.3,8.25,59.45,5,96.7,2.8,106.64,36.36,75.39
H32045,H,57.96,19.16,14.35,66.87,2,94.26,2.85,115.38,37.97,73.87
M17492,M,56.32,16.11,14.6,74.54,6,94.16,2.99,90.24,32.67,76.23
L49813,L,58.15,19.15,13.75,67.02,6,94.5,3.07,110.24,38.22,73.38
L49814,L,57.89,17.36,9.85,69.02,3,96.06,3.12,95.08,35.08,75.23
H32049,H,59.29,22.27,10.95,61.96,3,95.62,3.17,131.24,43.95,70.58
L49816,L,62.47,25.24,6.2,50.08,5,97.52,3.31,147.68,49.45,68.04
L49817,L,61.95,22.51,15.3,53.45,5,93.88,3.36,125.28,44.61,69.45
L49818,L,55.53,17.12,7.4,78.39,6,97.04,3.41,89.78,35.02,74.93
M17499,M,60.35,22.35,10.5,59.42,2,95.8,3.47,123.84,44.47,69.78
M17500,M,61.02,24.69,12.65,56.26,7,94.94,3.55,139.84,48.76,67.26
H32055,H,60.41,22.56,13.8,59.72,5,94.48,3.63,121.8,45.04,68.85
L49822,L,58.79,21.35,12.05,66.42,3,95.18,3.76,111.44,43.06,69.75
M17503,M,60.9,23.46,8.15,58.32,3,96.74,3.81,124.22,46.91,68.11
L49824,L,59.4,22.3,11.3,64.35,7,95.48,3.89,115.2,44.93,68.62
H32059,H,58.92,21.46,7.4,66.62,5,97.04,3.95,107.94,43.49,69.62
M17506,M,60.44,23.04,8.65,61.13,4,96.54,4.08,115.46,46.48,67.73
L49827,L,61.19,23.88,7.8,58.46,3,96.88,4.16,119.36,48.09,66.85
L49828,L,60.84,25.54,9.9,59.03,4,96.04,4.21,131.92,51.13,65.02
M17509,M,58.78,22.35,14.0,67.92,2,94.4,4.27,108.04,45.48,67.32
L49830,L,63.26,27.86,9.15,50.07,5,96.34,4.35,144.2,55.47,62.66
L49831,L,52.73,18.3,15.25,91.25,6,93.9,4.4,80.96,38.39,70.48
L49832,L,56.22,19.24,16.35,78.98,6,93.46,4.45,82.44,40.14,69.39
L49833,L,56.18,20.05,12.45,78.93,2,95.02,4.51,87.78,41.66,68.91
L49834,L,59.32,22.56,10.55,67.07,3,95.78,4.56,102.34,46.22,66.71
M17515,M,56.71,20.59,14.65,77.26,3,94.14,4.61,89.02,42.77,67.92
L49836,L,62.65,26.9,12.8,54.0,3,94.88,4.69,129.58,54.19,62.24
M17517,M,61.6,24.44,8.9,59.03,6,96.44,4.75,110.1,49.84,64.7
L49838,L,62.13,25.6,18.05,56.95,6,92.78,4.83,116.9,52.03,62.53
H32073,H,59.28,22.66,18.15,68.42,2,92.74,4.88,96.1,46.83,65.01
L49840,L,63.85,29.14,15.4,49.98,5,93.84,5.01,138.62,58.6,59.13
M17521,M,60.74,25.9,14.5,62.5,5,94.2,5.07,115.78,52.86,61.98
M17522,M,61.21,24.96,15.65,61.67,5,93.74,5.15,105.86,51.29,62.5
L49843,L,59.3,23.46,18.8,69.27,7,92.48,5.23,94.6,48.69,63.32
M17524,M,61.3,26.39,16.9,61.15,4,93.24,5.28,114.14,54.01,60.74
L49845,L,50.2,20.06,10.05,102.77,7,95.98,5.36,76.92,42.76,66.89
H32080,H,58.48,23.17,14.15,72.97,5,94.34,5.41,89.22,48.4,63.56
M17527,M,59.04,25.44,17.4,70.43,4,93.04,5.55,103.66,52.65,60.84
M17528,M,59.46,24.66,17.55,69.67,5,92.98,5.63,95.0,51.34,61.32
H32083,H,61.68,26.57,14.7,61.42,4,94.12,5.71,105.48,54.88,59.68
L49850,L,62.22,29.07,15.95,58.82,6,93.62,5.84,121.74,59.53,56.96
M17531,M,63.27,43.16,43.05,48.37,4,82.78,8.89,111.78,80.26,37.78
L49852,L,55.97,10.65,5.0,66.92,6,98.0,0.0,114.1,19.09,89.96
L49853,L,55.52,10.38,1.1,68.81,5,99.56,0.05,111.4,18.68,90.44
L49854,L,54.62,9.62,5.2,72.49,7,97.92,0.11,105.32,17.38,90.58
L49855,L,54.27,9.43,8.3,73.98,6,96.68,0.16,103.08,17.11,90.3
L49856,L,54.07,9.19,5.4,75.0,2,97.84,0.21,100.24,16.74,90.66
L49857,L,55.54,10.7,9.5,69.4,7,96.2,0.27,109.1,19.52,88.76
L49858,L,56.3,11.74,5.6,66.48,4,97.76,0.32,115.14,21.44,88.08
L49859,L,55.94,12.22,4.7,67.69,3,98.12,0.37,118.32,22.38,87.59
L49860,L,53.6,8.06,8.8,78.02,4,96.48,0.43,87.02,14.98,90.78
L49861,L,55.05,9.49,2.9,72.5,6,98.84,0.48,95.3,17.62,89.94
M17542,M,57.75,12.7,9.0,61.85,6,96.4,0.53,116.08,23.44,86.31
L49863,L,54.55,8.96,6.15,75.02,5,97.54,0.61,88.8,16.85,89.73
L49864,L,56.5,11.35,7.25,67.32,2,97.1,0.67,104.0,21.19,87.35
L49865,L,54.39,10.28,2.35,75.31,7,99.06,0.72,97.18,19.35,88.65
L49866,L,54.1,9.2,8.45,77.05,4,96.62,0.77,87.66,17.46,88.88
L49867,L,58.31,15.68,10.55,59.56,7,95.78,0.83,132.56,29.16,82.71
L49868,L,58.75,16.11,8.65,58.04,7,96.54,0.88,134.24,30.0,82.37
L49869,L,54.17,10.32,7.75,76.89,3,96.9,0.93,93.02,19.69,87.51
L49870,L,52.96,9.46,9.85,81.67,4,96.06,0.99,86.56,18.21,87.94
L49871,L,57.34,15.05,5.95,64.03,6,97.62,1.04,124.02,28.29,83.18
L49872,L,54.35,10.88,2.05,76.61,4,99.18,1.09,93.62,20.89,87.16
M17553,M,54.68,12.46,7.15,74.87,5,97.14,1.15,104.64,23.8,85.09
M17554,M,54.73,13.18,5.3,74.66,4,97.88,1.23,108.5,25.18,84.43
L49875,L,51.27,9.59,6.45,88.65,6,97.42,1.31,82.78,18.86,87.31
L49876,L,57.4,15.58,2.55,64.81,6,98.98,1.36,121.04,29.65,82.2
L49877,L,55.04,11.42,9.65,75.19,6,96.14,1.41,89.76,22.26,85.08
L49878,L,49.4,9.4,10.75,95.8,3,95.7,1.47,80.2,18.71,86.64
L49879,L,58.87,19.78,2.85,58.26,5,98.86,1.52,149.06,37.39,77.98
L49880,L,57.33,14.82,3.95,66.24,5,98.42,1.57,110.26,28.56,82.18
L49881,L,59.43,17.58,12.05,57.86,2,95.18,1.63,128.26,33.58,78.75
L49882,L,53.28,11.52,7.15,82.24,7,97.14,1.68,87.0,22.78,84.54
M17563,M,58.98,19.75,8.25,58.72,6,96.7,1.73,143.84,37.6,76.91
M17564,M,55.64,14.04,6.4,73.38,4,97.44,1.81,100.96,27.47,82.0
L49885,L,59.83,21.88,4.55,55.36,4,98.18,1.89,156.12,41.62,74.95
M17566,M,56.49,15.12,5.65,70.44,3,97.74,1.95,105.4,29.57,80.76
M17567,M,56.88,15.1,9.8,69.4,4,96.08,2.03,102.98,29.65,80.14
L49888,L,46.39,10.14,8.95,108.23,2,96.42,2.11,75.92,20.86,84.46
L49889,L,55.55,15.43,8.05,74.33,4,96.78,2.16,104.42,30.4,79.67
L49890,L,56.58,16.44,4.15,70.48,4,98.34,2.21,109.88,32.28,79.02
L49891,L,59.07,19.45,11.25,60.62,6,95.5,2.27,129.34,37.74,75.47
H32126,H,60.66,20.84,8.35,54.68,4,96.66,2.32,137.04,40.29,74.38
M17573,M,55.73,15.06,10.6,75.02,5,95.76,2.45,94.62,30.11,78.98
M17574,M,59.97,21.4,7.75,57.6,4,96.9,2.53,137.72,41.58,73.37
M17575,M,55.18,14.99,11.9,77.55,5,95.24,2.61,91.22,30.19,78.49
L49896,L,58.23,19.23,7.05,65.29,6,97.18,2.69,119.16,37.89,74.96
M17577,M,59.39,19.56,6.15,61.32,5,97.54,2.75,119.04,38.56,74.61
L49898,L,60.43,20.3,6.3,57.7,5,97.48,2.83,121.74,39.99,73.72
L49899,L,55.64,15.94,10.4,76.53,2,95.84,2.88,92.2,32.23,77.08
L49900,L,57.61,18.58,14.5,68.66,3,94.2,2.93,109.38,37.02,74.17
M17581,M,57.76,17.06,12.6,69.12,6,94.96,2.99,95.86,34.38,75.58
L49902,L,57.77,17.9,12.75,68.95,7,94.9,3.07,100.76,35.98,74.6
L49903,L,60.69,22.34,13.85,56.93,2,94.46,3.12,131.04,44.0,70.38
M17584,M,59.18,20.2,13.95,63.4,6,94.42,3.17,114.8,40.23,72.14
L49905,L,58.03,18.46,9.1,68.52,3,96.36,3.25,100.7,37.22,73.97
M17586,M,60.01,20.64,10.2,60.83,3,95.92,3.31,114.26,41.21,71.76
L49907,L,59.94,19.78,9.35,61.81,4,96.26,3.39,105.68,39.77,72.41
L49908,L,54.98,16.7,12.45,80.6,3,95.02,3.44,86.58,34.3,74.73
L49909,L,60.31,24.13,7.55,58.78,2,96.98,3.49,137.54,47.69,68.41
L49910,L,60.25,22.12,14.65,60.19,5,94.14,3.55,120.3,44.15,69.37
M17591,M,57.81,19.02,10.75,70.34,3,95.7,3.6,97.74,38.68,72.39
L49912,L,61.55,25.39,10.9,54.6,2,95.64,3.68,141.72,50.19,66.46
L49913,L,60.5,21.3,12.0,60.45,6,95.2,3.73,109.24,42.92,69.87
H32148,H,58.38,19.56,16.1,68.82,6,93.56,3.79,97.04,39.87,70.88
L49915,L,60.86,23.11,16.35,59.04,3,93.46,3.92,119.04,46.41,67.32
M17596,M,58.53,21.02,16.45,68.29,2,93.42,3.97,104.32,42.73,69.04
M17597,M,59.61,22.46,16.6,64.17,5,93.36,4.05,112.56,45.41,67.53
M17598,M,59.88,23.5,15.75,63.05,5,93.7,4.13,118.72,47.38,66.47
L49919,L,58.86,21.49,16.9,67.85,4,93.24,4.21,102.24,43.87,67.95
L49920,L,59.61,23.5,14.0,64.5,7,94.4,4.27,116.1,47.55,66.29
L49921,L,61.8,25.94,12.1,55.93,3,95.16,4.32,131.36,51.98,64.16
L49922,L,62.0,25.97,13.2,55.46,5,94.72,4.37,130.18,52.11,63.88
L49923,L,60.5,24.6,13.3,61.5,2,94.68,4.43,120.12,49.73,64.95
L49924,L,58.46,20.94,11.4,70.53,4,95.44,4.48,92.4,43.23,68.29
M17605,M,58.77,23.22,16.5,68.54,4,93.4,4.53,109.06,47.39,65.59
L49926,L,61.65,25.36,8.65,57.87,5,96.54,4.61,120.42,51.33,64.24
L49927,L,58.73,21.9,9.75,69.85,2,96.1,4.67,95.52,45.19,67.1
L49928,L,58.57,22.94,15.85,70.08,6,93.66,4.72,102.82,47.11,65.42
M17609,M,57.85,36.54,46.95,65.98,5,81.22,7.77,91.5,66.99,46.26
H32164,H,61.27,24.71,12.1,60.44,2,95.16,4.85,110.32,50.46,63.85
L49931,L,61.99,27.48,11.35,57.11,2,95.46,4.99,128.54,55.6,61.09
M17612,M,55.73,21.3,10.45,81.9,2,95.82,5.04,86.42,44.58,66.59
L49933,L,57.8,22.31,15.6,74.6,5,93.76,5.12,89.9,46.5,64.95
H32168,H,59.1,23.6,11.7,69.7,7,95.32,5.17,97.2,48.87,64.05
L49935,L,61.46,25.62,16.95,61.09,5,93.22,5.31,107.16,52.67,61.36
L49936,L,57.11,23.48,18.05,77.31,6,92.78,5.36,94.82,48.9,63.03
L49937,L,62.15,25.26,17.15,59.32,3,93.14,5.41,100.98,52.17,61.38
M17618,M,62.6,27.72,18.25,56.74,6,92.7,5.47,118.84,56.64,58.92
L49939,L,61.66,26.92,16.4,60.69,3,93.44,5.55,111.86,55.29,59.62
L49940,L,62.92,27.45,13.5,56.28,6,94.6,5.6,113.2,56.32,59.29
L49941,L,64.45,48.24,42.6,40.83,6,82.96,8.65,156.18,89.06,33.9
L49942,L,61.89,28.22,16.7,59.84,5,93.32,5.71,118.38,57.84,58.0
L49943,L,61.78,29.16,14.8,59.97,4,94.08,5.76,124.82,59.58,57.21
M17624,M,56.78,13.2,6.0,62.85,4,97.6,0.0,133.38,23.66,87.57
M17625,M,56.73,13.94,4.15,62.98,4,98.34,0.08,137.58,25.09,86.88
M17626,M,49.69,6.98,5.3,90.96,2,97.88,0.16,89.78,12.71,92.79
L49947,L,49.25,6.19,0.45,93.15,3,99.82,0.24,82.3,11.41,93.77
L49948,L,52.95,8.43,1.55,79.54,4,99.38,0.29,93.9,15.48,91.52
M17629,M,55.89,10.57,2.65,68.57,3,98.94,0.35,105.74,19.38,89.35
L49950,L,57.63,12.76,8.8,61.82,3,96.48,0.43,119.08,23.4,86.56
L49951,L,56.42,11.29,9.9,66.9,4,96.04,0.48,107.82,20.85,87.63
L49952,L,56.25,11.9,1.0,67.4,2,99.6,0.53,111.74,22.01,87.83
L49953,L,50.62,7.38,10.1,89.21,4,95.96,0.59,82.16,13.98,90.83
L49954,L,55.03,11.84,9.2,72.03,6,96.32,0.64,110.58,22.04,86.78
L49955,L,55.08,14.0,1.3,71.0,7,99.48,0.69,126.6,25.98,85.49
L49956,L,56.69,14.14,9.4,65.58,4,96.24,0.75,124.26,26.29,84.42
L49957,L,56.59,12.82,1.5,66.79,4,99.4,0.8,112.68,24.0,86.25
L49958,L,58.92,15.11,10.6,57.85,3,95.76,0.85,126.56,28.17,83.15
L49959,L,58.33,15.44,8.7,59.93,3,96.52,0.91,128.86,28.84,82.9
M17640,M,55.43,11.83,8.8,71.88,6,96.48,0.96,102.72,22.42,85.99
L49961,L,46.4,7.57,2.95,105.36,7,98.82,1.04,79.26,14.89,90.18
M17642,M,56.53,13.73,8.05,67.68,5,96.78,1.09,113.42,26.0,84.01
M17643,M,56.08,12.3,6.2,70.25,4,97.52,1.17,100.76,23.53,85.27
L49964,L,57.6,16.94,9.35,63.03,4,96.26,1.25,134.0,31.95,80.58
L49965,L,56.71,12.07,10.45,68.72,2,95.82,1.31,95.1,23.3,84.69
M17646,M,54.81,11.16,11.55,75.92,4,95.38,1.36,89.2,21.72,85.26
M17647,M,56.44,13.92,11.7,69.24,2,95.32,1.44,107.28,26.78,82.56
L49968,L,59.41,17.66,7.85,57.47,4,96.86,1.52,131.32,33.59,79.38
H32203,H,57.84,15.72,9.95,64.04,3,96.02,1.57,116.76,30.18,80.77
L49970,L,59.18,16.6,10.2,59.5,2,95.92,1.71,118.92,31.91,79.61
H32205,H,58.37,16.1,5.3,62.75,7,97.88,1.76,114.92,31.1,80.4
L49972,L,56.08,13.83,11.55,72.28,3,95.38,1.89,96.88,27.2,81.46
L49973,L,55.95,13.79,12.65,72.96,6,94.94,1.95,95.54,27.19,81.25
L49974,L,56.65,16.98,3.75,69.16,3,98.5,2.0,118.86,32.97,79.14
M17655,M,58.86,18.51,4.85,61.0,4,98.06,2.05,126.9,35.79,77.51
L49976,L,57.0,15.22,8.0,69.34,6,96.8,2.13,101.38,30.0,79.93
M17657,M,59.11,19.98,4.1,59.91,3,98.36,2.19,135.36,38.6,75.92
L49978,L,56.73,16.7,6.25,70.05,4,97.5,2.27,110.56,32.81,78.43
L49979,L,59.18,18.11,12.35,61.14,6,95.06,2.32,117.28,35.41,76.42
M17660,M,57.84,18.55,4.45,65.73,5,98.22,2.37,121.4,36.26,76.68
M17661,M,55.86,14.56,5.6,74.82,6,97.76,2.45,90.44,29.22,79.93
M17662,M,57.89,19.25,5.75,65.82,3,97.7,2.53,123.38,37.72,75.5
L49983,L,60.39,20.39,12.9,56.96,6,94.84,2.61,127.26,39.87,73.55
L49984,L,58.9,18.02,14.0,63.49,6,94.4,2.67,109.2,35.7,75.42
L49985,L,58.81,19.04,11.1,63.48,4,95.56,2.72,116.2,37.58,74.66
L49986,L,60.27,18.62,6.2,58.89,6,97.52,2.77,109.68,36.9,75.38
M17667,M,59.05,18.95,11.3,63.12,7,95.48,2.83,112.84,37.57,74.43
L49988,L,58.86,19.17,5.45,63.96,6,97.82,2.91,113.02,38.06,74.61
L49989,L,57.07,17.53,8.55,71.14,4,96.58,2.96,101.16,35.18,75.63
L49990,L,54.6,15.24,10.65,80.98,7,95.74,3.01,85.04,31.15,77.33
L49991,L,54.82,15.6,14.75,80.25,4,94.1,3.07,86.42,31.86,76.46
M17672,M,59.94,19.54,5.85,60.88,2,97.66,3.12,109.66,38.98,73.68
L49993,L,53.14,15.25,11.0,86.72,7,95.6,3.2,82.94,31.4,76.8
L49994,L,60.36,23.88,7.1,57.81,6,97.16,3.25,140.9,46.95,69.31
M17675,M,57.88,17.82,7.2,69.54,7,97.12,3.31,94.58,36.14,74.59
L49996,L,59.94,21.98,9.35,60.71,4,96.26,3.39,123.28,43.71,70.44
L49997,L,60.25,20.6,14.45,60.55,2,94.22,3.44,110.54,41.29,71.03
L49998,L,55.77,17.58,9.55,77.66,4,96.18,3.49,91.38,35.95,74.08
L49999,L,61.25,23.42,11.65,56.09,5,95.34,3.55,129.32,46.48,68.5
L50000,L,60.15,23.0,13.75,60.3,7,94.5,3.6,126.32,45.8,68.52
M17681,M,60.46,21.58,10.85,60.16,5,95.66,3.65,113.38,43.33,69.94
L50002,L,58.02,20.72,11.0,69.29,2,95.6,3.73,108.06,41.89,70.49
M17683,M,62.05,26.91,15.1,52.54,6,93.96,3.79,150.8,53.05,64.39
M17684,M,60.28,22.2,12.25,61.3,4,95.1,3.87,113.76,44.71,68.69
L50005,L,60.05,20.22,12.4,63.39,7,95.04,3.95,96.4,41.25,70.24
M17686,M,58.04,20.27,12.5,70.46,4,95.0,4.0,98.44,41.43,70.04
L50007,L,61.04,25.14,9.65,58.03,4,96.14,4.08,131.44,50.25,65.75
M17688,M,54.36,18.38,11.75,84.56,4,95.3,4.13,85.3,38.19,71.46
L50009,L,58.28,21.64,12.9,69.78,6,94.84,4.21,104.24,44.14,68.21
M17690,M,61.26,23.2,8.0,58.95,2,96.8,4.27,111.42,47.01,67.16
M17691,M,60.2,25.02,14.15,61.99,3,94.34,4.35,125.6,50.36,64.71
M17692,M,60.63,23.36,8.3,61.67,7,96.68,4.43,109.94,47.49,66.57
L50013,L,55.77,20.12,10.45,80.29,6,95.82,4.51,88.94,41.79,69.05
L50014,L,62.22,25.18,12.55,55.81,3,94.98,4.56,119.36,50.93,64.16
L50015,L,59.31,21.84,8.65,67.68,2,96.54,4.61,95.44,45.01,67.4
M17696,M,61.03,25.08,14.75,60.36,2,94.1,4.67,117.76,50.88,63.75
L50017,L,57.61,21.82,16.9,74.04,4,93.24,4.75,94.58,45.14,66.25
L50018,L,60.89,24.28,11.0,61.76,7,95.6,4.8,108.56,49.61,64.49
M17699,M,62.64,25.08,10.1,55.56,3,95.96,4.85,111.44,51.13,63.72
H32254,H,60.91,24.52,14.25,62.09,7,94.3,4.93,107.54,50.23,63.59
L50021,L,57.89,22.55,14.5,73.97,3,94.2,5.07,92.9,46.86,64.99
L50022,L,63.18,28.74,11.6,52.88,7,95.36,5.12,133.9,58.01,59.59
L50023,L,60.52,25.57,13.7,63.82,5,94.52,5.17,111.04,52.41,62.08
L50024,L,58.87,24.48,10.8,70.26,7,95.68,5.23,103.4,50.52,63.21
L50025,L,62.59,29.44,12.9,55.18,5,94.84,5.28,136.76,59.48,58.41
L50026,L,62.45,27.2,16.0,57.0,2,93.6,5.33,117.84,55.53,59.97
L50027,L,60.87,26.06,12.1,63.22,6,95.16,5.39,109.7,53.56,61.24
M17708,M,62.87,30.8,14.2,54.15,7,94.32,5.44,143.62,62.11,56.64
L50029,L,57.51,23.61,16.35,76.5,7,93.46,5.52,91.72,49.34,62.66
L50030,L,58.95,25.47,15.45,70.82,7,93.82,5.57,103.42,52.74,60.94
L50031,L,63.35,29.08,14.55,54.11,7,94.18,5.63,125.06,59.28,57.65
M17712,M,63.79,29.56,14.65,52.57,3,94.14,5.68,127.14,60.21,57.07
M17713,M,61.08,27.06,16.8,63.42,2,93.28,5.76,108.98,55.82,58.89
L50034,L,62.18,27.72,12.95,59.64,4,94.82,5.84,111.0,57.11,58.47
L50035,L,61.39,26.93,18.05,62.94,4,92.78,5.89,104.56,55.76,58.53
H32270,H,62.28,29.14,15.15,58.98,4,93.94,5.95,119.82,59.79,56.7
M17717,M,61.6,27.54,15.4,62.63,3,93.84,6.08,104.96,57.09,57.75
L50038,L,63.31,46.36,48.55,47.67,3,80.58,9.16,131.34,86.33,33.66
L50039,L,61.45,29.49,11.65,62.7,4,95.34,6.21,117.78,60.76,56.03
H32274,H,62.76,31.1,12.75,57.6,7,94.9,6.27,127.66,63.71,54.34
L50041,L,62.67,30.1,13.0,58.9,3,94.8,6.4,116.78,62.09,54.86
L50042,L,57.09,25.11,16.1,80.79,4,93.56,6.45,83.34,53.21,58.88
L50043,L,62.91,30.54,19.2,58.28,3,92.32,6.51,117.62,63.02,53.56
H32278,H,64.3,46.58,50.3,45.71,7,79.88,9.56,122.8,87.25,32.23
H32279,H,53.38,8.18,8.0,77.06,6,96.8,0.0,97.86,14.65,91.87
L50046,L,48.09,5.58,2.25,97.06,3,99.1,0.13,81.34,10.16,94.43
H32281,H,56.98,12.68,5.35,63.16,5,97.86,0.19,124.8,22.97,87.6
L50048,L,56.72,12.61,9.6,64.6,5,96.16,0.32,121.56,23.01,86.9
L50049,L,55.31,10.07,7.7,70.92,5,96.92,0.37,101.98,18.52,89.22
M17730,M,55.37,11.2,6.8,70.35,2,97.28,0.43,109.78,20.63,88.15
M17731,M,55.21,10.82,0.95,71.39,3,99.62,0.51,105.12,20.04,88.87
L50052,L,53.21,8.94,6.1,79.53,5,97.56,0.59,91.0,16.76,89.84
H32287,H,55.09,11.4,8.2,72.05,6,96.72,0.64,106.9,21.24,87.28
L50054,L,56.46,14.72,5.45,66.19,7,97.82,0.77,128.62,27.37,84.22
M17735,M,50.61,8.43,10.55,89.64,4,95.78,0.83,85.14,16.16,89.21
M17736,M,55.05,10.34,3.7,73.73,5,98.52,0.91,92.56,19.69,87.97
M17737,M,54.02,10.98,4.85,77.26,2,98.06,0.99,97.3,20.94,87.07
H32292,H,56.34,11.77,10.0,69.21,3,96.0,1.07,98.64,22.46,85.64
M17739,M,58.45,34.4,37.25,51.15,5,85.1,4.2,153.74,58.6,58.57
L50060,L,56.01,13.14,6.4,70.48,2,97.44,1.28,105.22,25.18,84.21
M17741,M,55.39,13.25,8.5,72.78,5,96.6,1.33,105.76,25.44,83.76
L50062,L,54.08,12.44,8.65,77.98,5,96.54,1.41,99.28,24.09,84.26
L50063,L,57.74,14.4,8.75,64.65,4,96.5,1.47,108.74,27.67,82.35
L50064,L,58.2,15.16,11.85,62.87,6,95.26,1.52,112.98,29.1,81.22
M17745,M,59.56,17.2,11.95,57.4,2,95.22,1.57,126.2,32.82,79.25
H32300,H,55.06,13.51,8.1,75.0,7,96.76,1.65,101.1,26.32,82.72
M17747,M,54.4,12.26,10.35,78.42,3,95.86,1.79,89.02,24.25,83.27
M17748,M,59.23,18.1,4.5,59.2,5,98.2,1.87,127.3,34.82,78.41
M17749,M,57.02,15.39,4.65,68.46,7,98.14,1.95,106.86,30.06,80.61
L50070,L,56.1,14.18,10.8,72.56,7,95.68,2.03,96.66,27.99,80.87
L50071,L,54.86,13.92,11.9,77.14,6,95.24,2.08,95.04,27.59,80.86
L50072,L,60.06,19.98,6.0,56.46,4,97.6,2.13,135.18,38.51,75.88
M17753,M,56.64,15.36,9.1,70.72,6,96.36,2.19,101.76,30.31,79.56
L50074,L,54.33,13.0,12.25,80.15,2,95.1,2.27,84.26,26.18,81.15
M17755,M,58.17,18.98,6.35,64.16,5,97.46,2.32,125.66,36.98,76.24
M17756,M,55.93,15.02,12.5,74.14,6,95.0,2.4,95.26,29.98,78.96
M17757,M,57.52,17.49,12.65,67.76,2,94.94,2.48,111.0,34.5,76.52
M17758,M,57.32,17.73,4.8,68.64,4,98.08,2.56,111.4,35.03,76.88
L50079,L,59.45,18.07,10.95,61.46,2,95.62,2.64,109.4,35.74,75.75
L50080,L,57.12,16.45,6.05,70.47,7,97.58,2.69,98.48,32.92,77.55
L50081,L,59.35,18.31,11.15,62.09,2,95.54,2.75,109.1,36.32,75.23
M17762,M,57.72,17.2,11.25,68.45,6,95.5,2.8,101.22,34.39,76.08
M17763,M,55.02,15.32,10.4,78.99,7,95.84,2.88,88.06,31.11,77.64
L50084,L,44.01,12.26,14.55,118.67,4,94.18,2.96,76.92,25.73,79.76
L50085,L,57.8,18.14,11.65,68.53,3,95.34,3.01,103.84,36.34,74.64
L50086,L,59.94,18.88,12.75,61.01,2,94.9,3.07,105.58,37.73,73.73
M17767,M,57.5,18.28,10.85,69.91,4,95.66,3.12,103.02,36.74,74.3
L50088,L,62.39,24.58,8.0,50.26,7,96.8,3.2,144.82,48.12,68.74
L50089,L,58.83,20.78,8.1,64.61,6,96.76,3.25,118.2,41.39,71.99
L50090,L,57.78,19.62,7.2,68.99,3,97.12,3.31,109.12,39.37,72.98
M17771,M,61.1,21.08,7.3,57.06,6,97.08,3.36,115.04,42.06,71.52
L50092,L,56.7,17.9,7.45,74.1,7,97.02,3.44,93.82,36.45,74.15
L50093,L,58.5,19.13,14.55,67.48,2,94.18,3.49,100.02,38.73,72.19
H32328,H,53.51,15.76,14.65,86.52,3,94.14,3.55,78.76,32.77,75.06
L50095,L,62.87,26.56,8.9,49.47,6,96.44,3.68,149.3,52.29,65.6
L50096,L,60.66,21.6,11.0,59.75,2,95.6,3.73,111.42,43.46,69.7
L50097,L,59.2,21.11,11.1,65.24,7,95.56,3.79,108.32,42.65,69.99
M17778,M,59.61,20.02,14.2,64.59,5,94.32,3.84,97.84,40.77,70.52
L50099,L,56.29,19.26,8.35,76.67,7,96.66,3.92,94.52,39.5,71.57
L50100,L,58.21,20.34,7.45,69.73,5,97.02,3.97,99.36,41.52,70.55
L50101,L,57.41,19.86,13.55,72.92,5,94.58,4.03,95.34,40.71,70.24
L50102,L,60.04,21.76,10.65,63.17,7,95.74,4.08,105.82,44.2,68.68
M17783,M,61.32,25.22,11.75,57.24,7,95.3,4.13,130.54,50.47,65.32
L50104,L,60.48,23.72,9.9,61.19,7,96.04,4.21,117.82,47.86,66.65
M17785,M,61.6,25.58,10.0,56.61,2,96.0,4.27,129.96,51.26,64.83
L50106,L,59.96,26.14,13.15,62.28,3,94.74,4.35,134.94,52.38,63.8
M17787,M,61.27,25.65,14.25,58.22,2,94.3,4.4,128.02,51.57,63.99
M17788,M,63.73,27.16,11.4,49.32,2,95.44,4.48,134.96,54.39,62.71
M17789,M,60.56,23.43,11.55,62.38,7,95.38,4.56,107.64,47.79,65.83
H32344,H,61.8,26.74,8.7,56.78,7,96.52,4.64,130.66,53.84,62.93
L50111,L,62.39,25.67,12.95,55.82,3,94.82,4.77,118.26,52.08,63.12
L50112,L,61.18,25.01,17.05,60.5,4,93.18,4.83,113.4,50.95,63.16
M17793,M,57.01,21.62,14.15,76.74,3,94.34,4.88,90.82,44.95,66.35
M17794,M,60.08,25.46,18.3,64.57,7,92.68,4.96,115.52,51.93,62.28
M17795,M,58.22,22.17,14.45,72.91,6,94.22,5.04,90.0,46.14,65.4
M17796,M,62.47,27.56,11.6,55.92,6,95.36,5.12,125.48,55.91,60.65
L50117,L,56.51,22.1,16.75,79.45,7,93.3,5.2,88.2,46.22,64.81
L50118,L,61.38,24.38,16.85,61.76,4,93.26,5.25,98.58,50.39,62.62
L50119,L,62.14,26.27,17.95,58.42,5,92.82,5.31,111.42,53.83,60.68
L50120,L,48.76,19.68,15.05,107.91,6,93.98,5.36,75.9,42.09,66.73
M17801,M,54.04,36.19,46.15,81.7,3,81.54,8.41,79.52,67.17,44.98
L50122,L,55.74,12.48,2.0,66.81,2,99.2,0.0,129.02,22.36,88.62
H32357,H,47.85,5.08,9.1,97.81,4,96.36,0.05,79.54,9.18,94.39
L50124,L,55.31,9.28,0.35,70.61,2,99.86,0.19,99.9,16.88,91.15
H32359,H,49.25,5.84,6.45,93.33,6,97.42,0.24,79.5,10.78,93.48
M17806,M,53.81,8.75,3.7,76.73,4,98.52,0.37,93.44,16.15,90.81
L50127,L,54.34,8.61,7.85,75.29,3,96.86,0.45,89.84,16.01,90.3
L50128,L,50.65,7.64,2.95,88.68,6,98.82,0.51,86.0,14.35,91.52
M17809,M,56.24,13.86,9.05,66.57,6,96.38,0.56,126.8,25.55,85.2
M17810,M,56.69,13.52,2.2,65.49,5,99.12,0.64,121.7,25.05,85.98
L50131,L,53.29,9.94,10.35,79.28,4,95.86,0.72,95.9,18.72,88.16
H32366,H,53.61,9.94,3.45,78.38,5,98.62,0.77,94.34,18.81,88.7
L50133,L,55.05,11.57,4.7,73.12,6,98.12,0.91,102.36,21.89,86.77
H32368,H,53.47,9.88,10.8,79.61,3,95.68,0.96,89.82,18.93,87.54
M17815,M,57.29,14.23,9.05,64.84,3,96.38,1.09,116.38,26.9,83.46
M17816,M,57.89,13.2,8.2,63.6,4,96.72,1.17,105.48,25.14,84.26
L50137,L,56.61,15.21,4.35,67.3,5,98.26,1.25,121.56,28.86,82.63
M17818,M,56.92,15.04,9.45,66.53,6,96.22,1.31,118.62,28.63,82.13
M17819,M,55.43,12.91,3.6,73.0,4,98.56,1.39,101.78,24.9,84.42
L50140,L,57.3,15.48,7.75,65.61,4,96.9,1.47,117.94,29.6,81.49
L50141,L,54.64,12.76,8.85,76.32,5,96.46,1.52,98.68,24.8,83.67
L50142,L,56.82,14.7,11.95,68.05,7,95.22,1.57,109.96,28.34,81.49
M17823,M,57.89,15.63,6.05,64.14,2,97.58,1.63,114.78,30.08,81.1
L50144,L,54.29,12.7,8.2,78.25,2,96.72,1.71,94.44,24.92,83.3
M17825,M,52.23,11.5,3.3,86.15,3,98.68,1.76,86.56,22.86,84.72
L50146,L,55.77,15.57,11.45,72.26,7,95.42,1.84,112.42,30.25,80.05
L50147,L,59.21,18.58,8.55,59.16,6,96.58,1.89,130.58,35.71,77.5
M17828,M,60.09,17.14,11.65,57.03,4,95.34,1.95,116.64,33.2,78.34
L50149,L,57.91,17.1,7.8,64.85,6,96.88,2.03,117.56,33.24,78.55
M17830,M,58.21,16.09,8.9,64.55,2,96.44,2.08,107.84,31.48,79.21
M17831,M,59.16,17.45,4.05,60.92,4,98.38,2.16,115.66,34.03,78.26
M17832,M,58.68,17.77,8.2,62.72,4,96.72,2.24,117.04,34.7,77.35
M17833,M,57.63,18.46,5.35,66.27,3,97.86,2.32,122.2,36.04,76.81
M17834,M,57.56,16.5,6.5,67.8,3,97.4,2.4,104.82,32.63,78.24
H32389,H,60.0,18.99,7.65,58.5,3,96.94,2.48,119.6,37.19,75.68
M17836,M,52.56,14.22,8.9,86.94,5,96.44,2.61,88.62,28.8,79.48
L50157,L,59.46,20.66,12.05,60.32,4,95.18,2.69,128.86,40.45,73.19
H32392,H,56.19,17.29,9.15,73.46,6,96.34,2.75,105.24,34.48,76.35
L50159,L,57.8,18.26,11.4,67.97,7,95.44,2.88,107.84,36.4,74.9
L50160,L,59.24,18.62,11.5,63.04,4,95.4,2.93,107.54,37.11,74.43
H32395,H,58.09,19.06,10.6,66.97,7,95.76,2.99,111.4,37.96,73.99
L50162,L,54.39,16.28,7.85,81.61,2,96.86,3.12,91.3,33.16,76.4
L50163,L,61.79,23.87,6.95,52.56,2,97.22,3.17,140.6,46.82,69.55
L50164,L,56.78,17.28,10.05,73.31,3,95.98,3.23,93.58,35.07,75.0
L50165,L,57.46,17.72,10.15,70.94,5,95.94,3.28,94.92,35.92,74.46
L50166,L,59.57,22.0,14.25,61.75,3,94.3,3.33,125.1,43.67,70.07
M17847,M,56.67,17.38,9.35,74.26,4,96.26,3.39,90.98,35.47,74.56
M17848,M,58.6,21.02,15.5,66.09,7,93.8,3.47,115.64,42.09,70.47
L50169,L,59.13,21.24,6.65,64.48,6,97.34,3.55,114.84,42.58,70.95
L50170,L,56.48,17.95,12.75,75.43,2,94.9,3.6,90.96,36.75,73.15
M17851,M,61.59,23.68,9.85,55.21,2,96.06,3.65,128.62,47.1,68.16
M17852,M,56.68,18.55,9.0,74.97,2,96.4,3.73,92.5,37.99,72.64
M17853,M,61.35,25.42,10.15,55.79,4,95.94,3.81,139.2,50.4,66.16
L50174,L,60.12,24.8,11.3,60.65,3,95.48,3.89,134.22,49.41,66.38
L50175,L,58.88,21.19,10.4,66.9,7,95.84,3.95,105.8,43.0,69.57
M17856,M,59.55,21.45,8.5,64.68,2,96.6,4.0,105.76,43.53,69.38
L50177,L,62.01,27.92,16.65,53.29,5,93.34,4.08,152.3,55.22,62.56
L50178,L,58.13,21.02,10.75,70.29,6,95.7,4.13,101.32,42.94,69.19
L50179,L,61.41,27.81,12.85,55.84,6,94.86,4.19,149.9,55.17,62.76
H32414,H,62.5,45.92,43.95,43.24,2,82.42,7.24,172.08,83.11,39.57
L50181,L,60.89,24.1,8.2,60.2,5,96.72,4.37,116.7,48.75,66.06
M17862,M,59.35,23.01,13.3,66.25,4,94.68,4.43,108.9,46.86,66.39
M17863,M,60.98,24.12,17.45,60.39,2,93.02,4.51,113.78,48.96,64.76
M17864,M,60.82,27.06,11.6,59.77,3,95.36,4.59,135.72,54.33,62.5
L50185,L,60.38,23.35,10.75,63.48,2,95.7,4.67,104.86,47.78,65.7
L50186,L,60.65,23.08,12.85,62.86,2,94.86,4.72,101.16,47.38,65.59
L50187,L,63.25,26.87,13.95,52.26,5,94.42,4.77,126.68,54.23,61.94
M17868,M,59.91,23.98,14.05,65.36,2,94.38,4.83,106.94,49.12,64.38
M17869,M,61.18,24.67,13.2,60.96,5,94.72,4.91,108.92,50.46,63.64
L50190,L,60.24,24.24,11.35,64.73,5,95.46,4.99,104.94,49.78,64.0
M17871,M,61.8,28.0,9.45,57.7,3,96.22,5.04,131.68,56.59,60.68
L50192,L,61.92,26.54,9.6,58.33,2,96.16,5.12,118.04,54.07,61.77
L50193,L,62.59,27.62,14.7,55.69,3,94.12,5.17,124.6,56.08,60.14
L50194,L,59.88,26.38,10.8,65.81,6,95.68,5.23,117.2,53.93,61.5
L50195,L,59.81,23.46,11.9,67.72,7,95.24,5.28,92.78,48.77,63.86
L50196,L,62.03,28.2,11.0,57.95,2,95.6,5.33,126.42,57.33,59.57
L50197,L,64.07,29.08,18.1,50.71,4,92.76,5.39,129.5,58.98,57.93
M17878,M,60.33,25.3,12.2,65.65,4,95.12,5.44,103.12,52.25,61.77
L50199,L,63.14,45.11,43.35,46.4,7,82.66,8.52,135.98,83.29,36.98
L50200,L,60.81,26.24,14.45,64.03,2,94.22,5.57,107.06,54.13,60.35
L50201,L,62.65,29.28,10.55,56.41,6,95.78,5.63,127.62,59.63,57.87
L50202,L,57.78,24.69,19.65,75.66,7,92.14,5.68,96.4,51.47,60.94
L50203,L,58.55,24.5,14.75,73.3,3,94.1,5.73,92.62,51.2,61.46
L50204,L,62.19,27.76,13.85,59.37,3,94.46,5.79,112.5,57.11,58.49
L50205,L,63.69,30.07,11.95,53.26,3,95.22,5.84,127.72,61.32,56.46
M17886,M,56.15,23.16,11.05,82.82,7,95.58,5.89,81.56,48.99,62.61
L50207,L,51.14,5.9,4.0,85.9,7,98.4,0.0,82.74,10.58,94.31
L50208,L,56.99,14.06,9.1,61.92,5,96.36,0.05,138.78,25.27,86.35
L50209,L,54.93,13.14,4.2,69.68,6,98.32,0.11,133.1,23.7,87.52
M17890,M,54.43,8.98,4.3,73.66,7,98.28,0.16,99.26,16.3,91.1
M17891,M,57.05,11.54,6.45,63.68,6,97.42,0.24,114.38,21.0,88.38
M17892,M,56.3,11.68,2.6,66.51,3,98.96,0.32,114.74,21.35,88.42
M17893,M,49.3,6.9,2.75,93.25,3,98.9,0.4,84.28,12.88,92.49
H32448,H,56.15,12.39,1.9,67.31,4,99.24,0.48,117.0,22.82,87.44
M17895,M,56.91,12.49,6.15,65.16,5,97.54,0.61,113.76,23.17,86.58
L50216,L,58.58,14.1,4.3,58.9,7,98.28,0.69,122.58,26.16,85.1
L50217,L,50.38,8.32,5.4,90.19,7,97.84,0.75,86.34,15.85,90.04
L50218,L,58.27,15.0,5.5,59.95,3,97.8,0.8,127.78,27.9,83.9
M17899,M,53.73,10.41,2.6,78.04,2,98.96,0.85,96.1,19.74,88.16
L50220,L,56.6,12.48,6.75,67.46,2,97.3,0.93,106.88,23.55,85.69
L50221,L,55.65,12.68,10.85,70.81,2,95.66,0.99,108.66,23.99,84.95
M17902,M,56.94,14.1,5.95,65.9,4,97.62,1.04,116.98,26.59,84.03
L50223,L,55.69,12.84,9.1,71.13,2,96.36,1.12,106.82,24.43,84.64
L50224,L,49.49,8.87,8.2,94.62,2,96.72,1.17,82.42,17.39,88.14
L50225,L,56.17,12.5,10.3,70.05,2,95.88,1.23,101.12,23.97,84.53
M17906,M,56.59,13.84,10.4,68.13,3,95.84,1.28,110.02,26.43,83.18
L50227,L,55.85,13.66,4.55,71.07,2,98.18,1.36,107.76,26.2,83.72
L50228,L,56.29,15.04,9.65,69.08,7,96.14,1.41,117.04,28.75,81.83
L50229,L,59.35,18.38,2.75,57.11,4,98.9,1.47,138.32,34.8,79.39
L50230,L,57.88,17.38,11.85,62.86,2,95.26,1.52,131.22,33.09,79.23
L50231,L,58.89,17.04,6.95,59.78,4,97.22,1.57,125.92,32.55,79.88
L50232,L,58.15,15.5,5.05,63.3,6,97.98,1.63,113.42,29.86,81.31
H32467,H,56.97,13.94,7.15,68.33,5,97.14,1.68,101.32,27.12,82.36
H32468,H,59.51,17.62,6.4,58.29,6,97.44,1.81,124.24,33.88,78.79
L50235,L,58.42,15.24,8.65,63.73,6,96.54,1.95,103.74,29.79,80.35
L50236,L,54.99,13.48,4.75,76.61,7,98.1,2.0,93.14,26.69,82.18
L50237,L,58.93,17.84,6.85,61.08,2,97.26,2.05,121.4,34.58,77.92
L50238,L,54.5,14.34,10.95,78.28,2,95.62,2.11,98.38,28.39,80.5
M17919,M,59.52,17.93,7.05,59.44,6,97.18,2.16,118.96,34.88,77.53
L50240,L,52.13,12.67,8.2,87.76,2,96.72,2.24,85.24,25.56,81.92
L50241,L,59.89,21.56,6.3,56.87,7,97.48,2.29,144.46,41.55,74.01
L50242,L,57.04,17.04,9.4,69.13,2,96.24,2.35,111.06,33.53,77.6
L50243,L,58.87,18.55,12.5,62.28,5,95.0,2.4,119.42,36.3,75.8
M17924,M,54.57,14.96,7.6,79.07,4,96.96,2.45,95.42,29.93,79.37
M17925,M,55.3,14.52,6.75,77.09,5,97.3,2.53,89.14,29.26,79.63
M17926,M,58.73,18.92,10.9,63.39,6,95.64,2.61,117.74,37.23,75.07
L50247,L,57.72,17.33,12.05,67.99,5,95.18,2.69,104.66,34.49,76.17
H32482,H,56.48,16.19,12.15,73.0,2,95.14,2.75,96.04,32.51,77.04
L50249,L,54.17,15.69,7.4,81.7,7,97.04,2.88,92.22,31.78,77.61
L50250,L,56.56,15.88,9.5,73.61,3,96.2,2.93,89.22,32.18,77.09
L50251,L,48.72,13.18,10.6,102.11,6,95.76,2.99,77.28,27.43,79.25
L50252,L,61.3,23.67,10.7,53.86,7,95.72,3.04,142.68,46.29,69.7
L50253,L,58.97,21.0,14.8,63.4,4,94.08,3.09,123.36,41.58,71.54
L50254,L,54.59,16.26,9.9,81.02,2,96.04,3.15,90.26,33.15,76.14
M17935,M,60.44,21.12,14.0,58.69,5,94.4,3.2,119.9,41.93,71.23
L50256,L,59.67,20.74,11.15,61.83,2,95.54,3.28,116.08,41.34,71.65
L50257,L,53.96,15.75,15.25,84.18,3,93.9,3.33,82.82,32.47,75.57
M17938,M,61.18,24.21,15.35,55.34,6,93.86,3.39,139.38,47.7,67.84
L50259,L,61.4,24.4,15.5,54.8,5,93.8,3.47,138.8,48.14,67.45
M17940,M,58.56,21.36,10.6,66.27,4,95.76,3.52,117.18,42.76,70.52
M17941,M,52.93,16.25,13.75,88.48,4,94.5,3.6,82.24,33.7,74.57
M17942,M,60.66,22.02,15.9,59.34,3,93.64,3.68,115.94,44.14,68.98
L50263,L,56.31,18.4,14.05,76.4,3,94.38,3.76,91.24,37.77,72.19
H32498,H,61.95,25.24,9.15,53.83,6,96.34,3.81,136.98,50.09,66.41
L50265,L,60.47,22.56,9.4,60.77,3,96.24,3.95,114.62,45.46,68.44
L50266,L,58.07,20.02,8.5,70.49,6,96.6,4.0,96.4,40.98,70.66
M17947,M,60.11,23.46,9.6,61.97,4,96.16,4.05,119.88,47.2,67.33
M17948,M,58.01,20.1,10.75,71.15,7,95.7,4.13,94.08,41.28,70.02
H32503,H,59.62,22.19,16.9,64.9,2,93.24,4.21,106.8,45.13,67.32
H32504,H,60.82,24.49,14.15,60.16,3,94.34,4.35,120.56,49.42,65.18
L50271,L,59.36,20.86,9.4,67.47,4,96.24,4.48,90.56,43.09,68.55
M17952,M,48.73,17.68,9.5,105.81,7,96.2,4.53,78.46,37.44,71.26
L50273,L,61.86,26.64,9.65,56.53,2,96.14,4.61,130.34,53.61,63.0
L50274,L,53.55,19.5,10.75,88.85,7,95.7,4.67,83.44,40.88,69.15
M17955,M,59.4,23.28,13.85,67.06,2,94.46,4.72,104.48,47.74,65.31
L50276,L,59.7,24.12,10.0,65.94,3,96.0,4.8,109.0,49.34,64.73
M17957,M,62.77,27.01,16.1,54.15,5,93.56,4.85,126.66,54.58,61.39
M17958,M,62.33,27.6,16.25,55.65,6,93.5,4.93,130.18,55.74,60.64
M17959,M,60.62,25.99,14.4,62.66,6,94.24,5.01,117.86,52.96,62.05
L50280,L,59.76,25.8,14.55,66.0,7,94.18,5.09,115.76,52.73,61.99
H32515,H,61.44,24.76,18.65,60.97,4,92.54,5.15,103.94,50.93,62.38
L50282,L,62.39,27.92,9.9,56.64,2,96.04,5.28,124.84,56.75,60.08
L50283,L,58.72,23.58,19.0,71.61,4,92.4,5.33,93.96,49.04,62.92
M17964,M,58.64,23.61,12.1,72.1,5,95.16,5.39,93.16,49.17,63.43
L50285,L,59.69,25.25,18.25,67.97,2,92.7,5.47,103.04,52.21,61.14
L50286,L,61.6,26.53,14.35,60.98,4,94.26,5.52,109.5,54.58,60.24
M17967,M,62.08,26.57,19.45,59.52,5,92.22,5.57,107.92,54.71,59.55
L50288,L,61.47,26.64,19.6,61.88,5,92.16,5.65,107.48,54.93,59.27
L50289,L,61.72,28.2,19.7,60.45,5,92.12,5.71,118.42,57.79,57.72
H32524,H,54.81,8.3,1.0,72.1,3,99.6,0.0,96.9,14.88,92.46
L50291,L,51.55,7.38,3.25,84.26,3,98.7,0.13,90.98,13.39,92.71
M17972,M,57.49,14.74,6.35,60.38,2,97.46,0.19,140.5,26.65,85.67
M17973,M,57.72,15.0,0.5,59.75,6,99.8,0.27,140.5,27.22,85.8
M17974,M,52.9,8.66,4.65,79.82,7,98.14,0.35,94.66,15.97,90.86
L50295,L,53.35,9.98,8.8,77.91,5,96.48,0.43,102.76,18.43,89.05
L50296,L,54.75,10.04,0.9,73.28,7,99.64,0.48,100.12,18.61,89.65
M17977,M,56.22,12.58,1.0,67.16,4,99.6,0.53,117.18,23.22,87.22
M17978,M,56.47,13.56,8.15,66.12,2,96.74,0.61,122.96,25.09,85.41
L50299,L,50.74,7.98,7.3,88.91,5,97.08,0.69,84.36,15.18,90.29
H32534,H,55.09,12.44,3.4,71.93,5,98.64,0.75,112.86,23.25,86.54
L50301,L,46.83,7.12,2.65,103.49,3,98.94,0.88,78.62,13.87,91.04
L50302,L,56.61,14.3,2.75,66.5,3,98.9,0.93,121.46,26.82,84.45
H32537,H,56.31,12.58,7.85,68.61,7,96.86,0.99,106.96,23.81,85.34
L50304,L,55.44,13.28,11.1,71.76,5,95.56,1.12,110.76,25.24,84.03
L50305,L,53.67,10.37,9.2,79.52,4,96.32,1.17,88.68,20.08,86.69
L50306,L,56.56,12.6,4.3,68.65,5,98.28,1.23,101.38,24.15,85.04
L50307,L,53.45,10.92,7.4,80.39,7,97.04,1.28,90.94,21.19,86.1
M17988,M,57.22,14.7,10.5,65.75,7,95.8,1.33,114.84,28.04,82.26
L50309,L,54.69,12.86,6.65,75.67,7,97.34,1.41,101.84,24.86,84.08
L50310,L,53.04,10.75,7.75,82.62,2,96.9,1.47,86.0,21.13,85.73
L50311,L,54.55,12.74,11.85,76.63,7,95.26,1.52,98.6,24.76,83.4
L50312,L,56.11,14.87,10.95,70.41,4,95.62,1.57,112.34,28.65,81.43
H32547,H,57.84,17.18,8.05,63.51,3,96.78,1.63,127.24,32.86,79.51
L50314,L,59.2,18.16,7.3,58.87,5,97.08,1.76,130.18,34.78,78.36
L50315,L,59.51,18.57,7.4,57.82,4,97.04,1.81,131.84,35.58,77.84
L50316,L,58.21,19.3,5.5,62.1,5,97.8,1.87,138.3,36.97,77.23
L50317,L,56.35,14.88,6.6,70.91,4,97.36,1.92,104.34,29.12,80.94
L50318,L,59.19,16.8,6.7,60.4,4,97.32,1.97,114.52,32.61,79.08
H32553,H,57.26,15.76,9.8,67.77,4,96.08,2.03,107.66,30.82,79.56
H32554,H,42.13,24.68,38.05,115.81,4,84.78,5.16,76.86,42.4,64.68
L50321,L,57.44,18.16,6.3,66.97,6,97.48,2.29,120.62,35.46,77.06
L50322,L,55.51,15.72,9.4,75.04,6,96.24,2.35,102.56,31.15,78.79
H32557,H,59.05,17.8,12.5,62.05,6,95.0,2.4,113.18,34.96,76.47
M18004,M,58.34,16.68,7.75,65.56,6,96.9,2.53,102.16,33.11,77.6
M18005,M,59.35,18.72,9.9,61.39,6,96.04,2.61,115.3,36.87,75.35
M18006,M,54.12,14.7,7.05,81.65,2,97.18,2.69,88.6,29.78,79.02
M18007,M,59.16,19.02,9.2,62.49,5,96.32,2.77,114.4,37.62,74.72
H32562,H,59.14,18.48,5.35,63.16,5,97.86,2.85,108.36,36.76,75.38
H32563,H,58.53,17.76,13.6,66.12,6,94.56,2.99,100.4,35.63,74.85
L50330,L,58.49,17.58,12.85,66.86,5,94.86,3.12,96.06,35.49,74.73
L50331,L,59.79,20.47,14.95,61.17,2,94.02,3.17,116.16,40.72,71.8
M18012,M,59.19,20.26,13.05,63.52,3,94.78,3.23,114.06,40.41,72.04
M18013,M,59.14,22.24,11.2,63.03,6,95.52,3.31,128.26,44.08,70.23
L50334,L,58.48,20.78,15.35,66.31,5,93.86,3.39,115.68,41.56,70.91
L50335,L,60.97,23.82,11.45,56.44,3,95.42,3.44,135.34,47.07,68.44
L50336,L,59.58,19.7,13.55,63.5,4,94.58,3.49,103.14,39.76,71.78
M18017,M,59.33,21.19,13.65,63.81,2,94.54,3.55,114.16,42.49,70.3
L50338,L,56.64,18.4,12.8,74.75,6,94.88,3.63,93.78,37.6,72.67
H32573,H,60.63,22.92,8.9,58.99,4,96.44,3.68,123.18,45.75,68.87
M18020,M,61.39,24.24,15.15,56.23,5,93.94,3.81,129.74,48.3,66.71
L50341,L,62.26,27.46,16.3,51.97,4,93.48,3.89,152.48,54.16,63.5
L50342,L,59.9,21.84,8.4,63.08,7,96.64,3.95,109.6,44.16,69.19
L50343,L,58.96,21.72,7.5,66.59,5,97.0,4.0,108.78,44.02,69.24
L50344,L,57.04,19.98,7.6,74.26,6,96.96,4.05,96.3,40.97,70.65
L50345,L,59.26,20.94,11.7,66.33,5,95.32,4.11,99.72,42.76,69.24
M18026,M,59.28,21.9,15.8,66.0,6,93.68,4.16,106.18,44.55,67.82
L50347,L,61.63,24.0,16.95,57.2,3,93.22,4.24,117.88,48.4,65.63
M18028,M,58.34,20.46,9.05,70.47,7,96.38,4.29,92.88,42.12,69.45
M18029,M,57.54,22.0,13.2,72.75,6,94.72,4.37,104.5,44.98,67.44
M18030,M,57.49,21.44,11.35,73.53,6,95.46,4.45,98.3,44.08,67.92
L50351,L,61.93,27.82,9.5,55.39,7,96.2,4.53,141.52,55.64,62.17
M18032,M,60.5,24.08,10.6,62.36,2,95.76,4.59,112.36,49.0,65.27
L50353,L,58.61,22.15,9.75,70.12,2,96.1,4.67,97.68,45.63,66.87
L50354,L,59.02,22.81,8.85,68.6,2,96.46,4.72,101.2,46.88,66.23
L50355,L,61.0,25.5,13.95,60.65,7,94.42,4.77,118.76,51.77,63.18
L50356,L,61.54,25.83,10.05,58.84,2,95.98,4.83,119.5,52.43,63.12
M18037,M,59.73,22.99,10.15,66.7,3,95.94,4.88,98.08,47.41,65.52
M18038,M,63.24,28.28,13.3,52.31,7,94.68,4.96,133.78,56.99,60.25
L50359,L,59.82,24.32,14.45,66.34,2,94.22,5.04,105.0,50.0,63.48
M18040,M,61.87,27.48,15.55,57.91,7,93.78,5.09,126.26,55.73,60.39
L50361,L,60.6,24.77,15.7,63.96,3,93.72,5.17,104.54,50.97,62.6
M18042,M,61.88,28.26,9.8,58.02,2,96.08,5.23,129.46,57.29,59.92
L50363,L,59.45,23.92,13.95,68.84,2,94.42,5.31,96.32,49.62,63.18
L50364,L,58.96,23.83,19.05,70.78,2,92.38,5.36,95.08,49.53,62.61
L50365,L,58.57,23.02,17.15,72.74,6,93.14,5.41,87.9,48.13,63.39
M18046,M,61.96,28.6,18.25,58.5,6,92.7,5.47,126.72,58.21,58.14
M18047,M,57.74,23.59,17.4,75.8,7,93.04,5.55,90.64,49.33,62.5
M18048,M,62.4,29.63,11.55,57.09,5,95.38,5.63,130.76,60.26,57.46
L50369,L,60.85,25.54,14.7,64.78,3,94.12,5.71,98.42,53.04,60.6
L50370,L,60.21,24.8,11.8,67.55,7,95.28,5.76,92.18,51.78,61.41
M18051,M,58.33,25.86,12.9,73.67,3,94.84,5.81,102.04,53.75,60.21
M18052,M,62.99,27.63,15.05,57.09,3,93.98,5.89,107.96,57.02,58.2
L50373,L,56.61,11.12,4.0,64.49,6,98.4,0.0,117.02,19.94,89.63
L50374,L,55.9,13.08,9.1,66.16,4,96.36,0.05,132.48,23.52,87.22
M18055,M,53.32,8.42,0.2,77.54,3,99.92,0.11,97.5,15.23,92.15
L50376,L,55.54,10.64,0.35,69.13,7,99.86,0.19,110.38,19.3,89.94
L50377,L,55.95,10.87,1.45,67.82,5,99.42,0.24,110.5,19.79,89.48
M18058,M,56.04,12.31,9.55,67.0,5,96.18,0.29,120.66,22.43,87.24
H32613,H,54.72,9.97,3.7,73.02,2,98.52,0.37,102.0,18.34,89.71
M18060,M,56.41,12.62,1.95,66.39,5,99.22,0.51,117.88,23.26,87.16
L50381,L,56.13,13.51,6.1,67.2,2,97.56,0.59,123.58,24.96,85.74
L50382,L,56.91,12.77,7.2,65.11,7,97.12,0.64,115.4,23.7,86.15
M18063,M,55.47,11.58,7.3,70.86,7,97.08,0.69,106.66,21.64,87.06
L50384,L,57.44,16.02,1.45,62.19,2,99.42,0.77,137.68,29.7,83.46
M18065,M,55.4,12.08,5.55,71.36,4,97.78,0.83,107.76,22.7,86.44
M18066,M,54.56,10.97,7.7,75.11,6,96.92,0.91,98.24,20.82,87.01
M18067,M,54.21,10.76,1.85,76.72,4,99.26,0.99,95.24,20.54,87.57
M18068,M,57.74,13.75,7.0,63.42,5,97.2,1.07,112.52,26.0,84.17
L50389,L,55.19,11.29,8.15,73.7,6,96.74,1.15,94.54,21.69,86.04
M18070,M,58.5,15.5,2.25,60.45,4,99.1,1.2,122.48,29.31,82.72
L50391,L,57.16,16.69,9.4,64.76,2,96.24,1.28,132.04,31.54,80.73
L50392,L,54.5,12.1,5.5,76.4,5,97.8,1.33,97.78,23.38,85.09
L50393,L,53.06,11.41,8.6,81.9,3,96.56,1.39,93.04,22.21,85.26
H32628,H,58.3,17.12,7.7,61.24,5,96.92,1.44,130.32,32.52,80.09
M18075,M,47.06,8.8,5.95,104.55,5,97.62,1.57,76.18,17.76,87.38
L50396,L,54.8,11.86,9.1,76.72,2,96.36,1.65,88.26,23.36,84.1
L50397,L,49.45,10.47,10.2,96.02,7,95.92,1.71,83.3,20.94,85.1
L50398,L,58.23,18.68,12.3,61.96,5,95.08,1.76,135.72,35.72,77.39
M18079,M,57.17,15.04,3.4,67.63,6,98.64,1.81,106.86,29.26,81.4
M18080,M,56.94,14.8,5.55,68.85,2,97.78,1.89,103.5,28.94,81.19
L50401,L,58.51,18.2,4.7,62.05,6,98.12,1.97,126.66,35.12,78.02
M18082,M,58.39,17.26,8.8,63.12,4,96.48,2.03,118.1,33.5,78.31
H32637,H,57.61,15.44,11.95,67.03,6,95.22,2.11,102.9,30.36,79.41
M18084,M,56.86,15.17,13.2,70.26,4,94.72,2.24,98.74,30.04,79.18
L50405,L,58.16,17.14,8.35,65.13,2,96.66,2.32,110.88,33.66,77.69
L50406,L,58.35,18.62,4.45,63.94,6,98.22,2.37,121.3,36.39,76.61
M18087,M,56.6,16.0,13.55,71.45,4,94.58,2.43,101.58,31.77,77.91
L50408,L,58.35,19.22,12.7,64.14,7,94.92,2.51,123.1,37.64,74.9
L50409,L,58.89,18.48,12.8,62.86,4,94.88,2.56,115.24,36.38,75.41
L50410,L,57.29,16.84,9.9,69.38,7,96.04,2.61,103.12,33.51,77.03
L50411,L,59.26,19.32,6.0,61.59,3,97.6,2.67,119.1,38.03,75.05
L50412,L,57.06,17.74,10.1,70.13,6,95.96,2.72,108.2,35.25,75.93
H32647,H,58.67,18.5,6.2,64.45,4,97.52,2.77,110.88,36.68,75.5
L50414,L,58.6,18.32,6.45,65.29,5,97.42,2.91,106.58,36.53,75.28
L50415,L,52.01,14.0,6.55,90.3,5,97.38,2.96,79.92,28.87,78.99
M18096,M,60.86,39.64,39.65,47.28,2,84.14,6.01,151.64,70.3,48.86
M18097,M,54.89,15.98,6.8,79.91,3,97.28,3.09,88.76,32.57,76.85
M18098,M,55.48,15.92,10.95,78.24,3,95.62,3.17,85.68,32.57,76.27
L50419,L,59.85,21.88,8.1,60.56,4,96.76,3.25,125.6,43.36,71.0
L50420,L,57.26,18.72,14.2,71.24,2,94.32,3.31,102.64,37.76,73.09
H32655,H,59.4,20.93,15.3,62.98,2,93.88,3.36,116.18,41.79,70.86
L50422,L,60.79,21.08,12.55,58.66,3,94.98,3.49,112.48,42.22,70.65
L50423,L,55.9,17.66,9.65,77.37,3,96.14,3.55,90.68,36.17,73.86
M18104,M,60.72,22.8,11.75,58.45,3,95.3,3.6,123.94,45.44,68.9
M18105,M,58.03,19.22,7.9,69.79,6,96.84,3.68,97.16,39.12,72.29
L50426,L,59.86,21.78,12.05,62.51,7,95.18,3.76,113.36,43.82,69.37
M18107,M,58.09,19.22,13.15,70.09,6,94.74,3.81,94.08,39.29,71.41
M18108,M,59.39,21.5,16.3,64.8,3,93.48,3.89,108.82,43.49,68.84
L50429,L,59.74,21.64,12.45,63.83,7,95.02,3.97,107.66,43.85,68.88
H32664,H,56.66,18.83,12.55,76.04,4,94.98,4.03,88.18,38.87,71.26
L50431,L,59.83,21.51,8.8,64.3,2,96.48,4.16,102.22,43.83,68.88
L50432,L,57.46,20.34,11.9,73.23,4,95.24,4.21,94.96,41.81,69.48
L50433,L,59.94,25.02,16.0,62.59,4,93.6,4.27,127.84,50.28,64.73
M18114,M,63.11,27.56,12.1,50.62,6,95.16,4.32,142.56,54.89,62.7
L50435,L,60.25,23.92,11.25,62.59,4,95.5,4.4,115.62,48.48,65.84
L50436,L,59.9,23.26,8.35,64.32,2,96.66,4.45,109.58,47.35,66.58
L50437,L,53.2,18.44,11.45,89.98,5,95.42,4.51,79.08,38.79,70.45
L50438,L,58.22,21.9,10.55,71.2,2,95.78,4.56,98.66,45.06,67.3
M18119,M,58.54,21.74,17.65,70.38,4,92.94,4.61,95.7,44.83,66.59
M18120,M,52.18,18.53,13.8,94.14,7,94.48,4.69,76.96,39.18,69.64
H32675,H,60.99,24.24,10.95,61.33,5,95.62,4.77,108.78,49.52,64.6
L50442,L,59.84,23.8,16.2,66.0,3,93.52,4.91,103.76,48.89,64.12
L50443,L,63.02,28.58,15.3,52.91,4,93.88,4.96,136.48,57.53,59.78
H32678,H,61.46,26.06,13.4,59.72,5,94.64,5.01,117.3,53.09,62.09
L50445,L,63.07,28.84,14.65,53.33,3,94.14,5.15,134.3,58.24,59.12
L50446,L,64.38,44.8,46.75,41.05,4,81.3,8.2,138.98,82.33,37.76
L50447,L,60.35,26.14,14.85,64.43,2,94.06,5.25,114.0,53.52,61.25
M18128,M,60.78,25.37,16.95,63.56,7,93.22,5.31,106.1,52.22,61.58
M18129,M,58.38,24.26,12.1,72.67,3,95.16,5.39,98.72,50.33,62.85
L50450,L,54.96,21.85,12.25,85.92,2,95.1,5.47,82.34,46.11,64.78
M18131,M,58.63,24.58,19.35,72.16,6,92.26,5.52,97.98,51.08,61.48
M18132,M,60.12,24.5,10.5,67.4,7,95.8,5.6,93.46,51.03,62.23
M18133,M,60.61,26.04,11.65,65.23,4,95.34,5.68,103.3,53.89,60.53
L50454,L,52.77,7.85,6.0,79.32,2,97.6,0.0,96.1,14.07,92.36
H32689,H,54.76,9.24,0.1,71.98,2,99.96,0.05,103.24,16.62,91.57
L50456,L,56.28,10.78,5.35,66.51,2,97.86,0.19,110.56,19.57,89.31
L50457,L,54.99,11.12,9.45,70.99,7,96.22,0.24,113.82,20.24,88.46
L50458,L,55.41,11.08,3.55,69.76,5,98.58,0.29,111.72,20.23,88.94
L50459,L,57.28,14.14,1.65,62.03,2,99.34,0.35,132.44,25.79,86.25
M18140,M,56.26,13.9,0.75,65.85,3,99.7,0.4,130.72,25.42,86.41
M18141,M,56.51,12.84,3.9,65.83,7,98.44,0.48,120.1,23.62,86.84
L50462,L,55.58,11.9,5.05,69.8,7,97.98,0.56,112.1,22.05,87.35
L50463,L,56.6,13.22,3.15,65.84,7,98.74,0.61,119.98,24.47,86.23
H32698,H,57.93,14.68,3.25,60.76,7,98.7,0.67,128.64,27.15,84.77
L50465,L,53.35,9.82,8.5,79.44,6,96.6,0.8,93.14,18.63,88.24
L50466,L,54.41,11.96,8.6,74.92,7,96.56,0.85,107.56,22.52,86.17
M18147,M,55.34,10.87,5.7,72.46,4,97.72,0.91,96.36,20.64,87.3
L50468,L,53.92,10.71,4.85,77.74,2,98.06,0.99,95.24,20.45,87.32
M18149,M,59.32,17.27,7.95,56.12,4,96.82,1.04,139.1,32.28,80.99
L50470,L,58.1,13.93,3.1,62.28,2,98.76,1.12,112.3,26.4,84.25
M18151,M,56.79,14.9,3.2,66.5,3,98.72,1.17,120.58,28.19,83.24
L50472,L,58.03,14.84,9.35,62.58,3,96.26,1.25,116.6,28.18,82.47
M18153,M,58.72,17.55,10.45,59.08,7,95.82,1.31,136.14,33.11,79.79
L50474,L,54.44,12.68,11.6,76.51,5,95.36,1.39,101.34,24.5,83.82
L50475,L,56.85,15.17,4.7,67.22,4,98.12,1.44,116.72,29.02,82.14
M18156,M,58.61,15.28,9.8,61.31,3,96.08,1.49,113.98,29.29,81.39
L50477,L,56.24,14.37,8.95,70.22,6,96.42,1.57,108.16,27.76,82.08
L50478,L,57.01,14.4,8.05,67.75,5,96.78,1.63,106.18,27.89,82.0
L50479,L,58.66,16.49,3.15,61.26,4,98.74,1.68,119.4,31.69,80.48
H32714,H,56.57,14.8,4.25,69.5,5,98.3,1.73,107.56,28.73,81.74
L50481,L,59.23,17.53,6.5,59.49,5,97.4,1.87,122.7,33.78,78.72
L50482,L,57.29,17.91,10.6,66.2,2,95.76,1.92,127.26,34.54,77.83
L50483,L,58.99,18.4,7.7,60.3,6,96.92,1.97,127.6,35.48,77.54
L50484,L,57.49,17.51,5.8,66.1,2,97.68,2.03,121.34,33.95,78.39
M18165,M,56.39,18.31,10.9,69.69,3,95.64,2.08,128.14,35.47,77.01
L50486,L,58.59,20.06,11.05,61.57,6,95.58,2.16,137.24,38.69,75.23
M18167,M,56.74,16.62,7.15,69.84,2,97.14,2.21,111.06,32.59,78.56
L50488,L,58.72,17.73,9.3,62.78,3,96.28,2.29,115.46,34.69,77.14
L50489,L,59.5,19.57,9.4,59.42,5,96.24,2.35,127.88,38.05,75.34
L50490,L,60.11,18.88,7.5,57.86,7,97.0,2.4,120.32,36.88,76.01
L50491,L,58.53,18.54,13.6,63.68,3,94.56,2.45,118.58,36.34,75.56
L50492,L,55.97,14.74,11.7,74.58,3,95.32,2.51,90.58,29.62,79.01
L50493,L,54.6,15.66,7.8,79.02,4,96.88,2.56,98.54,31.31,78.44
L50494,L,58.27,18.72,12.9,65.09,2,94.84,2.61,116.78,36.87,75.05
M18175,M,58.29,18.75,7.0,65.22,5,97.2,2.67,115.84,37.0,75.47
M18176,M,62.38,23.39,9.15,49.16,3,96.34,2.75,145.54,45.42,70.88
L50497,L,56.37,15.66,10.3,73.97,7,95.88,2.83,90.12,31.65,77.49
L50498,L,59.34,21.06,6.4,61.27,4,97.44,2.88,128.12,41.42,72.89
L50499,L,55.72,16.45,11.5,76.22,7,95.4,2.93,94.98,33.21,76.38
L50500,L,47.05,13.06,13.6,107.92,7,94.56,2.99,78.58,27.21,79.06
L50501,L,58.27,19.37,10.7,66.41,4,95.72,3.04,112.44,38.58,73.56
L50502,L,60.82,22.5,10.8,56.3,5,95.68,3.09,132.82,44.27,70.6
L50503,L,57.41,18.62,11.9,70.14,4,95.24,3.15,105.18,37.37,73.83
L50504,L,57.63,18.12,13.0,69.84,2,94.8,3.2,99.76,36.56,74.02
L50505,L,57.56,18.19,15.1,70.26,3,93.96,3.25,99.14,36.73,73.62
L50506,L,52.17,14.97,12.2,90.62,5,95.12,3.31,79.64,31.04,76.65
M18187,M,45.39,13.63,9.3,114.78,7,96.28,3.36,77.04,28.7,78.0
L50508,L,60.23,21.3,11.45,60.25,7,95.42,3.44,116.16,42.54,70.7
L50509,L,56.44,17.9,6.55,75.2,2,97.38,3.49,93.06,36.53,74.09
L50510,L,60.83,23.32,6.65,57.59,5,97.34,3.55,129.1,46.3,69.09
L50511,L,58.36,21.92,12.75,66.99,5,94.9,3.6,120.18,43.87,69.59
M18192,M,56.79,18.86,9.85,74.12,4,96.06,3.65,96.62,38.45,72.48
M18193,M,61.65,23.58,14.0,55.36,7,94.4,3.73,125.86,47.0,67.63
M18194,M,58.76,19.99,16.15,67.4,2,93.54,3.81,99.36,40.68,70.42
L50515,L,56.57,19.48,7.3,75.51,3,97.08,3.89,96.5,39.87,71.55
L50516,L,59.1,20.69,14.4,66.4,6,94.24,3.95,101.5,42.1,69.62
L50517,L,58.74,20.52,11.5,67.94,2,95.4,4.0,99.48,41.87,69.91
M18198,M,59.58,22.38,13.6,64.31,3,94.56,4.05,112.0,45.28,67.9
L50519,L,59.94,23.7,13.75,62.75,6,94.5,4.13,120.24,47.73,66.49
M18200,M,60.58,23.58,14.85,60.81,5,94.06,4.19,117.24,47.6,66.34
H32755,H,62.46,25.8,14.0,53.55,3,94.4,4.27,130.58,51.67,64.23
L50522,L,61.84,26.3,16.25,55.95,3,93.5,4.4,132.44,52.73,63.21
M18203,M,58.32,22.46,15.35,70.17,4,93.86,4.45,105.36,45.92,66.6
L50524,L,57.27,20.58,11.5,75.01,5,95.4,4.53,89.92,42.64,68.46
L50525,L,58.96,22.28,8.6,68.56,7,96.56,4.59,100.08,45.77,67.08
L50526,L,56.59,20.0,17.7,78.05,6,92.92,4.64,83.82,41.74,68.08
L50527,L,60.03,24.53,11.8,64.18,4,95.28,4.69,114.18,49.93,64.47
M18208,M,60.04,24.42,12.9,64.39,7,94.84,4.75,112.04,49.8,64.32
L50529,L,58.08,21.43,12.05,72.94,3,95.18,4.83,89.06,44.55,66.87
L50530,L,63.79,45.29,39.15,41.6,2,84.34,7.88,150.9,82.8,38.93
L50531,L,58.1,22.65,16.25,72.68,2,93.5,4.93,96.4,46.87,65.07
L50532,L,59.18,23.61,11.35,68.69,5,95.46,4.99,101.4,48.66,64.56
L50533,L,58.92,23.02,11.45,70.09,2,95.42,5.04,95.84,47.67,64.94
L50534,L,60.04,25.33,16.55,65.28,2,93.38,5.09,111.58,51.88,62.22
L50535,L,62.89,27.69,15.65,54.5,7,93.74,5.15,125.34,56.17,60.05
L50536,L,63.13,45.05,45.75,45.22,7,81.7,8.2,142.7,82.78,37.64
H32771,H,62.33,28.68,11.85,56.36,2,95.26,5.25,131.68,58.09,59.26
L50538,L,60.91,25.31,13.1,63.44,3,94.76,5.39,103.64,52.21,61.81
L50539,L,60.93,26.8,11.2,62.85,6,95.52,5.44,114.3,54.94,60.53
L50540,L,62.89,28.1,19.3,55.65,7,92.28,5.49,120.88,57.36,58.4
L50541,L,61.13,26.82,11.4,62.54,4,95.44,5.55,111.78,55.11,60.21
L50542,L,62.27,27.78,16.5,58.36,4,93.4,5.6,116.7,56.9,58.7
L50543,L,60.73,27.78,12.6,63.86,5,94.96,5.65,117.7,56.99,58.94
L50544,L,53.23,9.88,0.0,76.71,5,100.0,0.0,111.66,17.7,91.15
M18225,M,53.34,7.74,6.1,77.63,4,97.56,0.05,93.2,13.93,92.32
M18226,M,52.52,8.48,1.25,80.36,3,99.5,0.13,98.44,15.36,91.93
H32781,H,51.19,7.19,3.4,85.9,7,98.64,0.21,88.2,13.16,92.65
L50548,L,57.74,15.66,1.65,59.67,2,99.34,0.35,144.0,28.52,84.88
L50549,L,37.28,18.2,36.75,128.9,2,85.3,3.4,71.2,28.55,75.25
L50550,L,54.46,9.41,1.85,74.5,3,99.26,0.45,96.08,17.44,90.19
L50551,L,48.62,6.97,8.95,95.96,6,96.42,0.51,83.38,13.14,91.52
L50552,L,56.8,12.76,8.05,65.17,7,96.78,0.56,117.22,23.57,86.29
L50553,L,54.87,10.64,7.15,73.08,7,97.14,0.61,101.76,19.85,88.13
L50554,L,57.72,14.65,5.25,61.47,6,97.9,0.67,128.72,27.11,84.59
M18235,M,56.58,13.88,2.35,66.01,2,99.06,0.72,122.98,25.8,85.42
M18236,M,57.74,14.28,3.5,62.11,7,98.6,0.8,122.7,26.6,84.75
H32791,H,54.83,10.04,6.65,74.53,2,97.34,0.88,91.02,19.11,88.02
L50558,L,55.32,11.32,9.9,72.74,2,96.04,1.01,97.56,21.57,86.2
M18239,M,56.97,12.62,9.0,66.64,7,96.4,1.07,104.58,23.98,84.97
L50560,L,55.15,12.51,3.15,73.24,7,98.74,1.15,104.4,23.89,85.45
L50561,L,58.32,15.5,11.25,61.05,6,95.5,1.2,122.72,29.31,81.82
L50562,L,56.43,13.38,6.35,68.81,3,97.46,1.25,107.2,25.58,84.07
H32797,H,54.11,12.32,7.45,77.54,7,97.02,1.31,100.68,23.74,84.77
L50564,L,57.87,14.5,10.7,64.05,3,95.72,1.44,109.92,27.81,82.14
L50565,L,57.34,15.38,4.8,65.61,2,98.08,1.49,116.52,29.47,81.8
H32800,H,57.29,14.32,6.9,66.54,7,97.24,1.55,106.88,27.62,82.4
M18247,M,60.11,21.36,7.15,53.82,7,97.14,1.68,156.4,40.43,75.71
M18248,M,58.09,17.28,9.3,63.11,2,96.28,1.76,124.7,33.21,78.95
M18249,M,58.46,18.82,7.45,61.39,6,97.02,1.84,134.72,36.07,77.54
H32804,H,55.89,15.86,11.6,72.02,7,95.36,1.92,112.78,30.87,79.57
L50571,L,57.97,17.98,6.85,64.31,2,97.26,2.05,123.92,34.85,77.79
L50572,L,58.88,18.14,5.95,61.33,7,97.62,2.11,122.76,35.2,77.59
L50573,L,57.74,18.51,7.05,65.25,2,97.18,2.16,126.0,35.91,77.02
L50574,L,59.04,17.22,7.15,61.64,5,97.14,2.21,112.7,33.67,78.02
L50575,L,55.58,15.12,6.25,74.79,2,97.5,2.27,99.54,29.99,79.85
M18256,M,58.38,15.71,8.35,65.1,2,96.66,2.32,99.18,31.11,78.97
L50577,L,55.72,14.88,10.5,74.96,7,95.8,2.4,94.36,29.71,79.29
L50578,L,55.38,15.04,10.6,76.23,3,95.76,2.45,94.9,30.07,79.0
L50579,L,56.46,16.07,5.7,72.22,5,97.72,2.51,100.5,31.99,78.42
H32814,H,57.52,18.78,12.8,67.41,3,94.88,2.56,119.52,36.92,75.14
M18261,M,56.5,16.66,10.05,72.52,3,95.98,2.69,100.94,33.28,76.97
L50582,L,60.52,21.64,8.2,56.53,7,96.72,2.77,133.54,42.32,72.47
L50583,L,60.72,21.66,12.3,56.02,7,95.08,2.83,132.14,42.41,71.91
L50584,L,55.57,16.37,9.4,76.57,7,96.24,2.88,95.7,32.99,76.8
M18265,M,56.5,16.92,5.5,73.29,6,97.8,2.93,97.7,34.07,76.55
L50586,L,59.0,20.04,13.65,63.48,6,94.54,3.01,117.4,39.75,72.73
L50587,L,60.35,21.65,5.75,58.22,5,97.7,3.07,127.22,42.7,71.94
M18268,M,60.4,19.76,13.85,59.22,5,94.46,3.12,110.84,39.38,72.68
M18269,M,55.9,17.1,11.0,76.3,6,95.6,3.2,93.94,34.72,75.14
L50590,L,59.57,19.76,9.15,62.67,2,96.34,3.28,108.42,39.6,72.73
L50591,L,60.1,23.92,8.25,58.99,7,96.7,3.33,139.78,47.12,68.95
L50592,L,61.7,24.06,11.35,53.62,7,95.46,3.39,137.46,47.43,68.38
L50593,L,58.17,19.4,8.45,68.3,3,96.62,3.44,103.8,39.14,72.71
L50594,L,58.3,20.78,15.55,67.36,4,93.78,3.49,113.5,41.69,70.61
L50595,L,58.01,19.87,13.65,69.02,7,94.54,3.55,105.38,40.11,71.48
L50596,L,60.16,21.95,11.75,60.78,5,95.3,3.6,117.9,43.92,69.67
L50597,L,57.52,19.39,15.85,71.36,4,93.66,3.65,99.82,39.39,71.41
H32832,H,58.54,21.22,11.95,67.14,5,95.22,3.71,111.9,42.75,70.02
L50599,L,57.87,19.97,13.2,70.56,3,94.72,3.84,99.82,40.68,70.66
L50600,L,54.69,17.56,7.3,82.92,7,97.08,3.89,83.68,36.41,73.28
M18281,M,57.98,19.29,12.4,70.96,5,95.04,3.95,91.84,39.59,71.07
L50602,L,57.82,20.6,14.55,71.15,7,94.18,4.03,100.78,42.05,69.47
L50603,L,59.82,21.04,12.65,64.28,4,94.94,4.08,100.32,42.9,69.13
L50604,L,58.47,20.62,7.75,69.34,7,96.9,4.13,97.66,42.22,69.85
M18285,M,58.09,20.94,9.85,70.68,2,96.06,4.19,99.46,42.85,69.22
L50606,L,61.72,24.98,9.0,56.51,5,96.4,4.27,125.0,50.19,65.47
L50607,L,59.13,21.56,8.1,67.32,7,96.76,4.32,100.04,44.14,68.48
L50608,L,61.67,25.47,16.2,56.82,6,93.52,4.37,126.62,51.21,64.03
H32843,H,59.41,21.86,16.3,66.62,4,93.48,4.43,99.62,44.8,67.12
H32844,H,55.63,20.23,15.55,80.94,2,93.78,4.56,88.82,42.06,68.3
L50611,L,61.48,24.98,13.8,58.96,4,94.48,4.69,115.78,50.74,63.86
M18292,M,53.06,19.42,17.9,90.89,2,92.84,4.75,81.64,40.83,68.3
M18293,M,54.43,20.38,14.05,86.01,6,94.38,4.83,85.68,42.66,67.61
M18294,M,61.97,25.74,17.2,57.73,2,93.12,4.91,116.44,52.38,62.28
L50615,L,62.39,28.68,18.35,55.11,4,92.66,4.99,137.58,57.75,59.31
L50616,L,61.33,27.15,12.45,59.73,2,95.02,5.04,125.52,55.06,61.14
L50617,L,49.3,19.23,15.55,105.24,7,93.78,5.09,77.54,40.94,67.79
L50618,L,61.38,24.82,9.65,61.14,7,96.14,5.15,104.42,51.02,63.23
L50619,L,61.14,25.95,11.75,61.62,4,95.3,5.2,112.64,53.12,61.86
L50620,L,61.66,26.14,11.85,59.93,2,95.26,5.25,112.2,53.52,61.55
L50621,L,60.28,25.77,16.95,65.06,6,93.22,5.31,109.98,52.94,61.22
M18302,M,61.27,29.2,15.05,60.15,3,93.98,5.36,134.9,59.16,58.19
L50623,L,60.78,26.07,15.2,63.72,6,93.92,5.44,108.7,53.64,60.78
L50624,L,63.08,29.16,13.3,54.47,2,94.68,5.49,129.02,59.24,58.06
M18305,M,59.97,25.66,19.4,67.12,7,92.24,5.55,104.18,53.05,60.44
H32860,H,62.95,29.26,17.55,55.37,4,92.98,5.63,127.0,59.59,57.2
L50627,L,59.84,25.9,19.8,68.25,4,92.08,5.76,101.48,53.75,59.62
L50628,L,62.03,26.59,16.9,60.6,7,93.24,5.81,102.76,55.05,59.16
L50629,L,60.24,25.92,12.0,67.29,6,95.2,5.87,98.7,53.93,60.1
L50630,L,61.74,28.61,19.1,61.0,4,92.36,5.92,116.92,58.81,56.85
L50631,L,55.82,10.98,1.0,67.26,3,99.6,0.0,116.9,19.67,90.06
H32866,H,53.74,8.24,8.1,75.98,5,96.76,0.05,96.64,14.83,91.67
L50633,L,56.47,14.16,8.35,64.17,7,96.66,0.19,137.3,25.62,85.98
L50634,L,49.36,6.17,7.45,92.82,5,97.02,0.24,81.96,11.36,93.09
H32869,H,53.88,11.26,8.55,74.92,3,96.58,0.29,115.22,20.55,88.29
H32870,H,54.05,10.93,9.8,75.04,4,96.08,0.43,109.4,20.13,88.1
M18317,M,39.22,19.68,40.05,122.11,5,83.98,3.56,76.78,31.4,73.17
L50638,L,58.38,13.57,8.2,59.67,2,96.72,0.64,119.78,25.14,85.33
L50639,L,59.3,15.63,7.3,55.68,7,97.08,0.69,133.8,28.9,83.44
L50640,L,57.25,12.64,5.4,64.43,6,97.84,0.75,111.5,23.6,86.16
H32875,H,58.54,14.78,6.5,59.11,2,97.4,0.8,125.6,27.5,84.0
H32876,H,52.06,9.58,10.75,84.51,7,95.7,0.93,89.92,18.35,87.88
L50643,L,51.87,9.57,11.0,85.66,3,95.6,1.07,87.18,18.52,87.51
L50644,L,59.3,18.28,11.1,56.01,7,95.56,1.12,145.46,34.2,79.55
M18325,M,58.19,14.94,6.2,61.68,5,97.52,1.17,119.06,28.28,82.89
L50646,L,57.35,17.98,2.35,63.36,4,99.06,1.25,142.74,33.83,80.34
L50647,L,57.21,14.97,4.45,65.56,5,98.22,1.31,117.62,28.49,82.7
L50648,L,48.08,8.73,8.55,100.24,4,96.58,1.36,79.04,17.38,87.74
M18329,M,57.79,16.22,6.65,63.34,3,97.34,1.41,124.38,30.86,81.08
L50650,L,53.41,11.1,7.8,81.25,6,96.88,1.49,87.72,21.8,85.33
L50651,L,57.77,16.96,4.9,63.57,6,98.04,1.55,127.42,32.37,80.23
L50652,L,56.63,15.62,5.0,68.34,7,98.0,1.6,117.06,30.04,81.28
M18333,M,54.25,13.31,10.1,77.9,3,95.96,1.65,100.62,25.96,82.7
M18334,M,56.29,14.02,7.25,70.84,2,97.1,1.73,101.74,27.34,82.14
L50655,L,55.11,13.79,7.4,75.31,4,97.04,1.81,99.68,27.02,82.12
L50656,L,56.95,16.55,4.5,67.82,7,98.2,1.87,118.04,32.04,79.8
L50657,L,56.64,16.19,6.6,69.26,4,97.36,1.92,114.34,31.45,79.77
L50658,L,55.98,13.62,10.7,73.04,3,95.72,1.97,93.54,26.92,81.52
M18339,M,55.72,13.83,3.8,74.04,2,98.48,2.03,94.38,27.37,81.88
L50660,L,58.99,20.87,10.95,59.56,2,95.62,2.11,144.4,40.09,74.65
L50661,L,55.23,14.36,5.05,75.97,3,97.98,2.16,96.26,28.48,80.94
L50662,L,57.08,16.04,5.15,68.98,5,97.94,2.21,106.0,31.56,79.28
H32897,H,58.37,17.48,4.25,64.01,6,98.3,2.27,114.5,34.2,77.94
L50664,L,57.59,16.95,12.5,67.48,4,95.0,2.4,108.38,33.43,77.23
L50665,L,58.99,19.28,11.6,61.71,7,95.36,2.45,123.94,37.69,75.09
L50666,L,55.81,14.97,9.7,75.02,6,96.12,2.51,92.6,30.02,79.01
M18347,M,57.93,17.38,13.8,66.71,5,94.48,2.56,107.76,34.41,76.3
L50668,L,59.9,21.62,7.95,58.14,7,96.82,2.64,137.18,42.11,72.87
L50669,L,57.59,17.26,7.05,68.47,6,97.18,2.69,104.24,34.35,76.73
M18350,M,54.43,15.34,11.15,80.48,2,95.54,2.75,92.06,30.99,77.9
H32905,H,57.04,17.06,5.3,70.97,4,97.88,2.83,100.4,34.16,76.74
H32906,H,60.89,24.78,7.55,54.41,5,96.98,2.96,153.92,48.18,69.24
M18353,M,56.64,18.13,10.8,72.84,3,95.68,3.09,103.56,36.43,74.52
L50674,L,60.83,20.94,10.95,57.33,2,95.62,3.17,118.52,41.58,71.77
M18355,M,60.49,21.53,8.05,58.44,4,96.78,3.23,122.48,42.69,71.4
L50676,L,61.67,21.92,15.2,54.49,3,93.92,3.31,122.18,43.49,70.12
L50677,L,56.88,18.36,11.3,72.92,7,95.48,3.36,99.04,37.17,73.56
L50678,L,62.08,23.96,13.4,52.47,4,94.64,3.41,135.58,47.29,68.19
L50679,L,61.21,21.35,11.5,56.98,3,95.4,3.47,114.66,42.67,70.58
H32914,H,53.73,17.06,15.6,85.02,6,93.76,3.52,89.42,35.05,73.87
H32915,H,62.32,26.86,11.85,51.12,6,95.26,3.65,153.02,52.79,65.11
M18362,M,61.67,22.51,8.1,56.04,5,96.76,3.79,116.12,45.16,69.04
L50683,L,59.62,23.5,16.25,62.9,7,93.5,3.87,125.06,47.04,67.12
M18364,M,59.23,22.08,11.35,65.16,5,95.46,3.92,113.08,44.57,68.74
L50685,L,56.38,18.68,9.5,76.96,6,96.2,4.0,87.92,38.56,71.77
H32920,H,60.67,23.96,16.6,59.77,4,93.36,4.05,123.1,48.1,66.18
M18367,M,59.85,21.16,10.85,64.52,7,95.66,4.19,98.84,43.25,68.92
L50688,L,58.4,21.05,16.0,69.88,3,93.6,4.27,98.16,43.15,68.29
L50689,L,56.09,19.76,14.1,78.67,6,94.36,4.32,89.82,40.91,69.5
L50690,L,60.47,23.77,15.2,61.82,7,93.92,4.37,114.68,48.16,65.65
L50691,L,62.74,26.53,9.3,52.83,3,96.28,4.43,132.44,53.18,63.63
M18372,M,61.77,25.82,9.4,56.74,2,96.24,4.48,126.86,51.97,64.12
M18373,M,61.51,26.8,8.55,57.45,3,96.58,4.56,133.34,53.84,63.1
H32928,H,61.41,26.37,12.7,58.32,4,94.92,4.64,128.2,53.16,62.87
M18375,M,59.01,24.32,14.95,68.09,7,94.02,4.77,112.1,49.66,64.13
L50696,L,62.05,26.51,13.1,56.84,2,94.76,4.85,123.64,53.69,62.14
L50697,L,59.96,23.52,14.2,65.74,3,94.32,4.91,101.4,48.39,64.57
L50698,L,62.55,26.1,14.3,55.75,6,94.28,4.96,117.32,53.1,62.1
M18379,M,59.8,23.16,11.4,66.87,4,95.44,5.01,96.38,47.89,64.89
L50700,L,58.44,23.33,13.55,71.78,7,94.58,5.09,97.78,48.29,64.31
L50701,L,60.36,25.16,15.65,64.47,2,93.74,5.15,108.62,51.65,62.32
L50702,L,58.82,23.72,9.75,70.69,5,96.1,5.2,98.02,49.14,64.06
L50703,L,60.77,25.58,10.85,63.26,4,95.66,5.25,109.02,52.54,62.14
M18384,M,63.1,27.97,15.95,54.26,6,93.62,5.31,123.7,56.88,59.35
L50705,L,59.64,24.08,13.1,68.41,2,94.76,5.39,95.58,50.02,62.91
H32940,H,61.73,25.72,16.2,60.64,6,93.52,5.44,104.6,53.02,60.99
M18387,M,60.38,26.44,14.45,65.43,3,94.22,5.57,109.26,54.48,60.17
L50708,L,63.3,45.24,45.6,46.28,2,81.76,8.65,133.76,83.68,36.29
L50709,L,60.61,41.87,42.7,57.41,4,82.92,8.71,109.34,77.72,39.46
M18390,M,56.03,10.92,8.0,66.59,5,96.8,0.0,116.22,19.58,89.41
M18391,M,53.21,8.54,9.15,77.78,6,96.34,0.08,99.22,15.41,91.22
L50712,L,55.55,10.56,5.3,69.02,5,97.88,0.16,110.32,19.12,89.59
L50713,L,54.49,9.69,3.4,73.31,7,98.64,0.21,103.66,17.64,90.41
M18394,M,51.55,7.3,9.5,84.8,2,96.2,0.27,87.38,13.42,91.8
H32949,H,53.06,8.52,9.65,79.34,2,96.14,0.35,93.24,15.7,90.49
L50716,L,53.79,9.99,3.9,76.6,7,98.44,0.48,101.04,18.52,89.39
M18397,M,48.78,6.98,10.0,95.51,6,96.0,0.53,82.6,13.18,91.34
L50718,L,53.89,10.84,2.15,76.33,4,99.14,0.61,104.7,20.21,88.45
L50719,L,53.21,10.12,6.25,79.24,5,97.5,0.67,98.72,19.0,88.54
L50720,L,54.9,10.01,4.35,73.7,7,98.26,0.72,94.28,18.86,88.7
L50721,L,55.37,13.17,10.45,70.72,4,95.82,0.77,117.72,24.59,85.11
L50722,L,50.29,8.65,9.55,90.62,5,96.18,0.83,87.38,16.56,89.11
L50723,L,56.9,11.76,3.65,66.57,7,98.54,0.88,101.98,22.21,86.77
M18404,M,56.47,12.05,10.75,68.12,5,95.7,0.93,103.66,22.78,85.67
L50725,L,55.2,12.69,10.9,72.46,2,95.64,1.01,108.72,24.03,84.87
M18406,M,59.03,16.18,3.0,57.76,3,98.8,1.07,130.14,30.35,82.39
M18407,M,56.94,15.46,7.15,65.62,3,97.14,1.15,125.54,29.18,82.4
L50728,L,54.86,12.3,11.3,74.65,2,95.48,1.23,101.32,23.61,84.61
M18409,M,59.53,18.94,2.4,55.48,4,99.04,1.28,146.78,35.58,79.41
M18410,M,57.69,14.46,7.55,64.37,6,96.98,1.36,111.64,27.64,82.71
L50731,L,52.44,10.37,7.7,84.76,2,96.92,1.44,84.38,20.42,86.14
M18412,M,58.92,17.56,3.8,59.12,7,98.48,1.49,131.76,33.36,79.95
M18413,M,55.22,14.17,7.95,73.82,3,96.82,1.57,107.96,27.4,82.36
L50734,L,56.67,15.76,8.1,68.37,2,96.76,1.65,116.9,30.35,80.71
L50735,L,56.35,14.55,3.2,70.28,6,98.72,1.71,106.42,28.24,82.15
L50736,L,53.73,13.16,5.3,80.17,7,97.88,1.76,97.7,25.82,83.04
M18417,M,59.99,16.26,7.4,57.32,5,97.04,1.81,112.78,31.46,79.9
L50738,L,53.76,12.23,12.55,81.04,2,94.98,1.89,87.26,24.33,82.79
M18419,M,55.05,13.32,4.65,76.29,7,98.14,1.95,92.98,26.34,82.47
L50740,L,54.83,14.18,6.8,76.91,4,97.28,2.03,98.4,27.99,81.27
L50741,L,57.71,15.86,7.9,66.37,5,96.84,2.08,106.72,31.08,79.51
L50742,L,57.99,17.35,11.0,64.88,7,95.6,2.13,117.02,33.81,77.73
M18423,M,58.14,15.51,9.1,65.5,2,96.36,2.19,100.9,30.58,79.43
M18424,M,57.84,17.35,7.25,65.92,3,97.1,2.27,114.24,33.98,77.75
M18425,M,58.97,20.04,12.4,60.98,6,95.04,2.35,132.4,38.9,74.62
L50746,L,60.88,22.86,11.55,53.32,2,95.38,2.43,150.5,44.05,71.97
L50747,L,57.26,15.96,8.65,69.42,6,96.54,2.48,99.16,31.77,78.29
L50748,L,59.88,21.28,9.75,57.96,5,96.1,2.53,136.84,41.35,73.28
M18429,M,57.32,16.74,10.85,69.23,4,95.66,2.59,102.84,33.28,77.1
H32984,H,59.03,19.58,13.0,62.26,4,94.8,2.67,121.42,38.48,74.13
M18431,M,55.54,15.32,10.25,76.89,5,95.9,2.8,89.22,31.03,77.86
L50752,L,59.12,21.32,13.4,61.89,7,94.64,2.88,130.42,41.87,71.97
L50753,L,59.17,20.9,13.5,62.15,6,94.6,2.93,125.84,41.19,72.19
L50754,L,59.9,20.46,5.6,60.07,6,97.76,2.99,120.12,40.47,73.23
L50755,L,57.61,18.9,13.7,68.9,7,94.52,3.04,109.54,37.73,73.68
L50756,L,57.21,19.7,7.8,70.1,2,96.88,3.09,115.38,39.25,73.41
M18437,M,59.36,19.19,14.9,63.16,2,94.04,3.15,107.1,38.4,73.02
M18438,M,56.98,18.66,11.05,71.92,3,95.58,3.23,104.3,37.54,73.67
L50759,L,41.83,27.87,39.2,119.66,5,84.32,6.31,77.04,49.58,58.68
L50760,L,56.77,18.06,9.3,73.47,7,96.28,3.36,96.8,36.63,74.03
M18441,M,59.61,20.29,9.4,62.81,4,96.24,3.41,109.58,40.71,71.88
L50762,L,60.63,23.1,13.55,58.2,2,94.58,3.49,128.9,45.85,68.73
L50763,L,55.51,17.96,15.65,78.57,6,93.74,3.55,93.62,36.71,72.99
L50764,L,63.7,28.02,12.75,45.59,5,94.9,3.6,161.64,54.81,64.12
L50765,L,52.77,17.21,10.85,88.74,7,95.66,3.65,88.94,35.49,73.86
L50766,L,57.99,19.84,8.95,69.73,3,96.42,3.71,101.66,40.28,71.55
H33001,H,59.72,20.93,9.05,63.44,4,96.38,3.76,106.76,42.29,70.43
M18448,M,59.48,22.8,7.3,63.85,7,97.08,3.89,119.1,45.82,68.57
L50769,L,45.6,15.34,14.45,115.58,3,94.22,3.97,76.7,32.56,74.33
L50770,L,61.11,23.78,13.55,58.26,3,94.58,4.03,121.66,47.74,66.72
M18451,M,60.37,22.59,10.65,61.6,4,95.74,4.08,111.96,45.68,67.94
H33006,H,61.76,23.83,11.8,56.54,3,95.28,4.16,118.18,48.0,66.5
M18453,M,61.79,24.1,16.05,56.8,3,93.58,4.29,117.34,48.66,65.48
M18454,M,60.79,24.54,10.2,60.33,2,95.92,4.37,120.44,49.55,65.46
L50775,L,59.93,23.64,17.35,64.03,2,93.06,4.45,112.54,48.02,65.35
L50776,L,62.36,26.02,15.45,54.69,6,93.82,4.51,127.08,52.37,63.26
M18457,M,57.04,21.93,10.55,75.24,7,95.78,4.56,100.48,45.1,67.27
L50778,L,61.86,27.22,15.7,56.34,3,93.72,4.64,134.38,54.69,61.81
H33013,H,62.08,26.7,15.8,56.05,6,93.68,4.69,128.76,53.83,62.12
L50780,L,60.26,23.16,18.05,64.57,5,92.78,4.83,99.86,47.64,64.72
L50781,L,62.45,25.42,9.15,56.14,2,96.34,4.88,113.74,51.76,63.45
M18462,M,61.93,26.1,13.25,57.8,3,94.7,4.93,118.74,53.05,62.28
L50783,L,60.2,25.04,16.4,64.58,5,93.44,5.01,110.84,51.25,62.71
L50784,L,60.04,23.52,16.5,66.09,2,93.4,5.07,97.74,48.61,63.91
L50785,L,58.88,23.34,18.6,70.38,3,92.56,5.12,96.62,48.33,63.73
L50786,L,63.64,29.27,10.7,51.27,4,95.72,5.17,136.36,59.04,59.06
L50787,L,59.04,24.13,11.8,69.84,2,95.28,5.23,100.36,49.89,63.42
M18468,M,54.5,21.24,14.9,87.08,4,94.04,5.28,82.28,44.78,65.56
M18469,M,59.1,24.2,12.05,70.1,7,95.18,5.36,97.88,50.2,62.98
M18470,M,59.92,24.42,16.2,67.49,2,93.52,5.44,96.68,50.69,62.16
L50791,L,62.76,43.16,49.35,48.67,5,80.26,8.52,120.9,79.79,38.13
L50792,L,53.39,9.45,3.0,76.38,5,98.8,0.0,108.04,16.94,91.23
L50793,L,54.4,10.01,4.1,72.84,7,98.36,0.05,109.94,18.01,90.48
L50794,L,53.75,8.64,6.2,75.98,7,97.52,0.11,98.72,15.63,91.35
M18475,M,53.21,8.38,3.3,78.16,7,98.68,0.16,96.14,15.22,91.74
M18476,M,56.7,11.27,9.45,65.02,5,96.22,0.24,112.66,20.51,88.32
L50797,L,55.11,11.36,3.6,70.77,6,98.56,0.32,113.78,20.77,88.62
L50798,L,56.35,12.7,8.7,66.05,3,96.52,0.37,121.56,23.23,86.77
L50799,L,56.59,12.33,0.8,65.58,3,99.68,0.43,117.1,22.64,87.75
H33034,H,56.09,11.89,3.9,67.76,6,98.44,0.48,113.08,21.92,87.69
L50801,L,53.57,9.12,5.15,78.29,3,97.94,0.61,91.34,17.12,89.7
L50802,L,55.79,11.98,7.25,69.46,7,97.1,0.67,109.98,22.31,86.79
M18483,M,55.54,11.26,1.35,70.87,2,99.46,0.72,103.4,21.1,87.88
M18484,M,54.8,11.38,10.5,73.66,6,95.8,0.8,103.54,21.41,86.65
M18485,M,56.64,13.49,10.65,66.6,7,95.74,0.88,116.14,25.3,84.53
M18486,M,58.29,16.13,7.8,59.94,6,96.88,0.96,133.2,30.13,82.23
L50807,L,55.06,10.77,10.95,74.02,2,95.62,1.04,92.96,20.63,86.51
L50808,L,54.81,11.3,4.05,74.8,6,98.38,1.09,96.38,21.65,86.58
L50809,L,57.7,14.46,10.15,63.52,2,95.94,1.15,116.5,27.38,83.0
L50810,L,51.5,10.42,6.25,87.04,7,97.5,1.2,91.5,20.21,86.87
M18491,M,57.76,12.81,3.35,64.54,3,98.66,1.25,100.78,24.55,84.88
L50812,L,54.72,11.65,11.5,75.88,5,95.4,1.33,93.88,22.58,84.9
M18493,M,56.42,14.31,9.6,68.9,5,96.16,1.39,111.62,27.41,82.56
L50814,L,56.83,13.82,7.75,68.04,2,96.9,1.47,105.38,26.64,82.97
M18495,M,55.19,13.34,7.85,74.13,7,96.86,1.52,102.52,25.83,83.26
L50816,L,57.71,16.42,5.0,64.24,6,98.0,1.6,121.98,31.47,80.56
M18497,M,55.2,12.86,10.1,74.87,7,95.96,1.65,95.72,25.15,83.11
M18498,M,57.92,16.4,12.25,64.05,2,95.1,1.73,118.5,31.6,79.51
L50819,L,55.43,14.19,8.4,74.0,2,96.64,1.81,102.44,27.74,81.66
H33054,H,56.63,15.38,4.5,69.51,2,98.2,1.87,109.08,29.93,80.85
L50821,L,57.59,16.45,10.75,66.18,4,95.7,2.0,113.36,32.03,78.91
L50822,L,60.26,20.56,8.85,55.17,7,96.46,2.05,141.38,39.46,75.28
L50823,L,53.41,12.92,3.95,82.74,7,98.42,2.11,88.48,25.84,82.47
L50824,L,56.9,14.58,4.05,70.11,7,98.38,2.16,95.76,28.88,80.84
L50825,L,58.92,17.52,10.15,61.89,6,95.94,2.21,115.26,34.21,77.45
M18506,M,52.44,13.22,4.25,86.54,2,98.3,2.27,88.66,26.59,81.75
L50827,L,58.87,17.99,8.4,62.36,6,96.64,2.35,116.14,35.23,76.85
M18508,M,58.7,18.95,7.5,62.68,2,97.0,2.4,122.86,37.02,75.94
L50829,L,58.24,17.54,8.65,65.28,3,96.54,2.48,110.42,34.59,76.88
L50830,L,58.8,17.53,12.75,63.54,6,94.9,2.53,108.32,34.63,76.34
L50831,L,58.89,18.98,8.85,62.71,7,96.46,2.59,118.68,37.32,75.28
M18512,M,60.45,20.62,12.95,56.74,6,94.82,2.64,128.42,40.32,73.27
L50833,L,57.97,17.51,6.1,67.15,4,97.56,2.72,105.16,34.84,76.53
L50834,L,56.79,17.3,7.2,71.5,3,97.12,2.77,103.86,34.53,76.47
L50835,L,55.64,16.2,6.3,76.2,6,97.48,2.83,95.52,32.64,77.4
M18516,M,60.11,22.04,9.4,58.13,5,96.24,2.88,134.86,43.17,71.72
L50837,L,58.83,20.23,9.55,63.73,3,96.18,2.96,120.34,40.02,73.11
M18518,M,59.3,20.16,10.65,62.37,3,95.74,3.01,117.98,39.97,72.92
M18519,M,55.24,15.53,7.8,78.94,6,96.88,3.09,84.68,31.77,77.15
L50840,L,60.22,21.8,14.95,59.0,4,94.02,3.17,126.16,43.1,70.61
M18521,M,56.78,18.83,9.05,72.54,5,96.38,3.23,105.98,37.85,73.72
M18522,M,58.64,19.32,7.2,66.19,4,97.12,3.31,105.54,38.83,73.25
M18523,M,59.82,20.58,6.35,61.81,4,97.46,3.39,112.24,41.2,71.99
M18524,M,56.38,18.1,13.5,75.2,5,94.6,3.47,95.3,36.85,73.29
M18525,M,61.23,23.29,13.65,56.26,7,94.54,3.55,128.36,46.25,68.41
M18526,M,57.68,20.86,11.8,69.97,6,95.28,3.63,111.96,41.99,70.57
L50847,L,56.94,19.7,9.95,73.4,2,96.02,3.71,101.9,40.01,71.59
L50848,L,59.25,20.96,16.05,65.02,3,93.58,3.76,107.6,42.34,69.71
L50849,L,59.97,21.49,11.15,62.5,5,95.54,3.81,109.7,43.37,69.58
L50850,L,56.59,18.48,8.25,75.81,4,96.7,3.87,89.02,38.03,72.43
M18531,M,59.78,21.66,15.35,63.47,6,93.86,3.92,108.92,43.81,68.72
L50852,L,57.37,20.08,12.5,72.86,4,95.0,4.0,97.76,41.07,70.22
H33087,H,60.47,23.28,15.6,60.81,7,93.76,4.05,117.98,46.89,66.89
L50854,L,62.12,25.66,8.85,54.47,5,96.46,4.19,131.72,51.32,65.08
M18535,M,54.61,18.5,16.95,84.05,4,93.22,4.24,83.52,38.54,70.55
M18536,M,59.13,22.46,16.1,66.87,3,93.56,4.32,107.24,45.75,66.88
M18537,M,62.04,26.6,10.25,55.1,4,95.9,4.4,134.56,53.27,63.54
L50858,L,59.23,21.72,11.4,67.49,6,95.44,4.48,97.54,44.62,67.59
L50859,L,56.99,22.1,13.5,75.2,4,94.6,4.53,102.5,45.37,66.9
L50860,L,56.78,21.56,8.6,76.42,2,96.56,4.59,97.28,44.47,67.73
M18541,M,61.07,25.2,9.7,60.05,5,96.12,4.64,119.26,51.06,64.22
L50862,L,59.75,22.86,17.85,66.07,5,92.86,4.72,100.6,46.97,65.29
M18543,M,59.69,24.1,13.95,65.85,7,94.42,4.77,109.36,49.26,64.43
L50864,L,63.98,45.88,39.1,40.56,5,84.36,7.85,156.0,83.83,38.47
M18545,M,62.44,27.62,18.2,55.19,2,92.72,4.91,130.8,55.74,60.49
L50866,L,62.15,27.58,15.35,56.51,2,93.86,4.99,129.12,55.78,60.6
M18547,M,59.02,22.8,12.45,69.85,2,95.02,5.04,93.9,47.26,65.04
L50868,L,62.09,26.81,10.6,57.6,6,95.76,5.12,120.0,54.56,61.42
L50869,L,55.33,21.2,15.7,83.85,3,93.72,5.17,83.18,44.57,65.8
L50870,L,61.38,26.58,10.8,60.56,4,95.68,5.23,116.74,54.29,61.32
L50871,L,61.69,27.56,18.9,59.22,2,92.44,5.28,123.0,56.12,59.49
L50872,L,57.41,22.1,16.0,76.85,6,93.6,5.33,83.96,46.39,64.54
L50873,L,60.92,24.04,16.1,64.03,4,93.56,5.39,93.42,49.93,62.65
M18554,M,61.13,27.57,17.2,61.76,4,93.12,5.44,120.22,56.33,59.23
L50875,L,60.94,40.88,46.35,56.06,4,81.46,8.52,105.2,75.72,40.47
L50876,L,55.84,11.7,7.0,66.85,7,97.2,0.0,122.68,20.97,88.81
L50877,L,49.0,5.94,5.1,93.43,5,97.96,0.05,84.76,10.71,94.03
H33112,H,51.53,6.92,5.2,84.44,6,97.92,0.11,87.96,12.54,93.0
L50879,L,53.27,9.02,0.45,77.94,5,99.82,0.24,99.38,16.47,91.24
L50880,L,56.27,13.46,6.55,65.62,3,97.38,0.29,129.54,24.49,86.51
L50881,L,56.77,13.04,7.65,64.33,2,96.94,0.35,124.34,23.81,86.63
L50882,L,56.58,12.42,2.75,65.49,7,98.9,0.4,118.48,22.78,87.54
M18563,M,56.87,13.74,7.85,64.03,4,96.86,0.45,127.36,25.19,85.71
M18564,M,57.22,13.98,4.0,63.01,4,98.4,0.53,127.0,25.73,85.67
M18565,M,52.58,8.76,5.15,81.87,3,97.94,0.61,89.9,16.49,90.01
L50886,L,54.97,12.36,5.3,72.17,6,97.88,0.69,113.54,23.03,86.57
M18567,M,56.05,11.84,2.4,68.93,4,99.04,0.75,106.74,22.17,87.18
L50888,L,55.39,13.63,8.55,70.64,7,96.58,0.83,120.18,25.48,84.75
L50889,L,52.46,9.36,1.65,83.02,6,99.34,0.88,88.88,17.9,89.12
L50890,L,56.38,12.38,5.75,68.26,4,97.7,0.93,106.38,23.37,85.87
L50891,L,55.65,12.58,9.85,70.86,2,96.06,0.99,107.86,23.81,85.14
L50892,L,55.71,11.4,6.95,71.45,7,97.22,1.04,97.06,21.75,86.35
L50893,L,55.45,12.18,10.05,72.16,6,95.98,1.09,102.5,23.22,85.2
M18574,M,51.29,9.41,4.15,88.04,2,98.34,1.15,84.9,18.33,88.13
M18575,M,56.91,14.98,11.3,66.26,2,95.48,1.23,119.9,28.41,82.21
L50896,L,55.05,12.0,5.45,74.45,3,97.82,1.31,96.78,23.16,85.26
H33131,H,57.53,15.1,3.55,64.6,4,98.58,1.36,117.06,28.8,82.52
L50898,L,57.58,15.5,2.8,64.75,7,98.88,1.49,117.2,29.69,81.89
L50899,L,55.6,14.61,11.9,72.19,7,95.24,1.55,111.6,28.16,81.64
M18580,M,56.85,15.1,4.0,67.85,2,98.4,1.6,112.56,29.1,81.85
M18581,M,56.42,15.94,4.15,69.23,6,98.34,1.68,118.08,30.71,80.87
L50902,L,57.86,15.73,6.3,64.68,6,97.48,1.76,112.62,30.43,80.63
L50903,L,53.45,11.54,7.4,82.13,5,97.04,1.81,83.96,22.99,84.14
M18584,M,57.17,17.53,10.5,66.59,4,95.8,1.87,125.54,33.78,78.32
H33139,H,56.73,15.22,6.65,69.54,6,97.34,1.95,105.86,29.75,80.57
M18586,M,57.44,15.42,3.9,67.54,6,98.44,2.08,103.5,30.27,80.31
L50907,L,53.44,12.56,7.05,83.02,5,97.18,2.16,84.32,25.25,82.35
L50908,L,58.28,17.76,5.15,63.97,2,97.94,2.21,118.14,34.66,77.73
M18589,M,60.45,22.18,9.25,54.51,3,96.3,2.27,149.24,42.63,73.23
M18590,M,59.19,18.96,8.4,60.77,3,96.64,2.35,123.5,36.98,75.98
M18591,M,59.69,18.03,11.55,59.83,7,95.38,2.43,113.54,35.4,76.29
M18592,M,60.22,19.97,5.7,57.36,7,97.72,2.51,126.54,38.98,74.93
L50913,L,58.52,17.66,8.85,64.67,5,96.46,2.59,108.6,34.94,76.47
M18594,M,52.71,13.92,5.95,86.69,5,97.62,2.64,85.46,28.31,79.97
M18595,M,59.19,22.81,6.1,60.3,5,97.56,2.72,145.88,44.34,71.78
H33150,H,56.46,16.05,5.25,73.38,4,97.9,2.8,93.76,32.33,77.71
L50917,L,60.64,20.95,12.5,57.08,7,95.0,2.93,124.22,41.28,72.24
M18598,M,59.2,19.91,8.6,62.74,6,96.56,2.99,116.68,39.48,73.42
M18599,M,56.25,16.6,11.75,74.85,2,95.3,3.07,92.46,33.65,75.87
L50920,L,60.15,21.86,13.9,59.12,3,94.44,3.15,127.42,43.19,70.72
L50921,L,58.73,19.15,12.0,65.58,6,95.2,3.2,106.46,38.39,73.2
L50922,L,57.9,18.51,10.1,68.95,5,95.96,3.25,101.28,37.31,73.83
L50923,L,55.12,16.07,11.2,79.92,6,95.52,3.31,84.38,33.01,75.76
L50924,L,60.27,23.36,10.3,58.77,2,95.88,3.36,134.38,46.13,69.18
L50925,L,55.55,16.69,9.4,78.56,2,96.24,3.41,86.36,34.25,75.11
H33160,H,60.63,22.28,10.5,58.51,3,95.8,3.47,122.86,44.33,69.85
L50927,L,59.23,20.5,6.75,64.7,2,97.3,3.6,107.58,41.32,71.46
L50928,L,59.38,20.71,6.85,64.3,7,97.26,3.65,107.86,41.76,71.13
L50929,L,57.13,19.6,15.95,72.8,3,93.62,3.71,100.84,39.83,71.07
L50930,L,58.1,18.76,8.05,70.07,4,96.78,3.76,91.58,38.4,72.48
L50931,L,59.17,21.99,7.15,65.0,4,97.14,3.81,114.8,44.26,69.53
H33166,H,60.17,21.67,10.25,61.91,3,95.9,3.87,109.7,43.77,69.36
L50933,L,60.21,23.7,8.5,61.3,7,96.6,4.0,122.86,47.56,67.37
L50934,L,60.57,23.08,15.6,60.56,3,93.76,4.05,116.24,46.53,67.07
L50935,L,62.28,25.2,13.7,53.85,4,94.52,4.11,129.58,50.38,65.23
L50936,L,59.18,20.76,9.8,66.92,4,96.08,4.16,97.12,42.49,69.46
M18617,M,59.68,21.06,15.9,65.27,6,93.64,4.21,97.72,43.11,68.43
M18618,M,60.35,24.73,15.05,61.43,4,93.98,4.29,124.32,49.78,65.02
L50939,L,61.37,24.87,17.2,58.16,3,93.12,4.37,122.24,50.14,64.47
L50940,L,61.94,39.98,45.3,48.86,2,81.88,7.43,121.14,72.7,44.26
M18621,M,60.35,22.72,12.4,63.14,7,95.04,4.48,104.0,46.41,66.6
M18622,M,59.92,23.1,13.55,64.75,5,94.58,4.56,105.92,47.21,65.92
L50943,L,61.44,25.9,9.7,58.45,7,96.12,4.64,124.36,52.31,63.59
L50944,L,62.94,27.73,9.8,52.58,4,96.08,4.69,135.78,55.67,61.8
M18625,M,61.34,27.19,8.9,58.56,3,96.44,4.75,132.46,54.77,62.23
L50946,L,62.45,27.73,17.05,54.78,5,93.18,4.83,133.46,55.84,60.72
L50947,L,58.77,23.54,12.15,69.73,7,95.14,4.88,103.8,48.4,64.83
L50948,L,59.92,23.35,16.25,66.08,4,93.5,4.93,99.5,48.12,64.45
M18629,M,61.71,26.71,16.35,58.44,2,93.46,4.99,122.72,54.21,61.28
L50950,L,59.28,22.95,11.5,68.97,2,95.4,5.07,94.18,47.58,64.93
M18631,M,62.62,27.78,14.6,55.31,5,94.16,5.12,127.08,56.31,60.14
L50952,L,61.78,26.8,10.75,59.0,7,95.7,5.2,118.56,54.65,61.2
M18633,M,55.45,21.36,10.85,83.67,5,95.66,5.25,82.54,44.96,65.93
M18634,M,61.46,27.42,15.0,60.29,7,94.0,5.33,121.0,55.94,59.87
H33189,H,56.17,22.06,18.15,81.47,5,92.74,5.41,83.6,46.43,64.14
L50956,L,60.86,25.84,13.4,63.98,4,94.64,5.55,104.36,53.37,60.88
M18637,M,58.25,24.33,18.5,73.89,2,92.6,5.6,94.62,50.72,61.59
M18638,M,57.12,13.6,7.0,61.5,3,97.2,0.0,136.12,24.38,87.11
L50959,L,52.97,8.02,6.15,78.84,3,97.54,0.08,95.34,14.47,91.99
L50960,L,56.1,11.12,5.25,66.74,4,97.9,0.13,114.72,20.11,89.15
L50961,L,55.89,11.51,7.35,67.5,6,97.06,0.19,116.9,20.87,88.46
L50962,L,50.68,6.67,7.45,88.02,3,97.02,0.24,84.14,12.26,92.64
H33197,H,57.0,12.78,6.55,63.46,5,97.38,0.29,123.14,23.28,87.12
L50964,L,52.1,8.7,9.8,82.85,4,96.08,0.43,94.28,16.15,90.09
L50965,L,55.05,10.62,4.9,71.94,5,98.04,0.48,104.3,19.64,88.73
L50966,L,54.5,10.75,4.0,73.97,2,98.4,0.53,104.94,19.95,88.56
L50967,L,57.62,28.58,38.1,54.56,5,84.76,3.59,122.14,47.4,65.32
L50968,L,55.73,13.94,7.2,68.58,5,97.12,0.64,126.42,25.81,85.1
L50969,L,53.77,10.18,8.3,77.41,6,96.68,0.69,97.8,19.13,88.22
L50970,L,57.29,14.46,7.4,63.37,3,97.04,0.75,126.04,26.88,84.33
L50971,L,55.66,13.18,6.5,69.81,5,97.4,0.8,116.76,24.63,85.43
L50972,L,56.73,11.31,1.6,67.3,4,99.36,0.85,99.18,21.36,87.45
L50973,L,57.95,30.04,31.7,53.93,4,87.32,3.91,126.18,50.42,63.81
M18654,M,58.34,14.95,1.8,60.32,4,99.28,0.96,123.72,28.03,83.89
M18655,M,57.66,13.44,7.95,63.73,7,96.82,1.04,110.78,25.42,84.41
M18656,M,56.37,12.74,2.1,68.83,7,99.16,1.12,105.08,24.25,85.43
L50977,L,54.74,12.8,6.25,74.7,6,97.5,1.2,106.04,24.47,84.74
L50978,L,52.42,10.18,10.35,84.21,3,95.86,1.25,87.12,19.85,86.53
L50979,L,56.55,12.42,6.45,69.09,5,97.42,1.31,98.12,23.92,84.78
M18660,M,50.65,9.86,11.55,90.87,6,95.38,1.36,84.52,19.39,86.43
M18661,M,52.85,11.22,4.7,82.94,4,98.12,1.44,90.62,21.94,85.68
M18662,M,57.05,15.61,4.85,66.6,6,98.06,1.52,118.16,29.91,81.52
L50983,L,56.52,14.18,3.0,69.46,4,98.8,1.6,105.62,27.44,82.78
L50984,L,56.61,13.31,4.1,69.8,7,98.36,1.65,97.38,25.96,83.3
M18665,M,55.92,14.24,6.2,71.88,5,97.52,1.71,104.6,27.7,82.12
M18666,M,59.22,31.36,39.35,52.32,5,84.26,4.79,115.2,53.9,59.54
M18667,M,56.6,14.48,12.5,70.06,6,95.0,1.87,101.92,28.32,80.86
M18668,M,53.55,11.96,7.65,82.12,5,96.94,1.95,84.24,23.92,83.38
L50989,L,59.63,20.23,10.8,57.38,4,95.68,2.03,140.2,38.84,75.45
M18670,M,56.61,15.76,9.9,70.22,7,96.04,2.08,107.44,30.9,79.4
M18671,M,56.03,14.06,11.05,73.37,3,95.58,2.16,92.76,27.94,80.61
L50992,L,59.26,19.22,6.2,59.99,3,97.52,2.24,127.84,37.3,76.25
L50993,L,58.23,18.1,6.3,64.3,2,97.48,2.29,119.14,35.37,77.1
M18674,M,60.34,36.82,40.4,47.89,4,83.84,5.35,144.72,64.39,53.07
L50995,L,53.98,13.5,10.55,81.7,4,95.78,2.43,85.18,27.29,80.45
L50996,L,58.56,19.34,13.65,63.28,5,94.54,2.48,124.38,37.82,74.77
M18677,M,59.17,20.6,7.75,60.75,7,96.9,2.53,132.42,40.14,74.09
L50998,L,58.24,18.54,10.9,65.28,5,95.64,2.61,115.42,36.55,75.41
L50999,L,57.19,17.1,12.0,69.8,7,95.2,2.67,104.14,34.04,76.45
L51000,L,59.38,18.51,13.1,61.8,3,94.76,2.72,111.22,36.63,74.93
L51001,L,56.89,16.7,14.2,71.45,7,94.32,2.77,98.92,33.45,76.31
M18682,M,58.87,19.53,14.3,63.44,6,94.28,2.83,117.68,38.6,73.62
M18683,M,57.26,17.74,6.45,70.18,7,97.42,2.91,103.82,35.5,75.79
L51004,L,56.78,16.54,12.6,72.73,2,94.96,2.99,93.0,33.43,76.05
H33239,H,59.85,21.34,12.7,59.98,3,94.92,3.04,126.06,42.12,71.59
H33240,H,59.64,20.47,5.95,61.67,7,97.62,3.17,116.36,40.72,72.7
M18687,M,59.34,20.32,6.2,63.29,5,97.52,3.31,112.58,40.63,72.45
M18688,M,55.17,17.11,11.35,79.54,7,95.46,3.39,90.84,34.97,74.61
H33243,H,61.02,37.5,40.5,49.55,3,83.8,6.47,124.12,67.04,49.5
L51010,L,53.53,16.48,10.75,86.31,7,95.7,3.6,83.22,34.11,74.67
M18691,M,55.76,18.39,9.85,77.91,7,96.06,3.65,94.24,37.6,72.91
M18692,M,59.88,22.08,10.0,62.21,6,96.0,3.73,116.3,44.31,69.38
M18693,M,58.86,20.59,11.15,66.76,4,95.54,3.81,104.02,41.75,70.38
M18694,M,62.53,25.96,13.3,51.77,6,94.68,3.89,140.1,51.47,65.15
M18695,M,60.58,22.7,15.45,60.4,7,93.82,3.97,114.9,45.73,67.64
L51016,L,60.22,23.14,10.6,61.73,4,95.76,4.05,117.12,46.62,67.52
L51017,L,60.52,24.3,9.7,60.35,7,96.12,4.11,124.8,48.77,66.43
L51018,L,54.32,18.6,15.8,84.7,5,93.68,4.16,86.6,38.64,70.78
M18699,M,58.77,21.02,13.9,68.39,4,94.44,4.21,98.56,43.02,68.67
L51020,L,58.4,21.16,8.05,69.92,3,96.78,4.29,98.4,43.38,68.92
L51021,L,59.11,23.74,16.15,66.38,3,93.54,4.35,116.9,48.08,65.65
L51022,L,59.46,23.22,12.25,65.64,3,95.1,4.4,111.1,47.22,66.36
L51023,L,64.15,28.38,15.35,47.16,5,93.86,4.45,144.74,56.54,61.29
L51024,L,60.47,24.99,14.45,61.7,7,94.22,4.51,121.48,50.53,64.28
L51025,L,58.97,21.86,8.55,68.62,3,96.58,4.56,97.22,44.97,67.54
L51026,L,61.77,25.64,13.65,57.33,5,94.54,4.61,122.46,51.82,63.5
M18707,M,61.15,25.42,16.75,59.79,5,93.3,4.67,120.4,51.5,63.24
L51028,L,57.31,21.26,12.9,75.37,7,94.84,4.75,90.6,44.15,67.14
L51029,L,59.68,23.7,9.0,66.2,4,96.4,4.8,105.62,48.58,65.21
M18710,M,61.78,24.88,12.1,58.61,6,95.16,4.85,111.02,50.77,63.7
H33265,H,61.96,26.9,14.25,57.3,6,94.3,4.93,125.1,54.49,61.46
L51032,L,53.1,20.12,18.5,91.64,7,92.6,5.07,80.08,42.51,66.76
L51033,L,61.13,25.46,10.6,61.57,2,95.76,5.12,110.52,52.14,62.63
L51034,L,63.35,47.42,46.7,43.19,4,81.32,8.17,161.96,86.99,35.49
H33269,H,59.91,23.76,16.8,67.02,5,93.28,5.23,96.16,49.22,63.26
M18716,M,63.67,30.73,14.05,51.14,5,94.38,5.36,143.8,61.89,56.93
H33271,H,61.2,26.52,11.2,62.04,4,95.52,5.44,111.72,54.45,60.78
L51038,L,60.58,26.12,11.45,64.89,6,95.42,5.57,106.38,53.9,60.76
L51039,L,60.06,26.13,18.55,66.89,4,92.58,5.63,105.98,53.99,59.9
L51040,L,62.62,26.76,19.65,57.97,3,92.14,5.68,106.34,55.19,59.08
M18721,M,61.9,27.48,15.75,60.31,6,93.7,5.73,111.82,56.53,58.69
H33276,H,61.77,28.39,19.9,60.6,2,92.04,5.81,117.52,58.28,57.25
L51043,L,59.33,24.59,14.15,71.4,6,94.34,5.95,87.48,51.63,60.87
M18724,M,60.04,25.92,13.25,68.49,5,94.7,6.0,95.98,54.1,59.63
H33279,H,60.13,41.84,47.4,60.53,3,81.04,9.08,101.38,78.14,38.03
L51046,L,57.92,13.3,7.0,58.9,4,97.2,0.0,132.62,23.84,87.38
M18727,M,37.64,17.58,38.1,126.66,4,84.76,3.05,73.58,27.0,76.58
M18728,M,51.55,7.88,1.25,84.01,7,99.5,0.13,94.98,14.28,92.47
L51049,L,55.7,11.94,0.4,68.03,3,99.84,0.21,120.0,21.67,88.7
L51050,L,56.04,12.32,7.5,66.89,2,97.0,0.27,121.42,22.43,87.5
M18731,M,52.21,8.46,6.6,82.17,4,97.36,0.32,94.56,15.57,90.91
L51052,L,57.23,12.82,6.75,63.04,3,97.3,0.4,120.78,23.5,86.78
L51053,L,53.67,10.14,3.85,76.83,3,98.46,0.45,102.96,18.74,89.34
L51054,L,59.32,15.04,7.95,55.18,5,96.82,0.51,133.28,27.61,84.39
L51055,L,56.86,14.2,6.05,64.25,3,97.58,0.56,128.74,26.17,85.19
L51056,L,54.01,9.79,2.15,76.46,2,99.14,0.61,96.14,18.33,89.39
H33291,H,56.34,14.08,6.25,66.51,4,97.5,0.67,126.02,26.08,85.0
L51058,L,52.1,9.18,4.5,84.06,5,98.2,0.8,89.66,17.46,89.22
M18739,M,57.15,15.49,2.6,63.76,2,98.96,0.85,132.0,28.84,83.61
L51060,L,54.84,10.18,2.75,74.66,5,98.9,0.93,90.9,19.42,88.15
L51061,L,55.97,13.98,3.85,69.06,4,98.46,0.99,118.62,26.32,84.48
L51062,L,57.52,14.05,7.95,63.93,3,96.82,1.04,115.78,26.5,83.88
M18743,M,55.9,13.3,4.05,70.05,4,98.38,1.09,110.88,25.24,84.79
H33298,H,54.66,12.52,5.2,75.04,7,97.92,1.17,104.52,23.93,85.17
L51065,L,54.06,11.22,5.45,78.24,3,97.82,1.31,91.94,21.77,85.96
L51066,L,58.27,16.7,9.55,61.25,5,96.18,1.36,128.84,31.67,80.49
L51067,L,57.52,16.87,2.65,63.97,7,98.94,1.41,129.96,32.03,80.9
L51068,L,50.95,10.12,4.75,90.09,6,98.1,1.47,83.86,20.01,86.59
L51069,L,58.28,17.56,2.85,61.42,7,98.86,1.52,132.08,33.41,79.97
L51070,L,58.6,18.1,2.95,60.25,6,98.82,1.57,134.72,34.43,79.34
L51071,L,58.19,16.63,4.05,62.59,2,98.38,1.63,122.36,31.88,80.4
M18752,M,59.42,18.36,12.15,57.72,6,95.14,1.68,133.36,35.05,77.9
L51073,L,56.44,15.43,3.3,69.74,4,98.68,1.76,112.18,29.89,81.2
M18754,M,58.2,16.12,10.4,63.54,4,95.84,1.81,114.04,31.19,79.74
M18755,M,56.63,15.68,3.55,69.46,7,98.58,1.89,110.92,30.51,80.6
M18756,M,55.54,14.22,7.7,74.24,7,96.92,1.97,98.94,28.0,81.29
M18757,M,55.44,14.36,12.85,74.82,4,94.86,2.05,98.4,28.35,80.43
M18758,M,58.69,15.6,9.0,63.35,7,96.4,2.13,102.06,30.67,79.5
M18759,M,54.59,13.82,13.15,78.64,2,94.74,2.21,91.62,27.58,80.47
M18760,M,58.48,19.78,9.3,62.61,4,96.28,2.29,132.2,38.37,75.3
H33315,H,57.07,15.64,5.45,69.83,7,97.82,2.37,99.26,31.06,79.18
L51082,L,56.1,16.17,4.7,73.41,3,98.12,2.51,101.8,32.17,78.43
H33317,H,58.4,17.58,8.8,65.01,2,96.48,2.56,108.72,34.76,76.62
H33318,H,59.28,20.73,14.05,60.93,2,94.38,2.69,129.72,40.58,72.92
M18765,M,57.46,17.2,12.3,69.45,5,95.08,2.83,101.02,34.43,75.9
L51086,L,61.39,24.34,7.45,52.68,7,97.02,2.91,150.94,47.33,69.78
M18767,M,53.52,14.86,11.55,84.67,3,95.38,2.96,84.64,30.39,77.73
L51088,L,56.65,18.22,6.7,72.54,3,97.32,3.04,105.46,36.52,74.99
H33323,H,55.1,16.86,14.8,78.77,4,94.08,3.09,95.48,34.14,75.26
L51090,L,53.98,16.4,10.05,83.35,4,95.98,3.23,90.42,33.51,75.79
M18771,M,61.2,22.54,8.15,55.68,4,96.74,3.28,128.38,44.57,70.34
L51092,L,59.31,20.18,13.3,63.66,7,94.68,3.36,110.3,40.44,71.73
M18773,M,56.46,17.64,7.4,74.93,6,97.04,3.41,92.7,35.96,74.45
L51094,L,59.2,19.26,8.55,65.02,2,96.58,3.49,100.06,38.95,72.68
L51095,L,56.25,18.02,10.65,75.99,4,95.74,3.55,93.0,36.8,73.44
L51096,L,59.9,20.05,9.75,62.63,7,96.1,3.6,103.06,40.51,71.57
L51097,L,58.67,19.48,13.85,67.36,7,94.46,3.65,99.04,39.57,71.52
M18778,M,61.41,24.3,10.95,55.75,4,95.62,3.71,132.56,48.26,67.36
H33333,H,57.17,19.43,15.1,73.03,4,93.96,3.79,97.7,39.65,71.09
L51100,L,53.98,18.63,9.35,84.93,2,96.26,3.92,92.7,38.38,72.03
L51101,L,59.73,22.27,10.45,63.57,7,95.82,3.97,112.68,44.97,68.52
M18782,M,55.96,19.45,13.55,78.12,6,94.58,4.03,94.14,39.99,70.6
M18783,M,56.62,20.12,11.7,75.84,6,95.32,4.11,96.76,41.28,69.97
M18784,M,57.9,21.31,11.85,71.14,6,95.26,4.19,102.72,43.52,68.68
L51105,L,57.96,20.2,16.0,71.8,3,93.6,4.27,91.96,41.63,69.05
L51106,L,58.44,21.96,15.1,69.47,2,93.96,4.32,104.18,44.85,67.42
H33341,H,59.27,21.87,8.2,66.86,7,96.72,4.37,101.12,44.76,68.05
L51108,L,61.08,43.47,42.45,50.36,4,83.02,7.51,148.44,79.06,41.21
M18789,M,60.28,23.38,14.55,63.36,7,94.18,4.56,107.62,47.7,65.57
M18790,M,52.52,18.72,11.7,92.69,7,95.32,4.64,79.22,39.45,69.82
M18791,M,56.35,20.44,14.85,78.98,2,94.06,4.72,85.88,42.63,67.76
L51112,L,53.98,20.0,10.0,87.65,6,96.0,4.8,83.86,41.95,68.43
L51113,L,59.52,23.24,14.1,67.18,5,94.36,4.85,100.92,47.82,64.98
M18794,M,60.43,24.47,13.2,63.67,5,94.72,4.91,108.36,50.1,63.82
M18795,M,64.75,47.01,43.35,37.84,2,82.66,7.99,160.94,86.02,36.68
L51116,L,53.81,19.9,11.5,89.3,5,95.4,5.07,77.3,42.11,67.66
L51117,L,56.53,21.96,18.6,79.12,7,92.56,5.12,88.84,45.87,64.97
L51118,L,59.49,23.62,15.7,68.34,2,93.72,5.17,96.86,48.91,63.63
L51119,L,62.5,29.18,9.8,55.41,3,96.08,5.23,136.0,58.95,59.09
L51120,L,62.64,29.39,17.9,55.06,3,92.84,5.28,136.3,59.39,57.95
L51121,L,54.08,20.98,17.0,88.86,2,93.2,5.33,79.54,44.38,65.45
M18802,M,62.71,27.96,17.1,55.92,3,93.16,5.39,122.36,56.96,59.04
L51123,L,63.75,48.08,41.25,42.61,3,83.5,8.47,160.06,88.54,34.67
L51124,L,63.11,28.91,18.35,54.6,4,92.66,5.52,126.42,58.84,57.71
L51125,L,54.15,9.02,6.0,73.99,2,97.6,0.0,103.6,16.18,91.31
M18806,M,52.93,7.91,2.1,78.95,7,99.16,0.05,95.16,14.25,92.56
H33361,H,51.7,7.7,8.25,83.6,6,96.7,0.13,93.38,13.97,91.92
M18808,M,55.32,10.08,8.5,70.46,6,96.6,0.27,104.4,18.4,89.42
L51129,L,57.25,13.74,0.65,62.33,5,99.74,0.35,129.28,25.07,86.71
L51130,L,54.6,10.5,9.75,73.25,4,96.1,0.4,105.8,19.33,88.56
M18811,M,54.65,9.54,3.85,73.78,3,98.46,0.45,96.82,17.67,89.87
L51132,L,56.12,10.92,2.0,68.34,3,99.2,0.53,104.12,20.26,88.6
M18813,M,56.06,11.64,6.1,68.38,7,97.56,0.59,108.68,21.6,87.42
M18814,M,49.97,7.8,7.25,91.55,5,97.1,0.67,84.58,14.83,90.53
L51135,L,56.77,14.64,6.4,65.08,2,97.44,0.75,128.16,27.19,84.27
M18816,M,56.07,12.45,7.5,68.78,7,97.0,0.8,110.4,23.33,85.98
L51137,L,56.01,13.86,2.65,68.57,4,98.94,0.88,120.0,25.97,84.99
L51138,L,57.99,16.68,3.75,60.56,5,98.5,0.93,138.56,31.07,82.22
M18819,M,55.73,12.31,4.85,70.74,7,98.06,0.99,105.56,23.32,85.88
L51140,L,57.97,15.23,3.0,61.89,6,98.8,1.07,124.0,28.65,83.24
M18821,M,54.36,11.38,9.1,76.41,2,96.36,1.12,97.04,21.83,85.93
L51142,L,52.37,9.8,4.25,84.35,4,98.3,1.2,85.3,19.09,87.63
H33377,H,56.2,13.31,3.35,69.64,2,98.66,1.25,106.92,25.45,84.43
M18824,M,54.28,12.46,10.6,77.17,7,95.76,1.39,99.76,24.1,84.12
L51145,L,56.72,13.78,2.75,68.46,2,98.9,1.47,105.14,26.55,83.51
L51146,L,56.44,14.01,11.85,69.5,6,95.26,1.52,106.2,27.04,82.25
M18827,M,57.24,16.12,5.95,65.89,3,97.62,1.57,120.78,30.89,80.81
M18828,M,58.22,15.28,9.1,63.26,4,96.36,1.65,110.96,29.5,81.03
L51149,L,57.06,14.88,10.25,67.76,5,95.9,1.73,107.48,28.87,81.08
M18830,M,59.43,17.26,6.35,58.62,3,97.46,1.79,122.1,33.21,79.19
H33385,H,55.45,14.45,12.5,74.03,6,95.0,1.87,103.3,28.27,80.88
L51152,L,57.26,14.68,5.75,68.21,2,97.7,2.0,99.62,28.85,81.0
L51153,L,56.97,16.61,11.85,68.44,5,95.26,2.05,114.3,32.38,78.52
L51154,L,57.47,15.8,10.95,67.35,6,95.62,2.11,105.9,30.99,79.2
H33389,H,57.02,17.4,4.05,68.3,2,98.38,2.16,118.2,33.94,78.3
H33390,H,59.61,18.38,7.3,59.41,7,97.08,2.29,119.44,35.86,76.75
M18837,M,57.75,16.43,7.55,67.28,3,96.98,2.43,103.4,32.53,78.12
L51158,L,59.71,19.12,13.7,59.54,6,94.52,2.51,120.44,37.46,74.89
L51159,L,58.94,18.13,13.8,62.89,2,94.48,2.56,112.38,35.75,75.62
M18840,M,59.93,19.59,9.9,58.96,2,96.04,2.61,121.5,38.44,74.57
M18841,M,51.93,13.56,13.05,89.77,7,94.78,2.69,82.42,27.72,79.45
L51162,L,58.65,20.47,12.2,63.52,6,95.12,2.77,126.7,40.22,73.13
L51163,L,59.96,20.2,6.3,59.35,7,97.48,2.83,121.58,39.81,73.81
L51164,L,56.2,16.84,9.4,74.18,3,96.24,2.88,98.64,33.85,76.38
L51165,L,60.13,21.38,12.5,58.61,3,95.0,2.93,128.32,42.04,71.86
M18846,M,57.41,16.41,13.6,70.64,3,94.56,2.99,91.14,33.21,76.06
M18847,M,59.43,19.98,13.75,62.21,3,94.5,3.07,115.08,39.7,72.64
L51168,L,57.92,19.49,8.9,67.96,5,96.44,3.15,111.48,38.93,73.35
L51169,L,57.28,17.8,6.0,71.2,3,97.6,3.2,97.64,35.97,75.01
H33404,H,56.03,16.81,10.1,76.19,6,95.96,3.25,90.24,34.27,75.35
L51171,L,56.33,18.76,11.35,74.72,3,95.46,3.39,102.44,37.93,73.13
L51172,L,57.38,18.84,15.45,71.28,5,93.82,3.44,100.48,38.15,72.5
L51173,L,61.66,22.43,9.55,54.98,3,96.18,3.49,122.08,44.64,69.74
L51174,L,60.12,20.72,14.65,61.34,7,94.14,3.55,109.28,41.64,70.62
L51175,L,57.46,18.7,8.75,71.7,5,96.5,3.6,95.62,38.09,72.88
M18856,M,57.46,19.24,10.85,71.63,6,95.66,3.65,98.7,39.12,72.05
L51177,L,60.91,24.62,10.0,57.39,4,96.0,3.73,135.28,48.88,67.09
L51178,L,58.18,20.13,16.1,69.23,3,93.56,3.79,101.92,40.9,70.36
L51179,L,60.65,22.99,9.2,59.5,3,96.32,3.84,120.2,46.1,68.35
L51180,L,60.68,24.26,9.3,58.97,2,96.28,3.89,129.04,48.42,67.07
H33415,H,58.18,21.32,8.4,69.24,7,96.64,3.95,107.76,43.22,69.66
L51182,L,60.43,42.04,40.65,51.68,6,83.74,7.08,147.48,75.96,43.8
L51183,L,59.54,22.22,10.75,64.84,7,95.7,4.13,108.98,45.09,68.11
L51184,L,61.73,26.48,12.85,55.41,3,94.86,4.19,138.86,52.79,63.94
M18865,M,61.31,24.92,9.95,57.84,3,96.02,4.24,125.72,50.06,65.5
L51186,L,60.15,24.21,9.1,62.49,7,96.36,4.32,119.84,48.89,66.01
L51187,L,62.0,25.82,13.2,55.54,6,94.72,4.37,128.98,51.84,64.01
M18868,M,60.57,23.76,12.3,61.67,7,95.08,4.43,113.22,48.21,65.81
L51189,L,58.35,22.52,10.45,70.24,5,95.82,4.51,104.6,46.09,66.89
M18870,M,58.77,23.08,17.55,68.71,2,92.98,4.56,107.3,47.17,65.54
L51191,L,61.16,26.94,11.7,58.88,5,95.32,4.64,133.14,54.19,62.45
M18872,M,62.49,27.28,10.8,54.36,6,95.68,4.69,132.8,54.86,62.1
M18873,M,57.22,22.82,17.95,74.99,6,92.82,4.77,102.56,46.97,65.17
L51194,L,57.14,22.26,10.1,75.87,6,95.96,4.85,96.4,46.07,66.25
L51195,L,61.02,25.07,16.2,61.32,6,93.52,4.91,112.34,51.17,62.98
L51196,L,58.45,22.46,9.3,71.67,2,96.28,4.96,93.76,46.55,65.87
L51197,L,54.96,20.89,10.4,84.66,7,95.84,5.01,84.84,43.82,67.03
M18878,M,56.75,20.98,12.5,78.66,2,95.0,5.07,81.86,44.04,66.6
M18879,M,60.11,26.76,9.65,64.52,5,96.14,5.15,121.76,54.52,61.48
L51200,L,63.22,28.06,14.8,53.52,5,94.08,5.23,126.02,56.93,59.6
H33435,H,61.81,26.46,9.9,59.37,2,96.04,5.28,114.04,54.15,61.38
L51202,L,58.84,23.92,11.15,71.34,4,95.54,5.41,94.72,49.75,63.18
L51203,L,63.3,28.9,11.25,53.75,7,95.5,5.47,127.28,58.75,58.57
M18884,M,63.55,46.64,46.35,44.23,2,81.46,8.52,147.62,86.02,35.31
H33439,H,58.14,23.33,16.5,74.79,4,93.4,5.6,86.78,48.93,62.69
M18886,M,60.54,25.72,10.75,65.84,6,95.7,5.73,99.68,53.4,60.76
L51207,L,60.75,26.89,14.9,64.85,4,94.04,5.81,106.92,55.59,59.09
L51208,L,62.42,28.4,15.0,58.55,2,94.0,5.87,115.5,58.36,57.59
H33443,H,59.22,25.01,17.1,71.45,2,93.16,5.92,91.58,52.35,60.27
L51210,L,52.62,22.48,14.35,95.91,2,94.26,6.05,77.46,48.0,62.46
L51211,L,62.81,29.0,19.45,57.85,6,92.22,6.11,114.34,59.73,55.97
L51212,L,63.8,46.06,45.55,46.12,7,81.78,9.16,128.26,85.8,34.23
L51213,L,58.2,25.42,19.65,75.89,7,92.14,6.21,89.64,53.45,58.88
L51214,L,60.55,41.05,43.75,60.22,6,82.5,9.27,90.3,76.96,38.61
L51215,L,55.84,9.15,1.0,68.12,4,99.6,0.0,102.28,16.4,91.7
L51216,L,56.03,12.44,8.1,66.03,4,96.76,0.05,127.1,22.36,87.91
M18897,M,53.7,9.12,1.2,75.89,3,99.52,0.11,102.58,16.48,91.43
L51218,L,54.71,9.16,2.35,72.72,7,99.06,0.19,99.72,16.66,91.06
L51219,L,54.46,10.54,6.45,73.08,4,97.42,0.24,109.94,19.21,89.27
L51220,L,51.61,7.73,3.55,84.48,7,98.58,0.29,90.14,14.23,91.94
L51221,L,54.99,9.59,7.65,72.16,4,96.94,0.35,99.18,17.63,89.73
L51222,L,54.69,10.95,8.75,72.73,3,96.5,0.4,109.28,20.14,88.26
M18903,M,56.48,12.93,9.85,65.78,7,96.06,0.45,121.5,23.76,86.23
M18904,M,56.95,28.52,36.0,56.69,4,85.6,3.53,123.78,47.22,65.72
M18905,M,50.31,7.06,5.15,90.52,6,97.94,0.61,79.42,13.44,91.54
M18906,M,57.1,13.63,7.3,64.24,4,97.08,0.69,120.82,25.31,85.23
L51227,L,56.69,13.82,7.45,65.84,3,97.02,0.77,121.1,25.75,84.83
L51228,L,38.77,20.5,38.55,124.3,4,84.58,3.83,78.02,33.22,71.88
L51229,L,56.09,12.94,10.65,68.78,7,95.74,0.88,112.5,24.31,85.02
L51230,L,56.86,14.45,7.75,65.58,3,96.9,0.93,122.32,27.09,83.82
L51231,L,57.98,14.56,6.85,61.87,5,97.26,0.99,120.46,27.35,83.67
M18912,M,55.42,12.92,8.95,71.69,3,96.42,1.04,109.66,24.48,84.79
M18913,M,44.71,7.38,5.1,111.56,4,97.96,1.12,78.3,14.66,89.92
M18914,M,57.16,14.5,9.25,65.55,5,96.3,1.2,116.32,27.52,82.92
L51235,L,51.3,9.52,11.4,88.49,7,95.44,1.28,82.7,18.68,86.96
L51236,L,55.26,13.22,8.5,73.24,4,96.6,1.33,105.74,25.4,83.78
L51237,L,56.8,13.81,11.6,67.84,7,95.36,1.39,107.1,26.52,82.81
M18918,M,57.43,16.12,11.7,64.74,6,95.32,1.44,123.52,30.72,80.59
L51239,L,57.39,15.64,10.85,65.43,2,95.66,1.52,117.9,29.96,80.9
M18920,M,59.09,18.6,2.95,58.3,6,98.82,1.57,138.04,35.33,78.89
L51241,L,51.12,10.38,7.1,90.11,6,97.16,1.65,81.52,20.72,85.63
L51242,L,57.87,16.12,11.2,64.24,2,95.52,1.71,116.92,31.06,79.94
L51243,L,50.63,10.2,12.3,92.3,5,95.08,1.76,78.36,20.53,84.99
L51244,L,57.5,17.22,11.4,65.39,7,95.44,1.81,123.8,33.16,78.65
M18925,M,57.11,15.0,5.5,68.05,2,97.8,1.87,105.42,29.26,81.09
M18926,M,57.77,17.59,3.65,64.8,6,98.54,1.95,123.44,34.0,78.74
L51247,L,58.48,18.83,8.8,62.04,4,96.48,2.03,130.58,36.33,76.9
L51248,L,58.89,18.44,3.9,61.03,4,98.44,2.08,125.7,35.7,77.6
M18929,M,58.95,18.38,10.0,61.06,7,96.0,2.13,123.9,35.65,76.91
L51250,L,59.87,21.16,11.15,56.82,6,95.54,2.21,143.16,40.75,74.08
L51251,L,60.18,38.95,34.25,47.08,7,86.3,5.27,163.82,68.11,51.99
L51252,L,56.18,15.31,5.35,72.84,4,97.86,2.32,99.0,30.39,79.63
M18933,M,59.12,18.74,10.45,61.23,2,95.82,2.37,121.24,36.62,75.9
L51254,L,58.61,18.04,13.6,63.63,2,94.56,2.45,114.46,35.44,76.01
L51255,L,56.78,17.24,12.7,70.53,3,94.92,2.51,109.46,34.1,76.67
M18936,M,57.48,17.03,11.8,68.44,6,95.28,2.56,105.58,33.78,76.81
L51257,L,56.17,17.87,4.95,72.82,2,98.02,2.64,112.3,35.39,76.53
H33492,H,61.2,38.68,38.05,45.36,7,84.78,5.69,150.68,68.17,50.72
L51259,L,51.39,13.98,11.3,91.91,5,95.48,2.83,83.56,28.65,78.89
L51260,L,60.49,38.14,39.4,48.78,7,84.24,5.88,143.14,67.44,50.58
L51261,L,60.86,38.35,37.5,47.62,2,85.0,5.93,143.12,67.88,50.44
L51262,L,57.54,18.76,13.6,69.02,7,94.56,2.99,109.76,37.42,73.96
M18943,M,57.61,18.22,5.7,69.24,6,97.72,3.04,104.14,36.52,75.09
L51264,L,57.06,18.26,9.85,71.42,2,96.06,3.12,103.42,36.7,74.43
H33499,H,53.78,15.42,5.95,84.34,5,97.62,3.17,84.02,31.67,77.22
L51266,L,57.91,18.94,12.2,68.88,2,95.12,3.31,103.54,38.16,73.09
L51267,L,60.75,38.8,41.3,49.4,2,83.48,6.36,137.32,69.24,48.53
L51268,L,59.34,20.84,15.4,63.43,2,93.84,3.41,114.34,41.69,70.79
M18949,M,57.76,20.48,10.5,69.26,4,95.8,3.47,112.4,41.11,71.46
L51270,L,49.02,14.59,10.65,102.56,6,95.74,3.55,75.54,30.66,76.51
M18951,M,57.84,19.02,12.75,70.24,2,94.9,3.6,97.7,38.68,72.19
H33506,H,54.77,17.14,11.9,82.03,6,95.24,3.68,85.04,35.4,73.75
M18953,M,58.4,19.46,15.15,68.92,6,93.94,3.81,95.66,39.74,70.99
L51274,L,57.35,19.4,14.3,72.85,7,94.28,3.89,94.82,39.73,70.92
H33509,H,60.21,22.64,9.4,61.63,4,96.24,3.95,115.58,45.6,68.37
L51276,L,61.65,40.16,41.65,48.42,4,83.34,7.08,130.8,72.6,45.38
L51277,L,59.56,20.92,7.75,65.44,2,96.9,4.13,98.56,42.76,69.58
L51278,L,57.73,19.96,16.85,72.42,3,93.26,4.19,92.16,41.1,69.39
L51279,L,60.46,24.52,14.95,60.94,3,94.02,4.24,123.68,49.34,65.36
L51280,L,54.25,18.68,12.05,85.41,2,95.18,4.29,84.3,38.94,70.74
L51281,L,54.47,18.89,10.15,84.76,4,95.94,4.35,84.48,39.38,70.6
L51282,L,60.85,24.85,10.25,60.08,5,95.9,4.4,122.2,50.13,65.11
L51283,L,60.94,24.21,13.35,60.3,2,94.66,4.45,115.76,49.06,65.23
L51284,L,61.85,25.92,11.45,56.49,2,95.42,4.51,126.98,52.19,63.75
L51285,L,59.09,22.48,13.55,67.91,6,94.58,4.56,102.06,46.09,66.48
L51286,L,61.45,26.62,13.65,57.94,4,94.54,4.61,130.7,53.57,62.62
L51287,L,55.92,20.78,12.75,80.06,2,94.9,4.67,90.38,43.17,67.81
L51288,L,54.77,19.61,9.85,84.79,7,96.06,4.72,81.44,41.15,69.0
M18969,M,60.9,26.27,11.95,60.62,2,95.22,4.77,125.1,53.15,62.68
L51290,L,62.65,26.24,14.1,54.93,6,94.36,4.85,120.62,53.19,62.29
M18971,M,59.77,24.97,11.2,65.67,4,95.52,4.91,113.26,50.99,63.57
H33526,H,61.19,24.88,17.35,61.16,2,93.06,4.99,108.84,50.94,62.82
L51293,L,63.48,29.18,9.6,51.66,4,96.16,5.12,137.1,58.82,59.39
L51294,L,63.06,28.8,13.7,53.5,4,94.52,5.17,133.36,58.19,59.19
H33529,H,63.29,29.36,13.8,52.62,3,94.48,5.23,136.32,59.26,58.54
M18976,M,62.93,30.68,17.05,53.71,7,93.18,5.36,144.42,61.8,56.67
L51297,L,63.62,45.24,46.2,44.38,3,81.52,8.44,138.2,83.43,36.78
L51298,L,63.3,28.4,14.3,54.1,3,94.28,5.49,122.72,57.9,58.64
L51299,L,63.96,42.92,45.4,44.79,4,81.84,8.55,116.7,79.39,38.67
M18980,M,63.27,43.38,44.5,47.11,2,82.2,8.6,120.12,80.28,38.21
M18981,M,63.54,43.99,42.65,46.21,6,82.94,8.68,122.88,81.49,37.63
L51302,L,55.72,10.9,6.0,67.65,7,97.6,0.0,116.44,19.54,89.63
M18983,M,54.98,9.88,2.1,70.91,7,99.16,0.05,108.14,17.79,90.79
L51304,L,56.99,13.8,2.25,62.35,2,99.1,0.13,134.9,24.9,87.06
L51305,L,56.27,10.56,5.35,66.67,3,97.86,0.19,108.78,19.16,89.51
M18986,M,53.65,9.3,9.45,76.5,2,96.22,0.24,101.06,16.97,90.09
H33541,H,56.43,11.76,4.6,66.02,7,98.16,0.32,115.16,21.49,88.16
L51308,L,52.65,7.56,9.85,81.62,2,96.06,0.45,83.76,14.13,91.04
M18989,M,53.32,9.7,3.95,78.45,3,98.42,0.51,98.72,18.02,89.58
L51310,L,58.94,32.46,37.1,48.07,3,85.16,3.59,151.32,54.34,61.94
L51311,L,56.11,13.5,7.2,67.5,2,97.12,0.64,122.3,25.0,85.5
M18992,M,57.27,15.2,9.3,62.85,3,96.28,0.69,133.18,28.13,83.62
L51313,L,52.18,9.14,5.45,83.68,6,97.82,0.77,89.9,17.37,89.22
L51314,L,53.36,9.68,5.55,79.56,7,97.78,0.83,91.36,18.4,88.59
M18995,M,51.98,9.32,8.65,84.69,3,96.54,0.88,89.14,17.81,88.47
L51316,L,56.44,14.88,5.8,66.91,7,97.68,0.96,125.74,27.89,83.55
L51317,L,58.0,15.66,1.9,61.37,4,99.24,1.01,128.68,29.37,83.1
L51318,L,59.12,32.55,38.0,49.28,2,84.8,4.07,141.02,55.12,60.51
H33553,H,54.68,11.06,3.1,75.47,3,98.76,1.12,94.0,21.25,86.83
L51320,L,59.04,34.06,41.35,49.52,6,83.46,4.25,149.02,58.06,58.33
H33555,H,57.19,13.5,6.45,66.35,3,97.42,1.31,105.84,25.85,83.82
L51322,L,57.89,16.87,2.7,62.76,5,98.92,1.44,128.88,32.07,80.82
L51323,L,56.85,14.38,10.8,67.81,6,95.68,1.49,109.2,27.67,82.1
L51324,L,53.45,11.64,8.9,81.08,2,96.44,1.55,90.76,22.83,84.6
M19005,M,57.48,16.42,12.0,65.04,5,95.2,1.6,122.3,31.47,79.86
L51326,L,57.32,15.39,4.15,66.4,2,98.34,1.68,112.44,29.72,81.36
L51327,L,58.6,16.2,3.25,61.8,5,98.7,1.73,115.96,31.24,80.59
L51328,L,50.31,10.68,7.35,93.26,5,97.06,1.79,82.04,21.42,84.98
L51329,L,55.74,14.92,4.45,72.69,3,98.22,1.84,107.26,29.08,81.33
L51330,L,55.7,14.38,10.55,73.31,5,95.78,1.89,101.8,28.18,81.07
M19011,M,59.21,32.84,41.65,52.23,7,83.34,4.95,123.46,56.75,57.56
M19012,M,58.54,17.26,4.8,62.62,5,98.08,2.03,117.9,33.5,78.71
M19013,M,61.73,35.22,41.95,42.99,5,83.22,5.11,135.44,61.22,54.98
M19014,M,52.86,13.14,12.1,84.83,7,95.16,2.19,89.16,26.32,81.26
L51335,L,59.61,32.9,39.25,52.05,4,84.3,5.27,116.2,57.27,56.91
M19016,M,53.08,13.24,10.35,84.53,5,95.86,2.32,86.66,26.67,80.99
L51337,L,61.32,37.35,40.5,44.47,6,83.8,5.4,146.46,65.41,52.44
L51338,L,52.27,12.74,4.6,88.08,3,98.16,2.45,80.78,25.94,81.66
M19019,M,55.97,15.74,13.7,74.08,4,94.52,2.51,98.58,31.41,77.91
M19020,M,56.51,16.04,6.85,72.38,6,97.26,2.59,98.36,32.03,78.13
H33575,H,55.94,16.1,13.0,74.6,4,94.8,2.67,97.86,32.25,77.24
L51342,L,56.99,15.85,8.25,71.62,3,96.7,2.8,91.42,31.97,77.59
L51343,L,55.53,16.28,5.35,76.66,7,97.86,2.85,95.72,32.82,77.35
L51344,L,60.68,35.6,41.45,49.5,3,83.42,5.91,121.92,62.91,52.59
M19025,M,58.4,18.98,9.55,65.86,2,96.18,2.96,110.94,37.78,74.23
H33580,H,58.23,21.3,14.7,65.6,3,94.12,3.04,127.9,42.03,71.43
M19027,M,57.88,17.99,5.95,68.95,4,97.62,3.17,98.98,36.29,74.91
L51348,L,56.91,17.38,14.1,72.91,7,94.36,3.25,93.64,35.3,74.44
L51349,L,58.03,18.92,8.2,68.49,2,96.72,3.31,103.18,38.12,73.51
M19030,M,61.06,37.96,40.3,48.77,2,83.88,6.36,130.1,67.72,49.39
M19031,M,54.21,16.24,13.45,83.48,3,94.62,3.44,84.04,33.49,75.03
L51352,L,60.79,23.06,11.6,57.77,2,95.36,3.52,127.72,45.81,68.9
M19033,M,61.43,38.02,39.7,48.29,6,84.12,6.57,125.32,68.11,48.83
L51354,L,59.29,20.41,13.85,64.74,3,94.46,3.65,105.58,41.23,70.69
L51355,L,57.71,19.47,7.95,70.86,7,96.82,3.71,99.04,39.61,71.99
M19036,M,58.76,21.2,10.05,66.6,5,95.98,3.76,110.28,42.79,70.08
L51357,L,59.82,21.32,12.2,63.19,2,95.12,3.84,107.94,43.1,69.55
L51358,L,57.74,20.28,7.3,71.06,7,97.08,3.89,101.28,41.3,70.83
L51359,L,61.81,38.36,46.4,48.27,7,81.44,6.95,119.18,69.2,46.87
L51360,L,56.96,19.2,10.5,74.7,5,95.8,4.0,91.32,39.5,71.2
M19041,M,59.42,22.26,8.6,64.92,3,96.56,4.05,111.22,45.05,68.51
L51362,L,61.83,41.1,37.75,47.55,2,84.9,7.13,136.84,74.34,44.79
L51363,L,61.3,25.28,16.85,57.46,7,93.26,4.19,129.84,50.64,64.62
L51364,L,62.35,41.02,46.95,46.19,3,81.22,7.24,133.08,74.33,43.66
L51365,L,62.21,39.98,40.05,47.41,4,83.98,7.29,123.76,72.54,45.14
M19046,M,59.04,21.69,12.15,67.66,5,95.14,4.35,100.6,44.4,67.89
M19047,M,58.68,21.53,14.3,69.28,4,94.28,4.43,98.02,44.22,67.61
M19048,M,58.62,21.47,17.45,69.82,5,93.02,4.51,95.82,44.21,67.14
L51369,L,59.46,21.71,9.6,67.14,4,96.16,4.59,94.8,44.74,67.49
H33604,H,61.2,24.1,8.7,60.15,6,96.52,4.64,110.28,49.09,65.31
L51371,L,63.2,29.17,12.95,51.26,7,94.82,4.77,145.14,58.35,59.98
M19052,M,61.14,25.26,11.05,60.52,7,95.58,4.83,115.46,51.4,63.54
L51373,L,58.74,23.27,17.2,70.06,7,93.12,4.91,101.08,47.95,64.49
L51374,L,61.87,26.43,17.3,57.94,4,93.08,4.96,120.86,53.68,61.51
L51375,L,60.11,24.64,15.4,65.08,6,93.84,5.01,107.76,50.54,63.16
M19056,M,59.95,24.1,17.5,66.1,6,93.0,5.07,102.46,49.64,63.3
L51377,L,59.9,24.56,14.65,66.37,5,94.14,5.15,104.46,50.57,62.96
M19058,M,62.01,26.72,16.75,58.24,2,93.3,5.2,117.64,54.51,60.67
M19059,M,59.1,23.84,10.9,69.98,6,95.64,5.28,96.76,49.44,63.63
L51380,L,60.17,24.63,18.05,66.24,4,92.78,5.36,99.82,50.96,61.99
L51381,L,50.91,20.09,12.15,100.5,3,95.14,5.41,75.02,42.89,66.51
L51382,L,60.52,26.55,15.25,64.47,6,93.9,5.47,112.3,54.54,60.27
M19063,M,60.53,24.53,15.35,65.63,2,93.86,5.52,94.96,50.99,61.93
M19064,M,61.13,27.6,14.5,62.35,7,94.2,5.6,116.86,56.59,59.06
L51385,L,58.31,23.62,12.65,74.34,3,94.94,5.68,87.06,49.55,62.6
M19066,M,58.4,24.3,13.75,73.9,7,94.5,5.73,91.22,50.84,61.74
M19067,M,58.65,40.04,46.9,65.48,7,81.24,8.81,95.0,74.58,40.4
M19068,M,53.32,8.07,8.0,77.31,2,96.8,0.0,97.14,14.47,91.96
M19069,M,56.39,11.99,4.15,65.1,6,98.34,0.08,122.44,21.59,88.63
L51390,L,54.4,9.3,6.3,73.6,7,97.48,0.16,101.9,16.88,90.61
L51391,L,58.12,28.84,30.4,51.28,6,87.84,3.21,131.88,47.38,66.84
M19072,M,57.04,15.92,7.5,61.64,4,97.0,0.27,148.84,28.88,84.28
L51393,L,56.07,11.22,8.65,67.64,4,96.54,0.35,110.7,20.54,88.17
L51394,L,54.56,10.35,9.75,73.48,7,96.1,0.4,104.66,19.06,88.7
M19075,M,46.12,5.81,3.85,104.94,3,98.46,0.45,78.74,10.99,93.21
L51396,L,57.66,14.18,10.0,61.41,7,96.0,0.53,128.0,26.09,84.89
L51397,L,56.38,11.46,6.1,67.37,4,97.56,0.59,106.84,21.29,87.57
M19078,M,56.19,12.04,4.2,67.93,3,98.32,0.64,110.58,22.4,87.1
L51399,L,52.82,8.86,1.35,81.42,5,99.46,0.72,87.94,16.8,90.03
M19080,M,59.53,18.8,9.45,53.6,5,96.22,0.77,157.0,34.67,80.17
L51401,L,56.61,12.38,6.6,67.16,7,97.36,0.85,107.94,23.28,85.99
M19082,M,55.68,12.37,6.7,70.56,4,97.32,0.91,107.9,23.32,85.85
L51403,L,53.99,10.93,3.85,77.38,5,98.46,0.99,96.94,20.85,87.21
L51404,L,53.46,10.14,4.95,79.83,3,98.02,1.04,90.16,19.51,87.67
L51405,L,58.45,30.6,32.05,52.65,7,87.18,4.09,125.78,51.66,62.78
L51406,L,55.06,12.72,3.15,73.44,2,98.74,1.15,106.12,24.25,85.27
L51407,L,58.22,15.32,11.25,61.49,5,95.5,1.2,121.46,28.99,81.98
L51408,L,46.35,7.91,11.35,106.2,2,95.46,1.25,77.26,15.77,88.47
M19089,M,57.98,15.62,9.45,62.59,3,96.22,1.31,121.76,29.66,81.61
L51410,L,54.21,12.38,2.6,77.46,6,98.96,1.39,99.26,23.96,84.99
L51411,L,59.12,16.27,6.7,58.86,7,97.32,1.44,122.4,30.99,80.95
L51412,L,57.55,15.06,3.8,65.07,6,98.48,1.49,113.64,28.88,82.19
M19093,M,59.79,17.99,11.9,56.1,2,95.24,1.55,132.84,34.21,78.61
H33648,H,56.68,13.86,4.05,69.17,6,98.38,1.63,102.24,26.9,82.89
L51415,L,58.05,15.63,5.3,64.09,5,97.88,1.76,111.56,30.25,80.82
L51416,L,55.7,15.57,12.4,72.42,3,95.04,1.81,113.08,30.2,80.03
L51417,L,52.44,11.4,6.5,85.9,2,97.4,1.87,83.04,22.81,84.21
M19098,M,57.02,14.46,11.6,68.82,6,95.36,1.92,100.02,28.36,80.82
L51419,L,58.2,15.4,12.75,64.6,5,94.9,2.0,104.12,30.15,79.65
L51420,L,51.59,11.38,12.85,89.56,4,94.86,2.05,79.9,23.02,83.1
L51421,L,57.9,18.3,4.95,64.6,3,98.02,2.11,125.3,35.47,77.56
L51422,L,58.15,18.6,13.05,63.8,2,94.78,2.16,126.24,36.09,76.33
M19103,M,58.6,17.22,4.15,63.14,3,98.34,2.21,113.3,33.67,78.32
L51424,L,58.2,16.78,8.3,65.06,2,96.68,2.29,108.58,32.99,78.09
M19105,M,57.52,17.79,12.4,67.1,6,95.04,2.35,116.4,34.87,76.63
L51426,L,57.36,16.16,12.55,68.77,6,94.98,2.43,101.74,32.04,77.87
L51427,L,59.87,37.44,40.65,49.73,3,83.74,5.48,147.38,65.68,52.14
L51428,L,57.93,16.9,4.75,66.85,6,98.1,2.53,104.52,33.51,77.7
L51429,L,60.55,36.98,36.85,48.01,6,85.26,5.59,140.4,65.0,52.64
L51430,L,55.81,17.42,8.95,74.29,5,96.42,2.64,109.2,34.58,76.54
H33665,H,60.29,36.96,35.05,49.32,5,85.98,5.69,138.12,65.08,52.57
H33666,H,59.25,21.23,10.3,61.28,7,95.88,2.83,130.76,41.65,72.49
M19113,M,60.99,36.03,36.55,48.44,6,85.38,5.96,123.78,63.76,52.54
L51434,L,61.73,41.12,35.7,43.64,6,85.72,6.04,161.68,72.99,47.86
M19115,M,60.29,22.3,7.8,58.2,6,96.88,3.09,131.94,43.91,71.08
M19116,M,57.41,17.99,10.95,70.55,4,95.62,3.17,99.62,36.29,74.41
M19117,M,57.53,19.51,8.1,69.7,3,96.76,3.25,109.78,39.11,73.13
M19118,M,61.87,40.17,41.25,44.76,4,83.5,6.33,147.34,71.66,47.38
L51439,L,58.35,19.02,13.4,67.74,4,94.64,3.41,101.1,38.42,72.62
H33674,H,60.26,21.25,14.5,60.28,7,94.2,3.47,115.16,42.5,70.37
L51441,L,55.87,17.83,8.75,77.59,2,96.5,3.6,90.8,36.53,73.66
L51442,L,51.99,16.14,8.85,91.98,4,96.46,3.65,81.42,33.56,75.03
L51443,L,57.59,20.17,13.95,70.91,3,94.42,3.71,104.8,40.86,70.76
M19124,M,58.79,21.2,14.05,66.5,6,94.38,3.76,110.24,42.79,69.68
L51445,L,60.59,21.02,7.2,60.69,6,97.12,3.84,104.48,42.56,70.32
L51446,L,60.42,21.56,10.3,61.22,2,95.88,3.89,107.8,43.58,69.39
L51447,L,59.32,22.54,15.4,64.73,4,93.84,3.95,116.0,45.42,67.86
L51448,L,56.85,19.45,15.5,74.98,2,93.8,4.0,93.48,39.95,70.48
L51449,L,58.13,21.96,14.6,69.52,6,94.16,4.05,110.6,44.51,68.18
L51450,L,62.25,40.32,42.7,46.39,4,82.92,7.11,130.62,72.91,45.06
L51451,L,60.29,22.78,12.8,62.11,4,94.88,4.16,111.8,46.12,67.34
L51452,L,58.79,21.86,16.9,67.92,7,93.24,4.21,105.34,44.55,67.61
L51453,L,60.17,21.9,14.0,63.35,3,94.4,4.27,102.52,44.68,67.73
L51454,L,60.83,23.04,17.1,60.73,6,93.16,4.32,109.5,46.78,66.26
M19135,M,60.09,22.3,8.2,63.85,3,96.72,4.37,103.4,45.52,67.67
M19136,M,60.82,25.24,16.35,60.18,2,93.46,4.45,124.12,50.89,64.01
L51457,L,56.73,20.62,12.5,76.84,3,95.0,4.53,91.06,42.73,68.32
L51458,L,61.65,26.36,12.6,57.27,6,94.96,4.59,128.98,53.08,63.03
L51459,L,62.41,40.27,44.7,47.92,2,82.12,7.64,118.02,73.5,43.5
L51460,L,56.77,21.3,13.8,77.0,4,94.48,4.69,92.86,44.15,67.16
L51461,L,55.68,19.96,17.9,81.62,5,92.84,4.75,82.44,41.82,67.81
L51462,L,62.4,41.52,47.0,47.94,2,81.2,7.8,124.48,75.95,41.73
M19143,M,63.04,44.81,48.1,44.3,5,80.76,7.85,148.68,81.9,38.53
L51464,L,60.82,24.88,15.25,62.21,6,93.9,4.93,110.46,50.86,63.18
L51465,L,63.44,42.21,41.35,44.74,7,83.46,7.99,124.34,77.41,41.18
M19146,M,61.8,27.1,13.45,58.15,2,94.62,5.04,124.48,54.97,61.09
M19147,M,61.55,25.16,10.6,60.27,7,95.76,5.12,107.54,51.61,62.9
M19148,M,62.6,28.25,14.75,55.42,2,94.1,5.2,129.02,57.25,59.5
M19149,M,57.02,21.82,17.9,78.14,3,92.84,5.28,83.42,45.81,64.74
L51470,L,59.13,24.23,18.05,69.98,4,92.78,5.36,98.04,50.24,62.35
L51471,L,53.52,20.99,18.15,91.1,2,92.74,5.41,78.64,44.5,65.11
M19152,M,48.63,34.88,46.25,101.16,3,81.5,8.47,75.24,64.88,46.0
L51473,L,62.97,27.86,17.4,55.72,2,93.04,5.55,117.66,57.0,58.67
M19154,M,57.93,23.62,19.5,75.34,5,92.2,5.6,89.46,49.46,62.12
L51475,L,62.18,27.14,13.65,59.28,4,94.54,5.68,109.94,55.87,59.34
L51476,L,42.34,33.65,47.75,124.42,4,80.9,8.73,68.1,63.02,46.25
M19157,M,60.09,25.91,12.85,67.5,4,94.86,5.79,100.58,53.8,60.24
M19158,M,56.09,10.58,6.0,66.56,7,97.6,0.0,113.34,18.95,89.92
L51479,L,56.68,12.76,3.15,63.72,5,98.74,0.08,128.24,22.98,88.03
M19160,M,53.22,9.05,1.25,77.68,7,99.5,0.13,102.08,16.39,91.41
L51481,L,55.83,13.42,1.4,66.84,4,99.44,0.21,131.62,24.32,87.28
L51482,L,38.08,3.95,6.5,132.78,7,97.4,0.27,79.1,7.42,95.11
L51483,L,56.47,12.98,6.6,65.26,3,97.36,0.32,124.9,23.68,86.86
L51484,L,52.77,7.7,2.7,80.85,4,98.92,0.37,86.48,14.27,91.85
L51485,L,52.93,7.93,2.8,80.38,4,98.88,0.43,86.94,14.76,91.49
L51486,L,50.34,7.16,9.9,89.87,7,96.04,0.48,83.18,13.45,91.32
L51487,L,59.28,32.58,34.0,46.66,7,86.4,3.53,152.98,54.48,62.29
H33722,H,56.41,13.56,6.1,66.22,4,97.56,0.59,123.6,25.05,85.69
M19169,M,55.96,12.04,5.35,69.03,3,97.86,0.72,109.02,22.49,86.78
L51490,L,52.05,8.8,2.5,84.4,6,99.0,0.8,86.72,16.79,89.75
M19171,M,56.59,12.76,8.6,67.02,3,96.56,0.85,110.96,23.96,85.46
L51492,L,57.24,14.42,9.75,64.29,4,96.1,0.93,121.6,27.04,83.64
L51493,L,56.25,14.61,10.85,67.79,5,95.66,0.99,123.24,27.44,83.22
H33728,H,54.55,11.2,10.95,75.55,5,95.62,1.04,97.06,21.39,86.13
M19175,M,54.29,10.97,5.2,77.06,7,97.92,1.17,92.62,21.15,86.56
L51496,L,54.56,12.11,6.35,75.9,2,97.46,1.25,99.58,23.3,85.21
M19177,M,57.85,15.07,5.45,63.32,2,97.82,1.31,117.54,28.67,82.51
L51498,L,56.13,14.71,4.6,69.69,2,98.16,1.39,115.22,28.13,82.7
M19179,M,58.08,15.6,3.7,62.75,6,98.52,1.44,118.42,29.78,81.86
L51500,L,58.38,15.71,2.85,61.99,7,98.86,1.52,117.14,30.09,81.63
L51501,L,54.23,11.94,4.95,78.33,4,98.02,1.57,91.52,23.41,84.65
M19182,M,58.0,15.88,12.05,63.61,3,95.18,1.63,116.62,30.53,80.28
L51503,L,59.4,32.75,37.2,50.68,7,85.12,4.71,127.82,56.28,58.73
L51504,L,57.35,16.03,9.3,66.28,3,96.28,1.76,115.72,30.97,80.07
L51505,L,58.9,19.72,12.4,59.34,5,95.04,1.81,141.88,37.64,76.31
L51506,L,59.28,34.55,39.5,50.82,3,84.2,4.87,138.84,59.72,56.46
H33741,H,55.0,13.08,4.6,76.46,5,98.16,1.92,91.8,25.89,82.75
L51508,L,60.01,33.21,42.85,49.69,7,82.86,5.05,122.92,57.55,56.83
L51509,L,56.58,13.9,3.95,71.35,3,98.42,2.11,91.92,27.58,81.6
L51510,L,56.89,16.1,13.05,69.4,7,94.78,2.16,107.98,31.61,78.57
M19191,M,54.08,14.42,7.15,80.09,3,97.14,2.21,97.12,28.65,80.53
M19192,M,58.45,17.26,13.3,63.97,4,94.68,2.29,112.04,33.84,77.16
L51513,L,56.56,15.6,9.45,71.6,6,96.22,2.37,99.56,30.97,78.82
L51514,L,58.31,17.9,6.55,64.65,3,97.38,2.43,114.44,35.18,76.9
L51515,L,56.4,16.87,4.65,71.92,6,98.14,2.48,107.54,33.38,77.88
H33750,H,59.14,21.0,6.75,60.65,6,97.3,2.53,135.66,40.86,73.83
L51517,L,59.04,18.85,10.0,62.58,6,96.0,2.67,115.6,37.18,75.08
L51518,L,59.73,19.08,11.1,60.31,2,95.56,2.72,115.34,37.67,74.62
L51519,L,57.94,19.97,14.2,66.22,2,94.32,2.77,123.68,39.32,73.37
M19200,M,57.87,18.7,10.3,67.3,6,95.88,2.83,112.46,37.12,74.76
L51521,L,59.92,20.22,12.45,59.79,2,95.02,2.91,119.96,39.94,72.97
M19202,M,61.64,40.93,44.55,43.74,5,82.18,5.96,162.08,72.54,47.35
L51523,L,58.72,18.94,13.7,65.08,5,94.52,3.04,108.42,37.82,73.64
H33758,H,59.84,22.1,10.8,59.85,2,95.68,3.09,130.96,43.55,70.96
M19205,M,58.13,19.63,11.05,67.48,7,95.58,3.23,110.52,39.29,72.8
L51526,L,57.46,17.52,11.2,71.14,2,95.52,3.31,92.76,35.61,74.46
H33761,H,55.69,16.95,14.3,77.72,2,94.28,3.36,89.48,34.66,74.52
L51528,L,59.0,21.66,9.55,64.52,2,96.18,3.49,119.54,43.26,70.43
L51529,L,57.78,18.49,8.65,70.5,6,96.54,3.55,94.7,37.65,73.22
M19210,M,58.23,20.18,13.75,68.31,7,94.5,3.6,106.36,40.74,71.06
L51531,L,60.3,21.97,13.9,60.62,7,94.44,3.68,116.04,44.05,69.23
L51532,L,60.47,21.9,8.0,60.25,5,96.8,3.73,114.08,44.0,69.73
M19213,M,61.09,42.04,38.1,48.28,6,84.76,6.79,153.12,75.57,44.83
L51534,L,60.16,26.12,15.25,59.74,6,93.9,3.87,145.32,51.74,64.87
H33769,H,62.78,41.08,46.35,43.46,6,81.46,6.92,140.2,74.04,44.5
L51536,L,57.56,19.91,7.6,72.5,7,96.96,4.05,94.98,40.84,70.71
L51537,L,61.14,25.52,14.7,57.59,3,94.12,4.11,133.74,50.96,64.84
H33772,H,58.31,21.1,15.8,69.75,2,93.68,4.16,101.12,43.12,68.54
M19219,M,59.55,22.38,15.05,65.36,5,93.98,4.29,106.62,45.57,67.12
L51540,L,59.46,22.07,16.2,66.12,3,93.52,4.37,102.46,45.12,67.07
M19221,M,61.91,40.33,38.3,48.78,3,84.68,7.43,123.98,73.33,44.65
L51542,L,61.01,25.17,9.45,59.76,4,96.22,4.51,122.14,50.84,64.62
H33777,H,55.29,19.83,12.55,82.28,4,94.98,4.56,86.08,41.34,68.95
H33778,H,58.78,21.56,13.8,69.97,6,94.48,4.69,92.1,44.6,66.93
L51545,L,61.34,26.68,9.05,59.11,4,96.38,4.83,126.58,53.96,62.46
L51546,L,62.29,27.49,10.15,55.66,4,95.94,4.88,130.56,55.48,61.49
H33781,H,61.49,25.5,12.25,59.6,5,95.1,4.93,114.54,51.98,62.92
L51548,L,58.48,22.35,18.5,72.03,7,92.6,5.07,90.48,46.5,64.77
H33783,H,57.51,22.16,11.6,75.67,3,95.36,5.12,89.1,46.23,65.49
L51550,L,63.87,45.16,45.85,42.82,3,81.66,8.25,141.36,83.04,37.39
L51551,L,61.43,25.92,13.95,61.04,6,94.42,5.31,109.6,53.2,61.39
M19232,M,62.09,26.51,17.05,58.7,3,93.18,5.36,112.18,54.32,60.41
M19233,M,60.81,25.3,13.2,64.0,2,94.72,5.44,102.46,52.25,61.67
L51554,L,60.64,25.26,15.35,64.92,3,93.86,5.52,100.62,52.29,61.28
L51555,L,62.69,25.8,13.45,57.8,3,94.62,5.57,100.88,53.32,60.85
M19236,M,60.76,25.53,12.55,64.78,3,94.98,5.63,100.22,52.91,61.04
M19237,M,62.52,29.37,16.7,57.11,4,93.32,5.71,126.72,59.9,56.97
M19238,M,63.35,28.81,16.85,54.84,2,93.26,5.79,119.3,59.0,57.24
M19239,M,58.39,25.12,16.0,74.04,2,93.6,5.87,94.84,52.49,60.42
L51560,L,63.17,30.09,17.15,55.46,4,93.14,5.95,126.2,61.49,55.65
L51561,L,62.7,28.8,11.25,57.9,4,95.5,6.0,115.32,59.25,57.25
L51562,L,61.62,28.06,20.35,62.22,3,91.86,6.05,109.7,57.99,56.86
L51563,L,64.98,49.7,46.45,40.05,7,81.42,9.11,156.96,92.25,31.01
L51564,L,62.93,29.16,13.55,57.57,7,94.58,6.16,114.26,60.09,56.28
L51565,L,63.0,44.96,49.65,49.62,7,80.14,9.21,119.44,83.91,34.65
L51566,L,51.98,7.98,9.0,81.96,6,96.4,0.0,98.18,14.29,91.95
L51567,L,54.76,10.01,6.1,71.6,7,97.56,0.05,109.44,18.01,90.28
L51568,L,52.36,7.12,3.2,81.49,4,98.72,0.11,88.42,12.9,93.02
M19249,M,57.46,26.76,33.3,54.37,7,86.68,3.16,117.3,43.58,68.56
M19250,M,56.59,12.07,7.45,65.02,3,97.02,0.24,119.22,21.94,87.81
M19251,M,57.45,28.86,39.6,53.97,7,84.16,3.32,130.56,47.55,65.62
L51572,L,56.23,12.48,8.75,66.66,3,96.5,0.4,119.36,22.87,86.89
M19253,M,54.63,10.01,6.85,73.6,4,97.26,0.45,100.64,18.52,89.15
L51574,L,56.02,13.78,7.0,67.26,5,97.2,0.53,127.06,25.37,85.55
L51575,L,55.64,11.86,1.1,69.72,7,99.56,0.59,111.06,22.0,87.71
H33810,H,57.59,12.64,9.2,62.83,7,96.32,0.64,113.46,23.48,86.06
L51577,L,55.47,11.74,8.45,71.08,6,96.62,0.77,106.18,22.03,86.59
M19258,M,55.18,11.93,9.55,72.18,6,96.18,0.83,106.86,22.43,86.17
L51579,L,53.96,10.14,3.7,77.58,4,98.52,0.91,92.46,19.34,88.15
L51580,L,58.39,30.6,36.8,52.35,5,85.28,3.96,128.86,51.49,62.65
H33815,H,56.77,13.94,6.9,66.43,2,97.24,1.01,116.56,26.27,84.15
H33816,H,56.37,11.89,11.15,69.36,5,95.54,1.15,97.72,22.77,85.21
L51583,L,58.24,16.31,10.4,61.24,7,95.84,1.28,127.56,30.87,80.96
M19264,M,56.89,15.48,6.5,66.51,6,97.4,1.33,121.5,29.43,81.97
L51585,L,59.22,30.62,38.65,51.24,3,84.54,4.41,117.62,52.09,61.26
L51586,L,59.35,34.02,37.75,49.29,5,84.9,4.47,143.52,58.27,58.16
L51587,L,58.42,18.41,5.85,60.5,6,97.66,1.52,138.68,34.93,78.91
L51588,L,49.53,9.44,3.95,95.73,3,98.42,1.57,77.98,18.93,86.99
M19269,M,59.07,33.53,33.05,51.14,7,86.78,4.63,136.36,57.58,58.65
L51590,L,55.84,13.17,9.2,72.72,7,96.32,1.71,96.12,25.78,82.78
L51591,L,54.41,13.18,5.3,77.81,7,97.88,1.76,96.96,25.86,83.02
L51592,L,57.94,16.24,11.4,64.38,4,95.44,1.81,115.4,31.41,79.53
M19273,M,58.75,17.42,11.5,61.19,2,95.4,1.87,122.56,33.61,78.31
L51594,L,57.07,15.66,4.65,68.17,3,98.14,1.95,109.0,30.55,80.37
L51595,L,57.22,16.68,11.75,67.36,6,95.3,2.0,115.68,32.43,78.61
M19276,M,57.01,15.18,11.85,69.01,5,95.26,2.05,102.84,29.83,79.79
L51597,L,59.53,38.1,38.0,49.2,2,84.8,5.13,160.9,66.42,52.72
L51598,L,55.56,14.86,8.1,74.67,6,96.76,2.19,99.24,29.41,80.11
M19279,M,40.58,24.42,39.2,121.59,4,84.32,5.24,75.12,42.04,64.58
H33834,H,52.35,12.28,9.35,87.51,3,96.26,2.32,80.06,24.97,81.94
L51601,L,60.48,37.96,43.6,47.27,7,82.56,5.45,151.3,66.58,51.45
M19282,M,48.43,11.82,13.7,101.94,7,94.52,2.51,77.54,24.37,81.43
M19283,M,57.16,17.51,6.85,69.4,5,97.26,2.59,109.26,34.67,76.81
M19284,M,56.26,15.75,9.0,73.68,6,96.4,2.67,94.62,31.62,77.96
L51605,L,57.57,17.46,12.15,68.62,6,95.14,2.75,104.74,34.8,75.89
L51606,L,58.62,18.5,7.25,64.7,6,97.1,2.8,110.38,36.72,75.32
M19287,M,60.14,35.78,43.35,51.06,4,82.66,5.85,125.38,63.19,52.37
L51608,L,52.56,14.1,8.5,88.25,6,96.6,2.93,80.52,29.0,78.78
M19289,M,55.17,17.31,13.6,77.9,5,94.56,2.99,101.42,34.82,75.26
H33844,H,55.88,16.8,10.75,76.0,5,95.7,3.07,94.56,34.01,75.79
H33845,H,59.6,23.25,13.0,60.53,2,94.8,3.2,138.06,45.74,69.43
L51612,L,59.72,21.6,11.25,61.45,2,95.5,3.33,121.7,42.95,70.73
H33847,H,59.92,21.38,9.35,61.06,3,96.26,3.39,118.5,42.64,70.97
L51614,L,58.31,18.78,12.6,68.41,2,94.96,3.52,96.92,38.14,72.63
L51615,L,61.79,38.9,41.7,46.6,4,83.32,6.57,131.82,69.68,47.85
M19296,M,58.13,19.83,13.8,68.94,4,94.48,3.63,103.14,40.15,71.29
L51617,L,58.2,18.92,15.95,69.44,3,93.62,3.71,93.96,38.62,71.68
L51618,L,60.59,24.35,12.05,58.72,6,95.18,3.76,132.96,48.43,67.06
M19299,M,61.03,25.39,7.15,56.9,5,97.14,3.81,139.44,50.36,66.48
L51620,L,60.33,22.68,14.3,60.96,2,94.28,3.89,116.92,45.6,67.98
L51621,L,62.1,39.49,42.4,46.7,2,83.04,6.95,127.78,71.22,46.26
L51622,L,58.75,20.7,13.5,67.8,4,94.6,4.0,100.86,42.19,69.56
L51623,L,61.11,26.51,11.6,57.0,2,95.36,4.05,142.9,52.67,64.4
L51624,L,49.25,16.32,10.7,103.04,5,95.72,4.11,76.48,34.47,73.48
L51625,L,56.71,19.95,16.8,75.82,4,93.28,4.16,94.12,41.06,69.47
L51626,L,58.69,21.52,10.9,68.44,7,95.64,4.21,102.68,43.92,68.52
M19307,M,60.14,23.25,12.0,62.78,7,95.2,4.27,113.36,47.1,66.72
L51628,L,61.89,40.84,42.15,48.28,6,83.14,7.35,129.88,74.14,44.02
M19309,M,61.89,41.78,43.25,48.01,7,82.7,7.4,136.16,75.89,42.93
L51630,L,59.47,22.76,15.4,66.17,2,93.84,4.48,105.62,46.5,66.25
L51631,L,59.56,23.82,10.5,65.54,5,95.8,4.53,112.78,48.47,65.65
M19312,M,61.1,23.56,14.6,60.57,7,94.16,4.59,107.34,48.06,65.34
L51633,L,61.87,27.42,13.75,56.29,3,94.5,4.67,135.4,55.09,61.75
L51634,L,61.92,26.36,8.85,56.87,3,96.46,4.72,125.62,53.25,63.05
H33869,H,59.13,21.54,13.95,69.08,4,94.42,4.77,89.74,44.69,66.72
L51636,L,60.88,26.22,13.2,61.24,5,94.72,4.91,121.74,53.23,62.25
M19317,M,57.69,21.7,15.3,74.65,7,93.88,4.96,88.8,45.21,65.95
L51638,L,61.16,27.04,18.45,60.38,6,92.62,5.04,124.96,54.88,60.63
L51639,L,57.36,21.86,9.55,76.22,7,96.18,5.09,87.46,45.65,66.03
L51640,L,59.56,23.64,9.65,67.98,6,96.14,5.15,97.52,48.91,64.28
L51641,L,58.95,23.3,18.75,70.45,7,92.5,5.2,94.44,48.37,63.54
L51642,L,64.53,47.71,42.85,39.3,4,82.86,8.25,160.86,87.61,35.4
L51643,L,53.63,20.9,14.95,90.35,4,94.02,5.31,80.12,44.2,65.79
L51644,L,58.71,23.7,17.05,71.7,6,93.18,5.36,94.42,49.3,62.92
L51645,L,62.66,27.04,11.15,56.68,3,95.54,5.41,114.48,55.35,60.38
L51646,L,61.76,26.67,12.25,60.16,6,95.1,5.47,111.6,54.76,60.46
L51647,L,59.68,26.03,11.35,67.83,7,95.46,5.52,108.14,53.68,60.98
L51648,L,58.16,23.97,18.45,74.26,6,92.62,5.57,92.5,50.05,61.98
L51649,L,62.28,42.1,42.55,51.25,7,82.98,8.63,110.72,78.04,39.47
L51650,L,54.24,8.57,1.0,73.91,3,99.6,0.0,99.88,15.37,92.22
L51651,L,52.75,7.44,7.1,79.78,6,97.16,0.05,91.6,13.39,92.49
L51652,L,55.27,12.5,1.2,68.8,7,99.52,0.11,127.42,22.53,88.4
L51653,L,54.61,9.46,5.3,72.82,5,97.88,0.16,102.82,17.15,90.57
L51654,L,54.49,9.39,9.4,73.46,7,96.24,0.21,101.26,17.1,90.08
L51655,L,57.64,26.25,35.5,54.42,6,85.8,3.27,110.62,42.81,68.51
L51656,L,56.77,13.98,8.6,63.76,5,96.56,0.32,132.5,25.47,85.76
L51657,L,53.45,9.67,1.7,77.51,7,99.32,0.37,101.34,17.81,90.18
L51658,L,55.98,11.68,2.8,68.01,3,98.88,0.43,112.74,21.48,88.13
L51659,L,49.55,6.82,2.9,92.74,4,98.84,0.48,81.46,12.83,92.34
H33894,H,58.61,30.4,38.0,50.05,7,84.8,3.53,136.5,50.58,63.84
M19341,M,55.28,10.78,6.25,71.81,3,97.5,0.67,101.08,20.16,87.96
H33896,H,55.02,11.46,1.4,72.67,2,99.44,0.75,105.16,21.5,87.62
L51663,L,56.32,13.32,8.65,67.79,4,96.54,0.88,115.18,24.98,84.88
M19344,M,56.93,13.58,10.75,65.76,5,95.7,0.93,115.22,25.52,84.3
L51665,L,55.7,11.96,1.9,71.12,2,99.24,1.01,102.24,22.73,86.42
M19346,M,49.6,8.25,8.0,94.12,5,96.8,1.07,79.7,16.14,89.0
L51667,L,57.39,12.56,4.15,65.52,4,98.34,1.15,101.72,23.98,85.3
M19348,M,56.39,13.0,10.25,68.95,2,95.9,1.2,105.38,24.83,84.16
L51669,L,56.8,13.89,7.4,67.4,2,97.04,1.28,110.14,26.52,83.44
L51670,L,49.87,9.07,5.5,93.81,4,97.8,1.33,79.94,17.96,87.8
H33905,H,58.05,17.48,9.6,61.71,2,96.16,1.39,134.78,33.1,79.72
M19352,M,58.04,18.66,11.85,61.67,2,95.26,1.52,141.2,35.38,78.09
L51673,L,56.81,14.23,5.0,68.44,5,98.0,1.6,105.62,27.53,82.53
H33908,H,54.86,12.48,3.1,76.21,5,98.76,1.65,93.18,24.48,84.14
L51675,L,59.23,34.66,33.35,50.62,2,86.66,4.79,141.58,59.81,57.19
M19356,M,55.71,14.52,12.45,72.99,3,95.02,1.84,104.1,28.36,80.89
L51677,L,56.99,14.76,5.6,68.77,6,97.76,1.92,102.46,28.9,81.15
H33912,H,55.73,14.92,5.7,73.24,5,97.72,1.97,104.28,29.25,80.86
H33913,H,54.32,13.17,6.95,79.46,7,97.22,2.11,89.22,26.28,81.95
L51680,L,55.68,15.77,8.2,74.02,5,96.72,2.24,105.16,31.11,79.14
L51681,L,60.56,35.38,37.3,47.66,4,85.08,5.29,134.14,61.75,54.81
L51682,L,55.74,14.12,11.4,75.04,2,95.44,2.35,89.44,28.28,80.03
M19363,M,54.22,14.82,8.5,80.14,3,96.6,2.4,96.02,29.62,79.54
L51684,L,55.85,15.34,7.65,74.58,6,96.94,2.48,96.1,30.65,78.95
L51685,L,59.1,19.3,13.75,61.65,4,94.5,2.53,122.12,37.81,74.65
M19366,M,57.79,16.91,8.85,67.54,6,96.46,2.59,103.6,33.6,77.14
L51687,L,55.13,15.95,7.0,77.48,5,97.2,2.67,97.78,31.98,77.98
L51688,L,59.31,19.81,8.1,61.4,2,96.76,2.72,121.72,38.97,74.27
L51689,L,59.32,19.24,11.2,61.83,7,95.52,2.77,115.98,38.02,74.32
L51690,L,60.59,39.08,35.3,47.76,2,85.88,5.83,151.72,69.06,50.29
L51691,L,59.08,19.39,12.4,63.0,4,95.04,2.88,115.08,38.42,73.79
M19372,M,59.76,21.18,5.5,59.96,3,97.8,2.93,127.22,41.68,72.74
L51693,L,52.74,15.14,12.65,87.43,6,94.94,3.01,86.8,30.97,77.22
L51694,L,58.92,18.25,12.75,64.82,3,94.9,3.07,101.98,36.61,74.29
L51695,L,59.92,21.41,10.85,60.04,3,95.66,3.12,124.7,42.34,71.5
L51696,L,58.17,19.27,8.95,67.32,3,96.42,3.17,108.78,38.57,73.47
L51697,L,58.51,17.58,10.05,67.21,3,95.98,3.23,93.6,35.61,74.74
L51698,L,59.15,21.29,7.15,63.36,7,97.14,3.28,121.2,42.33,71.56
L51699,L,56.5,17.42,6.25,74.59,5,97.5,3.33,92.72,35.47,74.97
L51700,L,59.62,22.06,9.35,61.77,7,96.26,3.39,124.32,43.85,70.37
L51701,L,53.73,16.3,7.45,85.1,2,97.02,3.44,85.1,33.58,75.58
M19382,M,53.02,15.88,6.55,87.96,7,97.38,3.49,81.56,32.9,75.91
L51703,L,59.36,22.82,15.7,62.99,7,93.72,3.57,126.56,45.45,68.56
M19384,M,58.86,20.58,11.8,66.06,3,95.28,3.63,108.14,41.5,70.82
M19385,M,59.88,21.67,7.95,62.32,3,96.82,3.71,113.66,43.55,70.02
L51706,L,59.12,20.98,8.1,65.56,6,96.76,3.79,107.42,42.43,70.4
M19387,M,61.35,37.94,38.2,49.63,4,84.72,6.84,118.84,68.31,48.34
L51708,L,59.48,21.64,16.35,64.53,4,93.46,3.92,109.14,43.76,68.64
M19389,M,58.39,20.49,13.45,69.05,2,94.62,3.97,100.32,41.79,69.82
L51710,L,59.92,22.66,13.6,63.02,4,94.56,4.05,113.74,45.77,67.65
L51711,L,59.5,22.62,11.7,64.69,5,95.32,4.11,112.8,45.76,67.73
H33946,H,60.98,22.96,12.8,59.62,3,94.88,4.16,112.24,46.43,67.18
M19393,M,61.82,41.0,44.05,48.25,3,82.38,7.29,132.5,74.37,43.82
L51714,L,58.15,20.12,17.2,71.59,5,93.12,4.37,88.66,41.62,68.72
L51715,L,60.11,22.33,11.3,63.99,5,95.48,4.43,102.46,45.65,67.19
L51716,L,62.38,39.72,38.4,47.69,4,84.64,7.48,117.22,72.3,45.05
L51717,L,59.57,22.42,13.5,66.19,7,94.6,4.53,101.56,45.96,66.6
L51718,L,54.17,19.58,8.6,86.36,4,96.56,4.59,85.06,40.93,69.5
L51719,L,59.05,22.07,14.7,68.56,6,94.12,4.64,97.04,45.46,66.52
M19400,M,59.28,22.98,14.8,67.51,7,94.08,4.69,102.8,47.16,65.56
L51721,L,61.6,26.02,15.95,58.34,5,93.62,4.77,122.14,52.71,62.51
M19402,M,59.42,22.66,17.05,67.72,6,93.18,4.83,97.02,46.74,65.27
M19403,M,60.08,24.7,13.2,64.75,2,94.72,4.91,110.64,50.5,63.62
L51724,L,62.98,43.74,48.35,45.58,6,80.66,7.99,137.18,80.15,39.12
L51725,L,61.38,25.87,10.45,60.22,2,95.82,5.04,115.26,52.78,62.49
M19406,M,61.93,26.08,14.55,58.41,2,94.18,5.09,114.98,53.22,61.75
M19407,M,61.7,28.92,17.7,58.09,3,92.92,5.17,136.22,58.41,58.68
L51728,L,60.92,25.06,11.85,63.02,6,95.26,5.25,104.62,51.6,62.51
L51729,L,60.43,25.3,18.95,64.8,5,92.42,5.31,105.98,52.08,61.45
M19410,M,61.1,26.13,16.05,62.28,6,93.58,5.36,110.54,53.65,60.85
M19411,M,60.94,24.74,19.2,63.83,3,92.32,5.44,97.88,51.27,61.57
M19412,M,55.85,22.24,13.35,82.88,7,94.66,5.52,83.0,46.87,64.19
L51733,L,55.74,11.35,9.0,67.38,5,96.4,0.0,120.02,20.34,88.93
L51734,L,51.62,7.21,7.1,83.8,6,97.16,0.05,91.36,12.99,92.69
L51735,L,52.52,7.0,4.2,81.0,2,98.32,0.11,87.2,12.67,93.03
M19416,M,57.55,28.28,39.3,53.31,5,84.28,3.16,129.38,46.31,66.6
L51737,L,52.73,7.3,8.45,80.65,2,96.62,0.24,86.32,13.38,91.98
L51738,L,57.41,27.76,39.55,54.57,4,84.18,3.29,122.38,45.54,66.69
L51739,L,56.53,11.96,1.65,65.67,2,99.34,0.35,116.06,21.89,88.2
L51740,L,54.21,11.68,3.75,74.01,2,98.5,0.4,115.74,21.43,88.11
L51741,L,54.08,9.41,1.85,75.8,7,99.26,0.45,96.6,17.44,90.19
L51742,L,57.22,15.94,2.95,61.93,6,98.82,0.51,143.36,29.22,84.08
L51743,L,48.86,6.68,6.05,95.51,5,97.58,0.56,79.54,12.69,91.93
L51744,L,55.63,11.72,4.15,69.94,6,98.34,0.61,109.32,21.78,87.47
H33979,H,59.19,30.75,33.25,48.38,6,86.7,3.67,135.5,51.38,63.65
L51746,L,57.49,15.02,3.5,62.59,5,98.6,0.8,129.04,27.95,84.08
M19427,M,56.84,13.74,7.6,65.68,5,96.96,0.85,118.42,25.7,84.68
M19428,M,55.42,11.82,6.75,71.84,4,97.3,0.93,103.3,22.38,86.27
L51749,L,54.33,11.79,6.9,75.9,4,97.24,1.01,102.72,22.42,86.07
L51750,L,59.1,31.25,33.0,49.97,3,86.8,4.07,130.64,52.79,62.17
L51751,L,53.4,10.81,7.1,80.0,7,97.16,1.12,93.76,20.8,86.65
M19432,M,55.67,12.64,11.2,71.48,6,95.52,1.17,104.12,24.16,84.46
H33987,H,57.51,14.64,2.35,64.48,4,99.06,1.25,115.72,27.82,83.35
M19434,M,58.15,14.34,7.6,62.93,4,96.96,1.39,109.44,27.46,82.74
M19435,M,57.74,16.88,7.75,63.41,5,96.9,1.47,128.54,32.11,80.24
M19436,M,50.71,10.09,3.9,91.26,6,98.44,1.55,82.12,20.05,86.49
L51757,L,52.63,10.8,6.05,84.6,2,97.58,1.63,83.4,21.43,85.42
L51758,L,55.01,13.19,6.15,75.46,2,97.54,1.68,98.02,25.78,83.14
L51759,L,58.95,32.25,39.25,52.58,4,84.3,4.73,123.88,55.43,58.9
L51760,L,57.27,14.61,6.35,67.4,7,97.46,1.79,103.88,28.46,81.56
L51761,L,55.77,13.74,9.45,73.18,5,96.22,1.84,97.82,26.98,81.89
L51762,L,55.35,14.9,4.55,74.25,7,98.18,1.89,106.48,29.12,81.2
M19443,M,57.84,15.26,11.65,65.72,2,95.34,1.95,104.74,29.84,80.02
L51764,L,56.72,14.16,6.8,70.42,2,97.28,2.03,95.6,27.95,81.29
L51765,L,56.59,14.29,7.9,71.01,7,96.84,2.08,95.66,28.26,80.92
L51766,L,59.1,18.48,10.0,60.51,6,96.0,2.13,124.5,35.83,76.82
M19447,M,57.53,14.91,9.1,67.9,7,96.36,2.19,96.94,29.5,79.96
L51768,L,56.79,16.42,4.25,69.99,2,98.3,2.27,108.28,32.32,78.88
L51769,L,54.56,14.46,4.35,78.82,6,98.26,2.32,94.42,28.87,80.49
L51770,L,58.48,16.14,13.45,64.73,5,94.62,2.37,101.32,31.96,77.93
H34005,H,49.14,11.73,10.55,99.24,6,95.78,2.43,77.64,24.11,82.04
L51772,L,57.25,16.16,5.8,69.67,7,97.68,2.56,98.9,32.21,78.19
L51773,L,59.43,18.31,5.9,61.29,5,97.64,2.61,111.98,36.15,76.11
M19454,M,59.81,18.35,7.0,60.18,6,97.2,2.67,110.54,36.28,75.83
M19455,M,58.84,19.22,13.15,63.39,4,94.74,2.75,117.0,37.93,74.23
L51776,L,60.37,35.38,41.3,50.36,3,83.48,5.83,122.42,62.43,53.0
M19457,M,58.55,19.39,8.4,64.81,4,96.64,2.88,115.8,38.42,74.19
L51778,L,59.97,21.18,5.55,59.36,5,97.78,2.96,126.38,41.73,72.66
L51779,L,59.72,22.99,11.65,59.5,7,95.34,3.01,140.0,45.04,70.29
L51780,L,60.67,35.25,43.75,50.32,2,82.5,6.07,115.58,62.5,52.24
M19461,M,60.54,37.94,37.85,49.63,5,84.86,6.12,136.04,67.38,50.29
M19462,M,60.09,20.02,12.0,60.44,3,95.2,3.2,111.58,39.96,72.42
H34017,H,59.56,24.42,7.15,60.39,4,97.14,3.28,145.64,47.93,68.76
L51784,L,54.35,16.39,7.4,82.8,7,97.04,3.41,85.6,33.72,75.58
H34019,H,59.52,22.58,11.5,62.16,6,95.4,3.47,126.78,44.87,69.48
L51786,L,58.4,22.12,6.75,66.74,3,97.3,3.6,121.72,44.23,70.01
L51787,L,52.29,16.01,11.85,91.0,7,95.26,3.65,80.0,33.34,74.84
M19468,M,59.06,20.62,10.95,65.64,4,95.62,3.71,106.38,41.67,70.66
L51789,L,60.07,22.36,10.1,61.62,5,95.96,3.79,117.12,44.89,68.97
L51790,L,61.03,22.84,16.2,58.28,5,93.52,3.84,118.48,45.83,67.79
L51791,L,61.51,40.73,38.3,47.88,2,84.68,6.89,139.7,73.37,45.7
L51792,L,49.51,15.96,12.4,101.72,5,95.04,3.95,76.88,33.63,74.05
L51793,L,61.08,25.9,7.5,57.2,5,97.0,4.0,139.26,51.51,65.5
H34028,H,59.69,21.41,11.6,64.45,7,95.36,4.05,104.06,43.53,68.97
L51795,L,55.62,19.89,14.85,79.71,4,94.06,4.19,94.46,40.96,69.66
L51796,L,55.15,18.84,10.95,82.03,2,95.62,4.24,85.58,39.17,70.84
M19477,M,55.18,18.71,8.05,82.2,2,96.78,4.29,83.22,38.98,71.12
M19478,M,62.49,41.52,43.2,45.99,5,82.72,7.37,133.9,75.4,43.23
H34033,H,52.09,18.28,17.35,93.66,5,93.06,4.45,80.52,38.44,70.14
L51800,L,62.72,41.91,47.6,45.84,2,80.96,7.59,131.92,76.37,41.88
L51801,L,62.7,41.67,39.7,46.22,5,84.12,7.64,128.82,76.01,42.75
M19482,M,60.07,23.4,9.8,64.6,2,96.08,4.69,105.12,47.92,65.67
L51803,L,60.18,24.5,14.95,64.0,4,94.02,4.77,111.9,49.97,63.97
M19484,M,61.65,24.43,9.05,59.18,7,96.38,4.83,108.16,49.92,64.48
L51805,L,60.53,26.15,9.2,62.48,4,96.32,4.91,121.62,53.1,62.72
L51806,L,58.36,22.33,13.3,72.04,6,94.68,4.96,92.88,46.33,65.59
M19487,M,59.47,24.76,15.4,67.22,5,93.84,5.01,109.64,50.76,63.05
M19488,M,59.49,24.46,17.55,67.62,4,92.98,5.09,105.34,50.31,62.9
L51809,L,57.57,22.04,11.7,75.73,2,95.32,5.17,86.9,46.09,65.44
L51810,L,57.4,21.63,9.8,76.74,4,96.08,5.23,82.62,45.41,65.86
L51811,L,62.81,26.99,16.9,55.66,7,93.24,5.28,116.86,55.09,60.21
M19492,M,63.64,44.42,48.0,44.29,3,80.8,8.33,134.0,81.82,37.62
L51813,L,62.98,28.86,13.15,54.67,5,94.74,5.41,128.64,58.62,58.55
L51814,L,57.61,24.0,17.25,75.75,5,93.1,5.47,95.9,49.97,62.36
M19495,M,59.72,25.48,12.35,67.96,4,95.06,5.52,103.68,52.7,61.38
L51816,L,61.96,27.55,13.5,59.52,2,94.6,5.6,115.32,56.5,59.2
M19497,M,56.48,23.14,11.6,80.78,7,95.36,5.65,86.34,48.65,63.21
L51818,L,62.0,25.9,19.75,60.75,3,92.1,5.73,99.08,53.71,59.7
L51819,L,59.39,25.31,19.85,70.19,5,92.06,5.79,96.74,52.72,60.08
L51820,L,62.68,27.54,17.95,57.98,6,92.82,5.84,108.9,56.8,58.13
H34055,H,61.89,28.36,12.05,60.52,6,95.18,5.89,115.28,58.32,57.85
L51822,L,65.76,46.73,49.3,38.53,6,80.28,9.03,133.96,86.84,33.6
L51823,L,64.57,46.79,44.4,42.8,6,82.24,9.08,134.88,87.01,33.89
L51824,L,61.87,28.7,19.5,61.35,3,92.2,6.13,112.68,59.24,56.16
L51825,L,58.75,24.96,12.6,74.12,6,94.96,6.19,85.84,52.6,60.07
L51826,L,62.23,45.22,45.7,52.24,7,81.72,9.24,121.94,84.4,34.75
L51827,L,48.5,5.38,8.0,95.21,7,96.8,0.0,82.16,9.63,94.38
L51828,L,53.34,8.28,1.1,77.36,5,99.56,0.05,97.6,14.92,92.32
M19509,M,56.82,15.1,6.2,62.2,7,97.52,0.11,146.1,27.19,85.57
L51830,L,53.08,8.18,8.35,78.81,2,96.66,0.19,94.16,14.91,91.34
L51831,L,57.64,28.5,33.45,53.2,7,86.62,3.24,129.18,46.8,66.78
L51832,L,56.2,14.1,3.55,65.55,2,98.58,0.29,134.84,25.65,86.23
M19513,M,54.19,9.91,6.65,74.74,3,97.34,0.35,102.88,18.21,89.54
M19514,M,55.5,13.18,6.8,68.91,7,97.28,0.43,125.4,24.17,86.38
L51835,L,50.59,7.17,5.95,89.12,4,97.62,0.51,82.28,13.5,91.64
L51836,L,53.97,9.75,8.05,76.42,6,96.78,0.56,97.12,18.2,88.98
L51837,L,54.0,10.64,3.15,76.08,7,98.74,0.61,102.96,19.85,88.53
L51838,L,53.31,10.7,2.25,78.6,3,99.1,0.67,103.18,20.03,88.43
M19519,M,56.14,13.28,4.35,67.81,3,98.26,0.72,118.78,24.73,85.76
L51840,L,56.96,13.38,2.5,65.26,2,99.0,0.8,116.58,24.99,85.65
L51841,L,58.31,29.58,38.6,52.71,5,84.56,3.85,123.2,49.53,63.67
H34076,H,54.63,10.64,1.7,75.03,6,99.32,0.91,95.54,20.23,87.9
L51843,L,57.95,16.6,3.95,61.15,2,98.42,1.04,135.58,31.07,81.99
M19524,M,55.44,14.8,2.05,70.9,7,99.18,1.09,123.52,27.93,83.65
M19525,M,59.3,32.02,35.2,49.34,6,85.92,4.17,134.14,54.3,60.98
M19526,M,55.57,12.91,11.35,72.0,5,95.46,1.25,104.58,24.73,83.99
H34081,H,54.47,11.65,6.5,76.72,7,97.4,1.33,94.22,22.58,85.4
H34082,H,54.02,11.38,9.75,78.91,5,96.1,1.47,89.64,22.25,84.97
M19529,M,58.82,31.62,34.0,52.84,4,86.4,4.6,122.06,54.14,60.33
L51850,L,55.46,13.92,11.15,73.54,3,95.54,1.68,103.2,27.08,81.99
L51851,L,56.96,16.05,5.25,67.52,4,97.9,1.73,117.02,30.97,80.52
L51852,L,58.46,19.26,5.35,60.97,3,97.86,1.79,139.44,36.79,77.5
L51853,L,57.22,14.57,3.45,67.76,6,98.62,1.84,102.42,28.45,81.75
L51854,L,58.55,16.88,10.55,62.26,7,95.78,1.89,117.88,32.66,78.83
H34089,H,55.48,14.22,12.65,74.34,2,94.94,1.95,99.58,27.95,80.86
L51856,L,51.99,11.57,3.9,88.17,5,98.44,2.08,80.18,23.37,83.76
H34091,H,58.06,18.15,4.0,64.22,2,98.4,2.13,123.32,35.24,77.71
H34092,H,58.07,16.82,5.25,65.39,2,97.9,2.27,109.72,33.04,78.42
L51859,L,55.03,14.88,6.5,77.31,4,97.4,2.4,95.3,29.71,79.69
L51860,L,58.06,17.31,5.6,65.9,5,97.76,2.45,109.42,34.15,77.46
M19541,M,55.68,16.2,11.7,74.85,6,95.32,2.51,102.58,32.21,77.71
L51862,L,57.1,15.68,11.85,70.51,3,95.26,2.59,94.74,31.4,77.94
L51863,L,54.7,16.14,8.95,78.73,4,96.42,2.64,100.52,32.29,77.68
M19544,M,59.35,34.28,42.05,53.91,7,83.18,5.69,118.02,60.28,54.27
M19545,M,56.44,16.02,13.2,73.34,2,94.72,2.77,94.14,32.24,77.01
M19546,M,57.48,17.11,13.35,69.54,2,94.66,2.85,99.64,34.3,75.81
L51867,L,48.53,13.05,5.5,102.62,3,97.8,2.93,77.66,27.12,80.02
L51868,L,57.41,18.48,6.6,69.61,6,97.36,2.99,107.74,36.93,74.9
M19549,M,57.72,18.22,14.7,68.89,7,94.12,3.04,104.0,36.52,74.19
M19550,M,58.93,20.11,8.85,64.1,2,96.46,3.12,115.66,40.01,72.87
L51871,L,58.26,17.92,8.0,67.79,3,96.8,3.2,97.3,36.2,74.7
M19552,M,57.29,17.16,15.1,71.72,6,93.96,3.25,91.32,34.89,74.54
M19553,M,54.31,16.18,13.25,82.76,4,94.7,3.33,85.74,33.23,75.39
L51874,L,60.11,22.94,6.4,59.73,3,97.44,3.41,130.08,45.46,69.8
L51875,L,58.87,19.08,6.5,66.16,2,97.4,3.47,99.68,38.6,73.12
L51876,L,59.87,20.98,10.6,61.96,6,95.76,3.52,112.38,42.09,70.86
M19557,M,58.13,19.22,15.7,69.04,4,93.72,3.57,99.46,38.99,71.79
L51878,L,58.35,21.44,10.85,67.48,6,95.66,3.65,115.08,43.06,70.08
L51879,L,60.39,22.67,15.95,60.07,4,93.62,3.71,120.96,45.35,68.32
L51880,L,57.65,19.03,15.05,71.48,2,93.98,3.76,94.4,38.89,71.53
H34115,H,58.24,19.62,11.15,69.39,7,95.54,3.81,97.08,40.01,71.26
L51882,L,63.65,43.54,45.4,39.33,4,81.84,6.95,158.04,78.48,42.33
M19563,M,60.66,22.62,14.5,60.29,5,94.2,4.0,113.64,45.64,67.73
L51884,L,58.87,20.56,11.65,67.77,5,95.34,4.08,97.82,42.05,69.65
L51885,L,58.16,20.7,11.75,70.35,6,95.3,4.13,98.68,42.36,69.38
L51886,L,53.2,18.14,16.85,88.88,7,93.26,4.19,83.78,37.83,71.03
L51887,L,53.48,18.6,14.95,87.9,5,94.02,4.24,85.88,38.72,70.67
L51888,L,55.74,19.33,17.05,79.98,2,93.18,4.29,87.46,40.1,69.66
M19569,M,60.84,25.54,16.15,59.53,5,93.54,4.35,128.92,51.3,64.04
L51890,L,57.63,21.33,8.3,72.98,5,96.68,4.43,97.86,43.86,68.39
M19571,M,59.99,24.49,9.4,63.5,2,96.24,4.48,118.7,49.59,65.3
L51892,L,59.37,22.66,14.55,66.87,5,94.18,4.56,103.08,46.4,66.22
L51893,L,61.07,25.14,15.65,59.98,2,93.74,4.61,119.42,50.93,63.75
H34128,H,57.61,21.08,15.75,74.11,3,93.7,4.67,90.46,43.71,67.24
L51895,L,60.92,24.98,13.0,61.31,6,94.8,4.8,114.12,50.87,63.67
L51896,L,57.54,22.08,14.1,74.56,6,94.36,4.85,94.44,45.75,66.01
M19577,M,61.78,26.07,16.2,58.22,4,93.52,4.91,119.3,52.97,62.08
L51898,L,63.15,44.16,40.35,44.77,6,83.86,7.99,140.34,80.91,39.54
M19579,M,58.07,23.84,18.45,72.58,3,92.62,5.04,103.6,49.15,63.5
M19580,M,63.07,41.38,43.6,46.96,7,82.56,8.12,115.26,76.1,41.35
L51901,L,54.81,21.08,12.75,85.81,7,94.9,5.2,82.34,44.39,66.13
M19582,M,62.66,26.44,15.85,56.33,5,93.66,5.25,113.22,54.06,60.88
L51903,L,63.12,43.72,40.0,46.44,4,84.0,8.33,129.12,80.57,39.05
L51904,L,57.29,24.06,17.1,76.52,6,93.16,5.39,98.62,49.97,62.53
M19585,M,61.07,26.97,17.2,62.26,6,93.12,5.44,115.5,55.26,59.77
M19586,M,52.17,21.14,10.35,96.08,5,95.86,5.52,79.26,44.9,65.48
M19587,M,63.78,43.55,42.5,45.28,6,83.0,8.6,120.82,80.6,38.25
L51908,L,62.93,28.82,12.65,55.89,7,94.94,5.68,122.32,58.87,57.94
L51909,L,64.44,47.45,44.75,41.58,2,82.1,8.73,148.12,87.76,34.18
L51910,L,61.56,26.24,14.85,62.28,7,94.06,5.79,101.16,54.38,59.75
L51911,L,64.63,43.8,42.95,43.15,6,82.82,8.84,116.22,81.34,37.36
L51912,L,61.23,27.3,14.05,63.3,5,94.38,5.89,107.78,56.43,58.59
L51913,L,62.09,28.99,12.15,59.7,4,95.14,5.95,118.88,59.52,57.13
L51914,L,61.82,27.8,17.25,61.45,3,93.1,6.0,108.54,57.46,57.55
L51915,L,61.34,28.78,19.35,62.81,7,92.26,6.05,115.88,59.29,56.31
L51916,L,54.98,9.48,4.0,70.91,6,98.4,0.0,106.06,16.98,91.11
M19597,M,57.62,29.71,31.1,51.94,3,87.56,3.05,143.12,48.74,66.41
M19598,M,46.56,5.15,1.25,102.52,4,99.5,0.13,80.04,9.4,94.91
L51919,L,57.58,29.09,38.4,53.0,7,84.64,3.21,134.62,47.83,65.82
L51920,L,54.0,9.6,9.5,75.25,4,96.2,0.27,102.42,17.55,89.74
L51921,L,57.09,14.18,9.6,62.56,4,96.16,0.32,133.66,25.83,85.48
L51922,L,54.25,9.55,9.7,74.83,4,96.12,0.37,99.24,17.58,89.49
L51923,L,56.97,14.23,5.8,63.34,6,97.68,0.43,131.78,26.05,85.54
L51924,L,57.27,13.29,3.9,63.01,3,98.44,0.48,122.66,24.43,86.43
H34159,H,56.13,12.38,2.0,67.56,7,99.2,0.53,115.7,22.86,87.3
L51926,L,56.98,13.4,4.25,64.65,6,98.3,0.67,119.74,24.87,85.81
L51927,L,52.15,8.98,8.35,83.66,7,96.66,0.72,89.86,17.02,89.22
L51928,L,58.03,29.0,39.45,53.65,3,84.22,3.77,120.66,48.37,64.32
L51929,L,57.5,15.2,6.55,62.6,5,97.38,0.83,129.88,28.3,83.54
M19610,M,53.42,10.62,6.65,79.09,3,97.34,0.88,97.56,20.14,87.5
L51931,L,56.1,12.2,4.8,69.4,6,98.08,0.96,104.8,23.1,86.05
H34166,H,56.28,12.92,8.9,68.64,6,96.44,1.01,109.04,24.44,84.86
H34167,H,54.9,12.59,9.15,74.05,2,96.34,1.15,105.34,24.02,84.78
M19614,M,58.3,17.54,2.4,60.43,7,99.04,1.28,137.28,33.07,80.67
L51935,L,59.68,31.9,39.55,48.8,4,84.18,4.36,128.5,54.33,60.16
H34170,H,49.61,8.99,10.65,95.06,6,95.74,1.41,77.82,17.91,87.15
L51937,L,56.95,15.34,6.9,67.18,3,97.24,1.55,115.54,29.46,81.49
L51938,L,57.48,16.98,4.0,64.76,4,98.4,1.6,126.7,32.46,80.17
L51939,L,59.05,31.58,36.1,52.26,7,85.56,4.65,120.22,54.13,60.02
L51940,L,56.42,14.74,9.2,69.93,4,96.32,1.71,107.92,28.6,81.37
H34175,H,59.59,33.46,37.3,49.87,4,85.08,4.76,132.04,57.62,57.94
M19622,M,40.38,23.53,42.55,121.38,4,82.98,4.89,76.06,40.0,65.96
L51943,L,58.22,17.4,8.7,63.45,4,96.52,1.97,120.66,33.69,78.34
M19624,M,58.87,18.23,6.8,60.98,2,97.28,2.03,125.24,35.25,77.64
L51945,L,51.83,11.94,12.95,88.63,5,94.82,2.11,82.84,24.09,82.45
M19626,M,55.49,15.4,7.05,74.55,6,97.18,2.16,104.3,30.36,79.8
L51947,L,58.08,19.24,6.2,64.03,4,97.52,2.24,129.66,37.34,76.23
L51948,L,60.53,35.11,41.3,47.9,2,83.48,5.29,131.98,61.25,54.66
H34183,H,57.17,16.32,6.4,69.04,7,97.44,2.35,105.08,32.23,78.55
L51950,L,60.23,34.76,36.65,49.82,3,85.34,5.48,125.48,60.88,54.93
M19631,M,56.32,16.6,5.75,72.55,2,97.7,2.53,104.34,32.97,77.87
M19632,M,59.05,17.31,10.9,63.09,2,95.64,2.61,104.5,34.36,76.5
L51953,L,59.78,20.66,10.05,59.22,2,95.98,2.69,128.42,40.45,73.39
L51954,L,53.5,14.07,12.15,84.32,4,95.14,2.75,83.14,28.7,78.94
L51955,L,54.52,14.85,8.25,80.62,2,96.7,2.8,86.82,30.18,78.49
L51956,L,58.06,17.66,9.35,67.27,6,96.26,2.85,103.24,35.28,75.72
M19637,M,53.81,14.62,14.45,83.59,6,94.22,2.91,83.56,29.9,77.79
H34192,H,60.41,37.61,41.6,49.74,5,83.36,5.99,136.62,66.63,50.55
L51959,L,58.52,19.08,5.85,66.01,6,97.66,3.12,108.02,38.17,74.09
L51960,L,60.14,21.17,14.95,59.62,6,94.02,3.17,121.28,41.98,71.17
L51961,L,60.49,21.16,10.05,58.62,7,95.98,3.23,119.48,42.02,71.53
L51962,L,60.78,22.99,10.15,56.9,5,95.94,3.28,132.56,45.38,69.74
L51963,L,56.87,19.0,14.25,72.55,3,94.3,3.33,104.82,38.29,72.76
L51964,L,56.91,18.24,9.35,72.98,4,96.26,3.39,97.44,36.99,73.8
H34199,H,60.48,22.82,10.45,58.64,7,95.82,3.44,128.02,45.28,69.44
L51966,L,58.07,21.04,9.7,68.33,7,96.12,3.57,114.14,42.26,70.75
L51967,L,60.76,21.9,6.8,58.85,4,97.28,3.63,116.12,43.87,70.13
H34202,H,59.11,19.92,11.9,65.74,2,95.24,3.68,101.28,40.37,71.26
L51969,L,57.33,20.39,11.15,72.1,4,95.54,3.81,104.52,41.39,70.56
L51970,L,60.35,21.78,12.25,61.26,4,95.1,3.87,110.26,43.94,69.07
M19651,M,60.03,23.88,14.35,61.51,7,94.26,3.92,126.38,47.79,66.83
H34206,H,58.74,22.05,8.5,67.18,7,96.6,4.0,111.68,44.61,68.85
H34207,H,59.85,22.45,13.75,63.68,2,94.5,4.13,110.36,45.49,67.61
L51974,L,57.07,19.77,15.0,75.06,4,94.0,4.27,89.78,40.87,69.53
L51975,L,61.03,25.21,15.1,58.94,6,93.96,4.32,126.62,50.68,64.51
L51976,L,61.69,24.94,16.2,57.03,4,93.52,4.37,122.4,50.27,64.5
L51977,L,61.9,24.8,16.3,56.6,6,93.48,4.43,119.8,50.09,64.47
L51978,L,60.83,25.04,9.4,60.33,5,96.24,4.48,121.94,50.58,64.81
L51979,L,61.46,24.15,13.5,58.82,4,94.6,4.53,112.76,49.05,65.06
M19660,M,62.47,26.51,11.6,54.4,4,95.36,4.59,129.06,53.35,62.99
L51981,L,59.34,22.18,12.75,67.61,6,94.9,4.67,96.88,45.68,66.55
M19662,M,63.13,27.71,13.85,52.04,2,94.46,4.72,134.76,55.67,61.34
L51983,L,57.51,22.25,13.0,74.38,3,94.8,4.8,97.0,45.98,66.11
L51984,L,58.87,24.26,16.1,68.92,6,93.56,4.85,110.02,49.65,63.86
L51985,L,59.15,23.12,18.2,68.74,2,92.72,4.91,99.32,47.68,64.53
H34220,H,62.57,28.38,16.3,54.56,7,93.48,4.96,135.5,57.17,59.86
L51987,L,60.86,24.4,16.55,62.95,7,93.38,5.09,103.06,50.22,63.05
L51988,L,62.36,27.59,15.65,56.4,2,93.74,5.15,125.28,55.99,60.14
L51989,L,58.75,23.78,15.75,70.91,3,93.7,5.2,98.52,49.22,63.41
M19670,M,61.09,25.61,11.85,62.14,6,95.26,5.25,108.78,52.58,62.02
M19671,M,57.56,23.1,10.0,75.85,6,96.0,5.33,91.76,48.18,64.24
L51992,L,60.81,25.72,14.15,63.69,5,94.34,5.41,106.42,52.97,61.27
M19673,M,60.79,26.55,15.25,63.52,4,93.9,5.47,111.92,54.54,60.27
L51994,L,62.85,44.89,44.4,47.6,4,82.24,8.55,134.02,82.93,37.0
H34229,H,60.97,25.1,11.5,64.15,7,95.4,5.6,97.08,52.11,61.6
L51996,L,61.31,41.18,40.75,55.46,3,83.7,8.73,102.22,76.51,40.2
L51997,L,52.64,7.7,9.0,79.85,6,96.4,0.0,95.08,13.8,92.2
M19678,M,48.43,5.38,2.1,95.66,6,99.16,0.05,81.14,9.72,94.82
L51999,L,52.47,8.07,3.25,80.76,7,98.7,0.13,95.32,14.64,92.09
M19680,M,53.53,8.68,9.35,77.01,4,96.26,0.19,97.54,15.8,90.79
L52001,L,56.85,12.2,1.5,64.15,4,99.4,0.27,119.3,22.21,88.21
L52002,L,54.58,10.68,7.6,72.91,4,96.96,0.32,109.1,19.56,88.82
L52003,L,55.69,10.8,7.7,69.25,5,96.92,0.37,107.26,19.82,88.57
L52004,L,55.66,12.53,0.8,68.68,6,99.68,0.43,119.98,23.0,87.57
L52005,L,52.91,9.09,1.9,80.05,4,99.24,0.48,95.04,16.9,90.4
L52006,L,44.59,5.55,2.0,110.62,5,99.2,0.53,76.96,10.63,93.42
L52007,L,56.73,16.48,3.1,63.66,2,98.76,0.59,146.56,30.29,83.37
L52008,L,55.67,11.72,2.2,69.89,7,99.12,0.64,108.7,21.82,87.59
L52009,L,56.08,11.63,5.3,68.74,3,97.88,0.69,106.22,21.73,87.22
L52010,L,52.28,9.66,3.4,82.97,4,98.64,0.75,94.52,18.27,89.03
L52011,L,58.02,31.02,31.5,52.79,7,87.4,3.8,136.32,52.04,63.23
L52012,L,57.06,13.84,8.6,64.88,4,96.56,0.85,118.92,25.88,84.49
L52013,L,57.98,28.12,40.7,54.79,4,83.72,3.91,110.74,46.97,64.63
M19694,M,56.1,13.43,7.8,68.78,5,96.88,0.96,114.6,25.29,84.65
M19695,M,57.52,15.84,2.95,63.03,2,98.82,1.04,130.18,29.72,82.76
L52016,L,59.12,33.86,33.1,48.82,5,86.76,4.12,150.3,57.53,59.68
H34251,H,52.04,10.44,3.2,85.08,7,98.72,1.17,91.52,20.21,87.23
H34252,H,54.47,11.27,4.45,76.82,4,98.22,1.31,91.78,21.86,86.01
H34253,H,58.21,16.82,3.7,61.69,7,98.52,1.44,128.04,31.98,80.76
L52020,L,59.88,35.7,37.95,47.05,5,84.82,4.57,153.76,61.4,56.36
M19701,M,57.86,16.1,9.05,64.0,2,96.38,1.63,118.62,30.93,80.37
M19702,M,57.25,17.47,5.2,65.72,3,97.92,1.71,128.58,33.48,79.33
L52023,L,52.2,11.48,10.35,86.36,6,95.86,1.79,85.84,22.86,83.96
M19704,M,59.92,33.25,34.45,49.18,3,86.22,4.84,128.12,57.34,58.2
M19705,M,56.12,14.08,11.6,72.11,7,95.36,1.92,98.26,27.69,81.16
M19706,M,56.72,14.38,11.75,70.21,2,95.3,2.0,97.96,28.31,80.67
L52027,L,58.47,17.39,5.9,63.0,3,97.64,2.08,117.88,33.81,78.34
H34262,H,59.07,19.62,6.0,60.04,3,97.6,2.13,133.74,37.89,76.19
M19709,M,58.08,17.52,12.25,64.99,6,95.1,2.27,115.3,34.29,77.1
L52030,L,58.67,21.24,5.4,61.43,5,97.84,2.35,142.42,41.05,74.24
L52031,L,59.86,35.15,38.5,50.58,3,84.6,5.4,130.86,61.47,54.61
L52032,L,56.2,16.08,8.6,72.91,2,96.56,2.45,102.18,31.95,78.26
L52033,L,58.18,16.02,11.7,66.34,2,95.32,2.51,97.74,31.9,77.87
L52034,L,57.06,16.13,12.8,70.34,4,94.88,2.56,98.96,32.17,77.52
L52035,L,59.93,19.39,4.9,59.06,2,98.04,2.61,119.9,38.08,75.24
M19716,M,55.29,15.82,14.0,76.99,7,94.4,2.67,96.56,31.75,77.39
L52037,L,56.72,17.59,10.15,71.5,4,95.94,2.75,106.92,35.02,75.98
L52038,L,60.52,21.15,14.25,56.88,5,94.3,2.8,128.98,41.47,72.24
L52039,L,57.87,18.21,10.35,67.64,6,95.86,2.85,107.9,36.27,75.12
M19720,M,58.38,21.1,12.45,64.65,6,95.02,2.91,129.08,41.51,72.19
L52041,L,52.04,14.24,6.6,90.18,7,97.36,2.99,81.12,29.31,78.71
L52042,L,61.12,23.04,13.7,54.78,6,94.52,3.04,137.92,45.17,69.96
M19723,M,52.61,14.86,8.8,88.32,3,96.48,3.09,82.9,30.56,77.65
L52044,L,59.45,20.37,8.95,62.36,6,96.42,3.17,115.82,40.55,72.49
M19725,M,56.99,18.38,14.05,72.01,3,94.38,3.23,102.08,37.05,73.62
L52046,L,54.8,17.1,11.2,80.5,7,95.52,3.31,93.02,34.84,74.84
L52047,L,61.2,23.6,15.3,55.45,7,93.88,3.36,135.1,46.58,68.46
L52048,L,60.2,21.74,9.4,60.03,3,96.24,3.41,120.36,43.31,70.58
L52049,L,55.9,17.02,10.5,77.39,7,95.8,3.47,87.36,34.92,74.56
M19730,M,57.22,17.69,9.6,72.71,3,96.16,3.52,89.62,36.17,73.91
L52051,L,59.03,20.83,10.75,65.24,2,95.7,3.6,110.46,41.9,70.77
L52052,L,61.96,25.78,13.85,52.91,5,94.46,3.65,144.92,50.86,65.88
M19733,M,59.72,20.82,11.95,63.29,4,95.22,3.71,107.08,42.03,70.38
L52054,L,57.7,19.08,8.1,71.41,6,96.76,3.79,94.18,39.02,72.11
L52055,L,56.55,19.32,13.2,75.44,4,94.72,3.84,96.44,39.51,71.24
M19736,M,58.97,21.03,14.3,66.48,3,94.28,3.89,105.6,42.64,69.46
M19737,M,58.97,20.34,10.45,67.13,5,95.82,3.97,98.32,41.52,70.25
L52058,L,61.94,24.91,9.6,54.95,5,96.16,4.05,128.96,49.8,66.03
H34293,H,59.5,21.22,10.7,65.39,3,95.72,4.11,101.6,43.26,69.09
M19740,M,59.55,23.2,8.95,64.75,6,96.42,4.24,114.34,46.96,67.14
M19741,M,61.4,24.74,8.1,57.93,6,96.76,4.32,122.32,49.83,65.64
L52062,L,60.67,24.75,8.25,60.72,5,96.7,4.4,121.64,49.96,65.4
M19743,M,57.5,20.68,14.35,73.86,7,94.26,4.45,92.28,42.74,68.29
H34298,H,58.01,20.6,12.5,72.45,3,95.0,4.53,89.1,42.69,68.34
H34299,H,56.81,20.27,14.75,77.26,3,94.1,4.67,85.16,42.27,68.05
L52066,L,62.43,25.83,17.0,55.69,4,93.2,4.8,118.84,52.39,62.5
L52067,L,60.91,22.88,17.1,62.61,6,93.16,4.85,96.22,47.19,64.99
L52068,L,60.51,24.52,14.2,63.34,6,94.32,4.91,108.64,50.19,63.67
L52069,L,58.83,24.03,14.3,69.58,2,94.28,4.96,105.84,49.38,63.96
L52070,L,60.45,26.02,12.4,63.24,5,95.04,5.01,118.3,53.0,62.23
M19751,M,57.14,21.8,12.5,76.9,6,95.0,5.07,87.92,45.52,65.86
L52072,L,54.82,21.22,16.65,85.49,2,93.34,5.15,84.64,44.57,65.76
M19753,M,61.78,26.67,14.75,59.06,6,94.1,5.2,117.56,54.42,60.91
H34308,H,61.88,27.49,15.9,58.6,3,93.64,5.28,122.14,55.99,59.86
M19755,M,59.85,24.59,16.15,67.55,6,93.54,5.41,98.74,50.96,62.08
M19756,M,59.28,24.56,14.3,69.82,2,94.28,5.49,97.44,51.0,62.09
H34311,H,61.08,26.22,15.45,63.14,4,93.82,5.57,106.5,54.08,60.27
H34312,H,62.17,30.54,16.7,57.73,4,93.32,5.71,136.6,62.0,55.92
L52079,L,52.02,21.94,14.95,97.43,5,94.02,5.84,78.76,46.76,63.45
L52080,L,63.43,28.16,11.05,55.32,7,95.58,5.89,111.56,57.96,58.13
M19761,M,59.97,25.94,19.15,68.53,7,92.34,5.95,97.4,54.05,59.16
L52082,L,60.26,25.4,17.3,68.1,7,93.08,6.03,90.92,53.2,59.62
L52083,L,44.52,4.2,4.0,109.5,3,98.4,0.0,78.24,7.53,95.84
H34318,H,55.52,12.84,4.1,67.58,7,98.36,0.05,131.0,23.07,87.95
L52085,L,57.37,13.84,5.35,61.23,3,97.86,0.19,133.46,25.03,86.57
H34320,H,56.37,12.12,9.45,65.74,4,96.22,0.24,119.92,22.03,87.56
M19767,M,54.03,9.55,4.7,75.58,5,98.12,0.37,99.54,17.58,89.99
M19768,M,56.28,13.41,7.85,66.24,4,96.86,0.45,125.58,24.61,86.0
L52089,L,56.05,12.52,5.0,67.79,5,98.0,0.53,117.02,23.13,86.87
M19770,M,54.29,9.68,4.1,75.46,6,98.36,0.59,95.52,18.11,89.36
L52091,L,53.28,9.45,2.25,79.32,3,99.1,0.67,93.22,17.79,89.55
L52092,L,55.82,11.44,6.35,69.83,3,97.46,0.72,104.42,21.41,87.22
M19773,M,54.69,11.12,8.45,74.09,2,96.62,0.77,102.26,20.91,87.15
M19774,M,55.66,12.99,4.6,70.11,3,98.16,0.85,114.04,24.36,85.65
H34329,H,57.88,15.05,3.75,61.78,2,98.5,0.93,125.72,28.16,83.68
H34330,H,52.45,10.18,2.0,83.36,2,99.2,1.07,91.18,19.59,87.87
M19777,M,55.63,13.15,4.25,71.47,4,98.3,1.2,107.62,25.1,84.63
L52098,L,57.23,14.02,3.4,65.84,3,98.64,1.28,110.54,26.75,83.73
L52099,L,56.58,14.0,5.5,68.3,6,97.8,1.33,110.12,26.79,83.39
L52100,L,59.1,36.51,35.6,48.59,2,85.76,4.39,165.54,62.62,56.36
L52101,L,59.89,18.02,8.7,55.34,6,96.52,1.44,135.34,34.13,79.19
M19782,M,55.18,13.4,4.8,74.05,7,98.08,1.49,103.7,25.93,83.57
M19783,M,50.07,10.6,6.95,93.3,7,97.22,1.57,86.44,20.99,85.66
H34338,H,56.71,15.48,7.1,68.36,3,97.16,1.65,114.64,29.86,81.05
L52105,L,54.56,13.01,12.35,77.5,4,95.06,1.79,94.8,25.59,82.4
L52106,L,57.21,14.52,11.45,67.84,5,95.42,1.84,102.04,28.36,80.99
M19787,M,56.67,14.0,5.55,70.15,4,97.78,1.89,97.46,27.51,81.9
L52108,L,56.17,14.72,5.7,71.84,7,97.72,1.97,102.08,28.89,81.04
L52109,L,59.78,17.2,9.8,58.4,6,96.08,2.03,115.8,33.41,78.26
L52110,L,55.14,14.72,6.9,75.79,5,97.24,2.08,101.06,29.02,80.64
M19791,M,54.76,13.9,5.0,77.7,4,98.0,2.13,93.86,27.63,81.42
L52112,L,58.85,17.82,8.15,61.99,4,96.74,2.21,117.76,34.75,77.39
H34347,H,56.93,16.0,4.25,69.7,2,98.3,2.27,104.68,31.56,79.26
L52114,L,56.7,16.15,9.5,70.92,4,96.2,2.4,103.2,32.0,78.25
L52115,L,58.23,18.06,13.6,64.92,6,94.56,2.45,115.18,35.49,75.99
L52116,L,61.13,40.17,42.7,44.12,5,82.92,5.51,166.88,70.6,49.41
L52117,L,57.47,17.36,6.8,68.32,2,97.28,2.56,108.2,34.36,77.02
M19798,M,56.57,15.36,7.9,72.62,6,96.84,2.61,92.32,30.86,78.55
L52119,L,61.31,23.68,9.05,52.46,6,96.38,2.69,150.52,45.87,70.77
L52120,L,58.23,18.12,9.15,66.04,7,96.34,2.75,109.04,35.96,75.61
M19801,M,55.42,16.27,5.25,76.81,5,97.9,2.8,96.98,32.73,77.51
L52122,L,56.92,17.19,7.4,71.5,6,97.04,2.88,100.44,34.47,76.26
H34357,H,59.4,19.3,6.5,62.15,4,97.4,2.93,112.72,38.32,74.32
M19804,M,54.76,16.08,11.75,80.21,6,95.3,3.07,90.3,32.71,76.34
L52125,L,59.9,20.46,10.9,60.67,6,95.64,3.15,116.56,40.68,72.28
M19806,M,56.31,17.52,11.0,74.69,7,95.6,3.2,96.78,35.48,74.76
L52127,L,60.39,23.32,7.15,58.09,4,97.14,3.28,135.7,45.96,69.75
M19808,M,58.92,20.42,7.25,64.79,4,97.1,3.33,113.4,40.85,72.18
M19809,M,58.21,18.59,8.4,68.46,7,96.64,3.41,97.9,37.66,73.5
M19810,M,53.0,15.53,6.55,88.18,3,97.38,3.49,78.78,32.28,76.22
L52131,L,57.79,19.87,10.7,69.86,2,95.72,3.57,105.12,40.16,71.7
M19812,M,61.08,24.28,15.8,56.56,3,93.68,3.63,134.68,48.13,67.1
L52133,L,56.86,17.65,12.95,74.68,7,94.82,3.71,85.6,36.34,73.12
L52134,L,56.46,18.56,14.05,75.82,2,94.38,3.76,92.24,38.04,72.06
M19815,M,61.41,22.72,16.15,56.94,2,93.54,3.81,117.52,45.56,67.98
M19816,M,47.27,15.48,7.3,109.46,4,97.08,3.89,77.28,32.7,75.14
M19817,M,55.74,17.9,13.45,79.45,2,94.62,3.97,83.16,37.13,72.15
L52138,L,59.39,23.91,15.6,64.2,3,93.76,4.05,124.46,48.01,66.33
L52139,L,56.37,18.8,9.7,77.35,5,96.12,4.11,86.5,38.91,71.36
L52140,L,62.19,28.06,15.8,52.92,3,93.68,4.16,151.38,55.57,62.31
L52141,L,55.54,18.72,15.9,80.64,5,93.64,4.21,84.6,38.9,70.53
M19822,M,60.61,25.6,8.0,60.0,3,96.8,4.27,131.52,51.31,65.01
L52143,L,55.85,19.14,14.15,79.88,6,94.34,4.35,84.58,39.83,69.98
L52144,L,58.63,21.68,9.25,69.26,2,96.3,4.4,99.84,44.44,68.05
M19825,M,62.16,25.68,9.35,55.36,7,96.26,4.45,125.88,51.7,64.31
L52146,L,56.01,20.62,17.5,79.34,2,93.0,4.53,92.06,42.73,67.82
L52147,L,61.41,27.11,16.6,57.74,3,93.36,4.59,135.32,54.42,61.96
M19828,M,60.61,24.74,15.7,61.88,3,93.72,4.64,116.3,50.25,64.02
L52149,L,60.07,23.76,15.85,64.52,7,93.66,4.72,107.36,48.59,64.68
L52150,L,59.59,23.32,13.95,66.59,5,94.42,4.77,103.3,47.87,65.12
L52151,L,55.68,21.43,14.05,81.18,3,94.38,4.83,92.36,44.55,66.67
H34386,H,56.13,20.86,10.15,80.12,7,95.94,4.88,86.02,43.6,67.42
L52153,L,61.38,24.59,10.4,60.76,5,95.84,5.01,105.62,50.45,63.71
L52154,L,62.12,25.62,16.5,57.89,5,93.4,5.07,111.68,52.37,62.03
L52155,L,62.01,26.74,17.6,57.93,5,92.96,5.12,119.52,54.43,60.79
L52156,L,63.04,44.72,46.7,45.59,6,81.32,8.17,140.78,82.15,37.91
L52157,L,60.47,26.88,14.8,63.56,7,94.08,5.23,120.4,54.82,60.65
L52158,L,62.14,27.76,12.9,57.57,4,94.84,5.28,123.98,56.48,59.91
M19839,M,59.54,25.08,13.0,68.06,6,94.8,5.33,104.84,51.72,62.17
M19840,M,58.57,24.19,13.15,72.16,2,94.74,5.41,97.3,50.24,62.74
M19841,M,60.5,25.9,19.3,64.95,3,92.28,5.49,106.56,53.42,60.38
L52162,L,56.91,22.8,11.45,79.15,7,95.42,5.57,84.82,47.94,63.74
L52163,L,56.13,23.33,14.55,81.78,5,94.18,5.63,88.98,48.97,62.81
L52164,L,65.11,46.72,45.65,39.44,6,81.74,8.68,142.52,86.37,34.89
M19845,M,57.41,23.08,10.75,77.91,6,95.7,5.73,82.78,48.65,63.13
L52166,L,55.14,10.12,6.0,70.04,3,97.6,0.0,111.04,18.15,90.33
M19847,M,58.1,13.76,1.1,58.27,5,99.56,0.05,134.86,24.73,87.42
L52168,L,40.81,18.65,30.25,115.52,6,87.9,3.13,75.94,29.02,76.2
L52169,L,55.39,9.91,3.35,70.0,4,98.66,0.19,104.78,18.0,90.29
L52170,L,57.0,12.34,8.45,63.48,7,96.62,0.24,120.86,22.43,87.46
M19851,M,55.86,11.13,4.55,68.18,7,98.18,0.29,111.5,20.32,88.8
L52172,L,54.53,9.77,1.7,73.76,7,99.32,0.37,100.66,17.99,90.09
L52173,L,51.01,7.2,6.8,87.35,7,97.28,0.43,83.78,13.46,91.74
M19854,M,53.64,8.79,0.9,77.7,4,99.64,0.48,91.64,16.37,90.77
L52175,L,55.22,11.63,8.05,71.18,4,96.78,0.56,110.4,21.56,87.3
M19856,M,57.31,12.64,1.15,63.68,5,99.54,0.61,114.4,23.44,86.94
M19857,M,39.08,19.93,32.3,122.98,3,87.08,3.69,75.98,32.02,73.37
M19858,M,51.31,8.62,10.45,86.94,7,95.82,0.77,86.9,16.43,89.19
M19859,M,55.66,12.88,7.6,70.16,5,96.96,0.85,113.24,24.18,85.44
L52180,L,51.39,8.7,5.75,87.25,4,97.7,0.93,83.84,16.78,89.17
M19861,M,46.47,7.36,3.85,105.02,5,98.46,0.99,78.68,14.45,90.42
L52182,L,54.52,11.12,6.0,75.79,3,97.6,1.07,95.94,21.3,86.62
L52183,L,57.35,16.18,10.1,63.76,5,95.96,1.12,131.34,30.43,81.53
L52184,L,58.47,15.1,6.2,60.65,6,97.52,1.17,119.88,28.55,82.76
M19865,M,57.36,16.86,6.3,63.77,4,97.48,1.23,134.28,31.77,81.03
M19866,M,58.59,15.74,4.45,60.43,5,98.22,1.31,121.92,29.88,82.0
L52187,L,57.57,16.24,11.6,63.98,4,95.36,1.39,125.44,30.86,80.64
H34422,H,56.96,15.02,6.7,66.89,4,97.32,1.44,115.36,28.75,82.07
L52189,L,56.6,14.9,8.95,68.7,2,96.42,1.57,111.86,28.7,81.61
L52190,L,56.37,14.45,11.05,69.92,6,95.58,1.63,107.46,27.98,81.65
M19871,M,55.11,13.49,10.15,74.96,4,95.94,1.68,100.28,26.32,82.47
M19872,M,52.56,12.23,7.3,84.64,3,97.08,1.76,91.9,24.16,83.67
M19873,M,55.87,14.32,9.45,72.54,7,96.22,1.84,102.28,28.01,81.37
L52194,L,58.03,15.41,4.6,64.9,4,98.16,1.92,106.24,30.06,80.67
L52195,L,53.62,13.02,4.7,81.44,2,98.12,1.97,91.98,25.85,82.66
L52196,L,58.79,17.95,11.8,61.42,3,95.28,2.03,123.16,34.76,77.39
L52197,L,57.76,17.49,4.9,65.4,7,98.04,2.08,119.66,33.99,78.35
M19878,M,55.82,15.55,12.0,73.22,4,95.2,2.13,105.6,30.58,79.24
M19879,M,58.15,16.52,4.15,65.04,2,98.34,2.21,108.32,32.42,78.95
L52200,L,56.93,15.95,10.3,69.82,7,95.88,2.29,103.72,31.51,78.63
L52201,L,59.99,22.32,10.4,56.34,5,95.84,2.35,149.2,42.98,72.78
L52202,L,59.27,18.98,8.5,60.71,7,96.6,2.4,122.28,37.06,75.82
M19883,M,56.84,15.98,13.6,70.76,4,94.56,2.45,100.5,31.77,77.85
L52204,L,56.0,14.85,11.75,74.53,7,95.3,2.53,90.78,29.84,78.84
M19885,M,58.47,18.46,9.85,64.42,7,96.06,2.59,115.06,36.38,75.65
L52206,L,58.45,18.0,13.0,65.05,7,94.8,2.67,109.62,35.65,75.54
L52207,L,61.23,21.81,13.1,53.8,7,94.76,2.72,135.08,42.55,71.98
M19888,M,56.4,15.64,9.2,73.68,6,96.32,2.77,91.2,31.57,77.75
M19889,M,56.57,18.51,6.35,71.95,7,97.46,2.85,112.08,36.8,75.26
M19890,M,59.39,20.88,8.5,61.41,4,96.6,2.93,125.34,41.15,72.71
M19891,M,58.36,20.29,9.65,65.56,7,96.14,3.01,120.28,40.2,72.91
M19892,M,55.83,17.13,7.8,76.14,2,96.88,3.09,96.68,34.64,75.72
L52213,L,57.81,22.24,6.95,67.08,7,97.22,3.17,133.08,43.91,71.01
M19894,M,58.6,19.95,8.05,65.72,6,96.78,3.23,112.48,39.87,72.81
M19895,M,58.89,20.07,6.2,64.96,2,97.52,3.31,111.2,40.18,72.68
L52216,L,57.31,19.61,6.35,70.94,2,97.46,3.39,107.9,39.45,72.86
M19897,M,57.79,20.6,6.45,69.0,6,97.42,3.44,113.92,41.29,71.83
L52218,L,55.75,17.69,12.6,77.76,7,94.96,3.52,91.64,36.17,73.61
H34453,H,56.44,18.84,7.7,75.03,6,96.92,3.57,98.78,38.32,72.92
H34454,H,58.09,19.77,7.95,69.41,6,96.82,3.71,100.92,40.15,71.72
L52221,L,62.2,23.3,8.2,54.05,2,96.72,3.84,120.48,46.64,68.18
L52222,L,58.54,20.63,15.3,68.14,5,93.88,3.89,102.98,41.93,69.72
L52223,L,60.07,21.69,16.4,62.56,4,93.44,3.95,108.16,43.89,68.52
L52224,L,60.95,23.88,7.5,58.66,2,97.0,4.0,123.24,47.88,67.31
M19905,M,59.58,23.88,16.6,63.56,7,93.36,4.05,124.0,47.96,66.25
M19906,M,61.13,23.0,12.75,59.0,5,94.9,4.13,113.0,46.48,67.22
M19907,M,57.29,19.96,8.9,74.02,2,96.44,4.21,92.2,41.14,70.11
H34462,H,63.33,45.03,45.05,41.04,4,81.98,7.29,162.62,81.59,40.11
H34463,H,60.56,24.66,10.3,61.27,6,95.88,4.43,120.44,49.82,65.21
H34464,H,57.37,21.28,12.55,74.41,5,94.98,4.56,94.82,43.94,67.66
L52231,L,60.74,24.06,12.8,61.97,5,94.88,4.69,109.4,49.08,64.79
L52232,L,61.48,26.34,14.9,58.48,3,94.04,4.75,125.46,53.25,62.39
L52233,L,60.37,22.98,10.0,64.21,7,96.0,4.8,98.88,47.28,65.76
L52234,L,58.9,23.48,11.1,69.21,6,95.56,4.85,103.78,48.26,65.05
H34469,H,62.46,26.12,16.2,55.84,3,93.52,4.91,118.76,53.05,62.04
M19916,M,61.86,28.5,17.45,57.25,5,93.02,5.04,135.6,57.48,59.43
L52237,L,62.86,27.84,11.6,54.43,7,95.36,5.12,127.14,56.4,60.4
L52238,L,60.61,26.14,12.7,63.23,3,94.92,5.17,115.52,53.44,61.66
L52239,L,62.23,27.66,10.8,57.12,7,95.68,5.23,124.18,56.21,60.36
L52240,L,60.5,26.52,16.9,63.84,3,93.24,5.28,116.24,54.24,60.63
L52241,L,63.16,46.62,41.0,44.84,7,83.6,8.33,152.26,85.77,36.35
L52242,L,63.95,29.64,11.1,50.83,2,95.56,5.39,134.06,59.97,58.13
H34477,H,55.24,11.65,2.0,68.92,3,99.2,0.0,123.1,20.88,89.36
L52244,L,56.67,10.92,0.25,64.89,3,99.9,0.13,112.34,19.75,89.83
L52245,L,54.42,9.86,6.35,73.37,2,97.46,0.19,105.72,17.91,90.04
L52246,L,54.71,8.44,1.45,73.28,6,99.42,0.24,92.8,15.44,91.65
M19927,M,57.01,13.5,4.55,63.05,2,98.18,0.29,128.92,24.58,86.67
M19928,M,55.01,10.87,2.7,71.56,7,98.92,0.37,108.8,19.96,89.0
M19929,M,57.43,13.54,8.85,62.23,4,96.46,0.45,125.0,24.84,85.79
M19930,M,54.2,9.38,3.0,75.71,2,98.8,0.53,94.36,17.48,89.89
H34485,H,56.7,12.06,3.15,66.07,4,98.74,0.61,110.64,22.4,87.26
L52252,L,57.35,13.56,8.4,63.62,6,96.64,0.75,118.76,25.26,85.04
M19933,M,56.74,14.1,4.5,65.65,2,98.2,0.8,122.68,26.29,84.81
L52254,L,53.74,11.29,9.65,77.66,3,96.14,0.88,102.52,21.35,86.6
L52255,L,58.17,14.45,6.75,61.08,7,97.3,0.93,120.52,27.09,83.92
L52256,L,56.8,14.18,8.85,66.11,4,96.46,0.99,119.08,26.68,83.8
L52257,L,52.34,9.34,1.95,84.08,7,99.22,1.04,85.3,18.07,88.69
M19938,M,56.66,14.23,11.05,66.98,7,95.58,1.09,117.24,26.9,83.26
M19939,M,57.78,17.22,2.2,61.94,3,99.12,1.17,137.82,32.36,81.26
L52260,L,57.89,16.66,5.35,62.17,2,97.86,1.25,131.4,31.45,81.23
M19941,M,56.73,13.67,6.45,67.87,4,97.42,1.31,107.88,26.16,83.66
H34496,H,55.42,15.01,4.6,72.0,2,98.16,1.39,118.6,28.67,82.43
L52263,L,59.4,18.08,2.85,57.31,2,98.86,1.52,134.74,34.35,79.5
L52264,L,50.11,9.92,4.95,93.49,3,98.02,1.57,80.98,19.78,86.47
M19945,M,58.79,18.88,4.05,59.41,7,98.38,1.63,139.54,35.91,78.39
L52266,L,56.49,16.6,5.2,68.75,5,97.92,1.71,122.62,31.91,80.11
M19947,M,54.46,12.33,10.3,78.08,2,95.88,1.76,90.1,24.34,83.28
L52268,L,57.75,15.77,11.45,65.36,7,95.42,1.84,111.3,30.61,79.87
M19949,M,57.55,17.48,12.55,65.41,4,94.98,1.89,124.06,33.74,78.09
M19950,M,56.37,16.1,10.7,70.45,5,95.72,1.97,112.8,31.36,79.3
L52271,L,59.73,18.21,10.85,58.14,2,95.66,2.05,123.3,35.25,77.18
M19952,M,55.97,16.47,5.95,72.17,7,97.62,2.11,113.36,32.2,79.09
M19953,M,58.87,19.76,8.1,60.87,7,96.76,2.19,133.9,38.2,75.72
M19954,M,58.16,18.25,4.25,64.38,4,98.3,2.27,121.0,35.59,77.25
M19955,M,58.86,17.02,6.4,62.89,4,97.44,2.35,108.36,33.48,77.93
H34510,H,56.05,15.33,9.55,73.68,7,96.18,2.43,96.94,30.56,78.91
L52277,L,58.67,20.03,5.8,62.83,4,97.68,2.56,127.94,39.16,74.72
L52278,L,58.47,17.89,12.9,64.81,4,94.84,2.61,109.9,35.39,75.79
L52279,L,59.07,20.52,5.0,61.64,5,98.0,2.67,128.96,40.18,74.08
M19960,M,59.15,19.96,9.1,61.87,6,96.36,2.72,123.14,39.23,74.03
M19961,M,58.06,19.0,8.25,66.4,6,96.7,2.8,115.16,37.61,74.77
M19962,M,57.14,17.04,8.4,70.83,4,96.64,2.88,98.94,34.2,76.3
L52283,L,59.97,19.8,9.55,60.05,2,96.18,2.96,115.38,39.26,73.49
L52284,L,59.01,20.19,8.65,63.36,5,96.54,3.01,118.58,40.02,73.1
L52285,L,60.45,23.35,11.75,57.03,5,95.3,3.07,140.68,45.75,69.82
L52286,L,58.4,18.54,12.85,66.68,5,94.86,3.12,103.78,37.19,73.88
L52287,L,58.16,20.62,14.95,66.69,4,94.02,3.17,119.6,40.99,71.66
L52288,L,60.34,22.58,9.05,58.41,7,96.38,3.23,131.08,44.57,70.35
M19969,M,60.47,21.29,12.15,58.81,7,95.14,3.28,119.38,42.33,71.06
M19970,M,55.57,16.63,9.3,78.28,7,96.28,3.36,87.04,34.08,75.31
L52291,L,58.22,19.67,15.45,67.96,6,93.82,3.44,105.92,39.63,71.76
M19972,M,59.96,21.4,6.55,61.35,3,97.38,3.49,116.22,42.81,70.95
L52293,L,60.91,22.4,8.7,57.9,5,96.52,3.57,121.04,44.68,69.64
M19974,M,59.53,22.1,15.8,63.0,4,93.68,3.63,119.42,44.23,69.05
M19975,M,50.42,15.72,9.95,97.79,3,96.02,3.71,79.06,32.89,75.15
L52296,L,60.87,24.84,13.1,57.63,3,94.76,3.79,135.82,49.33,66.45
L52297,L,57.87,19.37,16.2,70.86,7,93.52,3.84,95.02,39.6,70.9
M19978,M,59.37,20.03,8.3,65.58,7,96.68,3.89,97.04,40.85,70.96
L52299,L,60.93,23.42,12.45,58.84,6,95.02,3.97,120.22,47.03,67.29
M19980,M,60.8,23.01,13.55,59.7,5,94.58,4.03,115.88,46.35,67.42
L52301,L,60.24,22.32,12.7,62.29,4,94.92,4.11,109.38,45.23,67.9
H34536,H,57.17,19.93,12.8,74.24,5,94.88,4.16,93.28,41.01,69.89
M19983,M,59.53,23.2,12.05,65.0,6,95.18,4.29,113.24,47.05,66.68
M19984,M,59.26,22.44,17.2,66.63,7,93.12,4.37,105.74,45.79,66.64
M19985,M,61.4,25.38,16.35,58.11,4,93.46,4.45,124.52,51.16,63.88
L52306,L,55.87,19.95,15.5,80.12,5,93.8,4.53,86.84,41.52,68.62
M19987,M,49.49,17.54,10.6,103.48,3,95.76,4.59,75.1,37.26,71.14
L52308,L,61.38,24.62,14.75,59.39,2,94.1,4.67,113.68,50.07,64.16
M19989,M,57.2,21.24,9.85,75.63,2,96.06,4.72,91.1,44.06,67.54
L52310,L,58.12,23.33,18.0,71.74,6,92.8,4.8,104.76,47.91,64.65
L52311,L,61.33,25.54,9.1,59.83,6,96.36,4.85,116.84,51.94,63.41
L52312,L,61.93,27.22,16.2,57.14,5,93.52,4.91,128.3,55.03,61.05
L52313,L,56.03,21.33,12.3,80.54,4,95.08,4.96,88.08,44.54,66.58
L52314,L,61.71,26.42,10.4,58.69,2,95.84,5.01,119.76,53.72,62.07
L52315,L,55.3,21.33,12.5,83.49,3,95.0,5.07,86.66,44.66,66.28
L52316,L,57.51,22.58,16.6,75.46,7,93.36,5.12,92.5,46.99,64.6
L52317,L,61.51,24.7,11.7,60.85,3,95.32,5.17,102.68,50.84,63.06
M19998,M,61.21,25.76,17.8,61.57,5,92.88,5.23,110.38,52.81,61.36
M19999,M,60.99,25.64,11.95,62.68,2,95.22,5.31,108.0,52.71,61.84
M20000,M,59.99,24.18,11.1,67.16,2,95.56,5.39,95.9,50.2,63.02
L52321,L,61.19,40.15,40.25,55.38,2,83.9,8.47,100.18,74.33,41.88
L52322,L,54.18,9.78,4.0,73.51,5,98.4,0.0,109.56,17.52,90.84
M20003,M,54.87,10.66,8.1,70.92,6,96.76,0.05,114.5,19.17,89.5
L52324,L,53.76,8.78,6.25,75.96,5,97.5,0.13,99.14,15.9,91.16
L52325,L,52.9,8.78,6.35,79.11,2,97.46,0.19,99.2,15.98,91.0
L52326,L,54.2,10.44,5.45,74.03,4,97.82,0.24,109.5,19.03,89.46
L52327,L,54.49,10.48,2.55,73.21,4,98.98,0.29,108.18,19.16,89.58
L52328,L,55.46,11.82,4.65,69.44,3,98.14,0.35,116.34,21.62,88.03
L52329,L,56.32,11.58,2.75,66.81,4,98.9,0.4,112.04,21.26,88.3
L52330,L,54.37,8.81,0.85,75.1,7,99.66,0.45,91.4,16.37,90.82
L52331,L,57.06,15.52,9.95,62.69,7,96.02,0.51,140.18,28.46,83.76
L52332,L,39.17,4.85,1.05,129.72,7,99.58,0.56,78.26,9.41,94.07
L52333,L,53.76,9.76,3.15,77.32,4,98.74,0.61,96.28,18.28,89.32
L52334,L,54.93,11.4,7.25,72.7,6,97.1,0.67,106.56,21.28,87.3
H34569,H,54.16,11.48,3.35,75.51,3,98.66,0.72,107.1,21.5,87.47
L52336,L,56.39,12.91,3.6,67.64,3,98.56,0.85,112.44,24.22,85.82
H34571,H,57.69,15.12,6.7,62.29,7,97.32,0.91,127.14,28.25,83.39
L52338,L,56.94,15.7,1.95,65.1,4,99.22,1.04,129.78,29.45,83.0
L52339,L,56.54,14.28,10.05,67.36,7,95.98,1.09,117.8,26.99,83.32
L52340,L,57.42,15.96,6.15,63.72,7,97.54,1.15,128.88,30.07,82.06
M20021,M,48.84,8.32,10.25,97.24,2,95.9,1.2,78.36,16.45,88.35
L52342,L,57.13,15.32,3.4,65.54,5,98.64,1.28,121.08,29.08,82.56
M20023,M,53.57,9.88,10.5,80.71,7,95.8,1.33,81.26,19.39,86.59
M20024,M,54.95,12.26,2.65,75.07,4,98.94,1.41,96.68,23.78,85.02
L52345,L,58.0,15.33,5.8,63.38,4,97.68,1.49,115.22,29.38,81.75
H34580,H,56.24,14.99,8.9,69.8,7,96.44,1.55,113.72,28.83,81.6
L52347,L,55.04,13.22,8.15,75.34,7,96.74,1.68,98.18,25.82,82.91
H34582,H,54.27,12.6,6.25,78.5,4,97.5,1.73,93.12,24.79,83.51
L52349,L,57.71,15.58,8.5,65.71,2,96.6,1.87,109.2,30.29,80.27
M20030,M,57.62,15.36,12.6,66.32,3,94.96,1.92,106.4,29.97,79.91
M20031,M,59.91,19.62,11.75,56.64,2,95.3,2.0,135.58,37.72,75.97
L52352,L,54.02,13.29,9.9,80.36,7,96.04,2.08,91.2,26.47,81.62
M20033,M,54.09,13.42,9.0,80.24,7,96.4,2.13,90.98,26.77,81.45
M20034,M,59.26,18.59,8.15,60.2,7,96.74,2.21,123.4,36.13,76.69
L52355,L,54.26,12.8,10.3,80.6,4,95.88,2.29,82.2,25.87,81.45
M20036,M,52.8,13.82,8.4,85.29,5,96.64,2.35,91.08,27.75,80.59
H34591,H,59.53,20.58,5.55,59.11,4,97.78,2.43,134.16,39.97,74.61
H34592,H,57.8,18.45,12.8,66.62,4,94.88,2.56,116.54,36.33,75.43
M20039,M,58.93,18.78,7.05,63.11,5,97.18,2.69,114.6,37.09,75.37
L52360,L,57.07,18.0,10.2,70.2,4,95.92,2.77,109.08,35.78,75.54
L52361,L,55.15,15.66,11.3,78.17,4,95.48,2.83,91.8,31.65,77.39
L52362,L,57.16,16.62,10.4,70.99,5,95.84,2.88,95.52,33.44,76.48
M20043,M,52.63,14.42,10.5,87.84,5,95.8,2.93,83.02,29.58,78.29
L52364,L,60.06,19.64,14.65,60.03,3,94.14,3.01,112.74,39.03,72.99
L52365,L,51.17,14.48,5.75,93.36,7,97.7,3.07,82.44,29.84,78.37
L52366,L,46.25,13.11,10.85,111.15,2,95.66,3.12,77.08,27.46,78.94
L52367,L,56.59,18.44,8.95,73.18,3,96.42,3.17,104.36,37.09,74.21
L52368,L,56.88,17.33,8.05,72.94,4,96.78,3.23,93.84,35.16,75.16
M20049,M,59.92,21.56,13.15,60.57,6,94.74,3.28,122.34,42.82,70.71
L52370,L,59.65,22.08,11.3,61.56,6,95.48,3.36,125.04,43.85,70.23
L52371,L,60.23,21.74,11.4,59.93,5,95.44,3.41,120.32,43.31,70.38
L52372,L,61.83,26.12,13.5,52.44,4,94.6,3.47,152.0,51.23,66.1
H34607,H,60.47,20.51,7.6,60.15,3,96.96,3.52,107.76,41.24,71.58
M20054,M,56.83,19.56,7.85,73.62,5,96.86,3.65,102.16,39.7,72.06
L52375,L,58.63,20.4,9.0,67.35,6,96.4,3.73,104.62,41.31,70.98
H34610,H,59.18,20.36,13.1,65.67,3,94.76,3.79,102.34,41.31,70.46
H34611,H,58.56,20.71,15.35,68.14,4,93.86,3.92,103.0,42.1,69.57
L52378,L,60.78,25.48,15.6,58.66,5,93.76,4.05,135.16,50.83,64.92
L52379,L,59.75,22.32,14.7,63.99,5,94.12,4.11,110.06,45.23,67.7
L52380,L,61.07,27.16,10.8,57.22,7,95.68,4.16,145.72,53.96,63.62
M20061,M,61.42,24.46,13.9,57.57,4,94.44,4.21,122.52,49.21,65.58
L52382,L,62.4,25.66,10.05,53.92,2,95.98,4.29,128.9,51.44,64.69
M20063,M,57.57,20.66,15.15,73.22,2,93.94,4.35,94.42,42.57,68.51
L52384,L,53.03,18.88,11.3,90.01,6,95.48,4.43,84.58,39.47,70.28
L52385,L,60.67,24.26,11.4,61.27,5,95.44,4.48,115.96,49.19,65.31
H34620,H,57.2,20.5,13.5,75.3,3,94.6,4.53,89.42,42.51,68.33
M20067,M,60.59,24.32,12.75,62.24,5,94.9,4.67,112.36,49.53,64.63
L52388,L,58.12,21.56,11.9,72.42,2,95.24,4.75,91.88,44.69,66.97
M20069,M,60.47,24.02,14.0,63.34,5,94.4,4.8,107.14,49.16,64.42
L52390,L,61.15,25.26,13.15,60.67,4,94.74,4.88,114.32,51.49,63.18
L52391,L,61.69,28.2,17.25,57.55,4,93.1,4.93,135.86,56.82,60.0
L52392,L,62.28,26.38,11.35,56.66,4,95.46,4.99,119.34,53.63,62.08
M20073,M,61.87,25.94,13.45,58.48,3,94.62,5.04,115.18,52.91,62.12
L52394,L,59.88,24.66,9.6,66.27,3,96.16,5.12,105.84,50.71,63.45
M20075,M,60.52,26.2,9.7,63.5,7,96.12,5.17,116.04,53.53,61.92
M20076,M,63.76,28.71,13.85,51.44,5,94.46,5.25,129.92,58.14,59.04
M20077,M,62.33,27.98,14.0,57.01,4,94.4,5.33,124.2,56.92,59.47
L52398,L,59.96,25.54,16.15,66.68,3,93.54,5.41,106.18,52.66,61.23
L52399,L,63.28,46.38,48.25,45.06,3,80.7,8.47,147.1,85.49,35.5
L52400,L,59.44,24.78,17.35,69.26,3,93.06,5.52,98.46,51.44,61.5
L52401,L,59.61,24.57,10.45,69.02,6,95.82,5.57,95.32,51.12,62.25
L52402,L,52.77,7.4,7.0,79.55,7,97.2,0.0,92.5,13.26,92.67
M20083,M,57.41,11.96,4.1,61.52,7,98.36,0.05,121.4,21.5,88.73
L52404,L,54.01,8.38,9.25,75.31,5,96.3,0.13,95.6,15.18,91.22
M20085,M,56.3,14.04,1.35,64.83,3,99.46,0.19,136.54,25.39,86.79
L52406,L,56.88,12.88,5.5,63.71,2,97.8,0.27,124.66,23.42,87.21
L52407,L,56.4,11.24,6.6,66.38,2,97.36,0.32,111.0,20.54,88.43
M20088,M,57.87,16.47,3.7,58.92,3,98.52,0.37,149.66,30.0,83.89
H34643,H,51.46,8.04,6.85,85.48,5,97.26,0.45,89.2,14.98,90.92
M20090,M,46.85,6.41,1.1,102.64,5,99.56,0.59,79.54,12.24,92.6
L52411,L,56.53,12.55,7.25,66.62,3,97.1,0.67,113.56,23.34,86.27
L52412,L,57.71,16.61,3.35,60.74,6,98.66,0.72,143.22,30.69,82.88
L52413,L,56.77,13.64,1.45,65.68,6,99.42,0.77,119.6,25.44,85.59
L52414,L,56.67,15.0,10.55,65.55,7,95.78,0.83,129.42,27.95,83.32
M20095,M,56.0,12.89,9.65,69.1,6,96.14,0.88,112.22,24.22,85.16
L52416,L,57.79,14.23,8.8,62.58,2,96.48,0.96,118.68,26.73,83.84
L52417,L,56.32,13.61,10.9,68.14,5,95.64,1.01,114.58,25.69,84.04
L52418,L,56.99,14.23,9.0,65.74,2,96.4,1.07,117.34,26.85,83.54
L52419,L,52.75,10.61,10.1,82.34,5,95.96,1.12,93.06,20.44,86.53
L52420,L,53.67,10.52,5.2,79.44,6,97.92,1.17,89.88,20.35,86.96
L52421,L,53.89,10.78,9.3,78.76,7,96.28,1.23,90.46,20.88,86.18
L52422,L,56.67,15.69,2.4,66.96,7,99.04,1.28,124.72,29.75,82.33
L52423,L,53.45,12.7,8.5,79.7,3,96.6,1.33,104.02,24.46,84.25
L52424,L,55.38,12.06,6.6,73.62,2,97.36,1.39,95.06,23.38,84.88
L52425,L,55.7,13.9,11.7,71.8,5,95.32,1.44,108.1,26.74,82.58
L52426,L,57.36,14.73,6.8,65.89,6,97.28,1.49,111.3,28.3,82.18
L52427,L,58.29,14.22,10.9,63.14,2,95.64,1.55,104.7,27.45,82.09
M20108,M,51.12,10.2,3.0,90.0,2,98.8,1.6,81.24,20.32,86.34
M20109,M,58.19,15.02,5.15,63.59,5,97.94,1.68,108.24,29.05,81.6
L52430,L,59.59,18.5,3.3,57.35,2,98.68,1.76,132.44,35.41,78.45
M20111,M,60.02,19.02,4.4,55.84,6,98.24,1.81,134.74,36.39,77.74
L52432,L,59.89,20.56,5.55,55.82,3,97.78,1.89,145.44,39.25,76.03
L52433,L,56.67,15.92,10.65,69.39,2,95.74,1.95,111.54,31.0,79.54
L52434,L,51.64,11.9,5.75,88.9,4,97.7,2.0,85.14,23.87,83.49
M20115,M,58.89,19.13,12.85,60.58,4,94.86,2.05,131.86,36.91,76.15
L52436,L,59.13,19.3,7.0,60.0,4,97.2,2.13,131.06,37.31,76.38
L52437,L,57.89,16.19,12.1,66.01,7,95.16,2.19,106.64,31.79,78.52
M20118,M,56.64,17.9,8.2,69.65,5,96.72,2.24,120.84,34.92,77.24
L52439,L,57.14,16.18,6.35,69.11,2,97.46,2.32,104.68,31.96,78.75
M20120,M,57.96,18.64,11.45,65.28,6,95.42,2.37,122.04,36.44,75.89
L52441,L,57.74,16.31,13.6,67.5,2,94.56,2.45,101.86,32.35,77.56
L52442,L,58.73,18.5,11.7,63.2,6,95.32,2.51,116.78,36.34,75.65
L52443,L,52.56,13.26,6.8,87.22,6,97.28,2.56,82.14,27.01,80.69
L52444,L,59.91,21.19,8.9,58.2,2,96.44,2.61,134.32,41.3,73.23
M20125,M,52.6,13.82,14.0,87.24,6,94.4,2.67,84.26,28.17,79.18
M20126,M,58.0,17.92,10.15,66.94,3,95.94,2.75,107.76,35.6,75.69
M20127,M,59.25,19.18,5.3,62.31,6,97.88,2.83,114.36,37.97,74.83
L52448,L,60.05,22.24,8.45,58.33,3,96.62,2.91,135.98,43.57,71.56
L52449,L,58.44,20.08,12.55,65.16,4,94.98,2.96,119.68,39.75,72.95
L52450,L,61.83,25.14,10.65,51.18,6,95.74,3.01,154.3,48.89,68.46
L52451,L,58.12,19.12,10.75,67.14,7,95.7,3.07,110.08,38.18,73.7
M20132,M,60.19,18.91,9.85,60.34,5,96.06,3.12,104.32,37.86,73.84
L52453,L,60.3,20.62,11.0,59.44,2,95.6,3.2,116.1,41.04,71.98
L52454,L,57.13,17.48,11.1,72.11,6,95.56,3.25,94.14,35.48,74.65
L52455,L,60.01,20.22,13.2,61.04,3,94.72,3.31,110.86,40.45,71.84
L52456,L,57.41,18.58,14.3,71.01,5,94.28,3.36,100.12,37.57,73.06
L52457,L,58.99,21.24,12.4,64.43,6,95.04,3.41,118.02,42.41,70.73
M20138,M,57.35,18.0,10.5,71.9,6,95.8,3.47,93.16,36.67,73.68
L52459,L,58.84,19.59,13.65,66.3,3,94.54,3.55,102.04,39.62,71.73
L52460,L,59.51,21.15,6.75,63.42,7,97.3,3.6,112.4,42.49,70.88
M20141,M,59.73,20.94,14.85,62.98,7,94.06,3.65,109.18,42.17,70.12
H34696,H,61.1,24.3,8.0,56.9,5,96.8,3.73,132.42,48.3,67.58
L52463,L,59.16,22.08,14.25,65.21,2,94.3,3.87,114.3,44.48,68.6
M20144,M,56.2,19.16,7.35,77.02,5,97.06,3.92,93.84,39.33,71.76
L52465,L,59.33,21.95,16.5,65.18,3,93.4,4.0,110.06,44.43,68.14
L52466,L,60.86,22.76,11.6,59.72,7,95.36,4.05,113.24,45.95,67.76
H34701,H,59.7,24.04,14.7,63.28,7,94.12,4.11,123.92,48.32,66.16
L52468,L,59.49,22.57,13.95,65.26,4,94.42,4.24,109.42,45.84,67.2
M20149,M,59.9,21.46,12.05,64.62,7,95.18,4.29,98.74,43.91,68.25
L52470,L,59.71,23.3,8.2,64.65,4,96.72,4.37,111.92,47.31,66.78
L52471,L,61.52,26.3,15.3,57.15,3,93.88,4.43,132.32,52.78,63.23
M20152,M,59.23,22.19,12.4,67.26,3,95.04,4.48,101.34,45.47,67.07
M20153,M,60.82,25.96,14.55,60.22,7,94.18,4.56,127.48,52.32,63.27
L52474,L,61.23,26.04,12.7,59.08,2,94.92,4.64,125.84,52.58,63.16
L52475,L,62.84,26.03,11.8,53.78,7,95.28,4.69,122.32,52.62,63.12
H34710,H,62.27,26.79,13.9,55.56,5,94.44,4.75,127.98,54.05,62.09
L52477,L,62.03,26.79,18.15,56.9,6,92.74,4.88,125.32,54.22,61.31
M20158,M,51.55,19.33,17.25,96.84,5,93.1,4.93,78.8,40.91,67.95
L52479,L,62.92,27.32,10.4,54.09,3,95.84,5.01,125.3,55.33,61.27
M20160,M,57.81,21.83,12.5,74.59,3,95.0,5.07,87.2,45.56,65.84
L52481,L,63.74,29.39,11.65,50.76,4,95.34,5.15,137.78,59.22,58.93
L52482,L,61.15,24.9,10.75,62.1,2,95.7,5.2,104.22,51.24,62.9
L52483,L,61.36,26.78,10.85,60.66,7,95.66,5.25,117.82,54.69,61.06
L52484,L,62.23,28.24,9.95,57.13,7,96.02,5.31,127.1,57.37,59.71
H34719,H,58.58,23.36,12.05,72.32,2,95.18,5.36,91.8,48.68,63.74
H34720,H,59.72,24.4,13.3,68.4,5,94.68,5.49,95.64,50.73,62.32
L52487,L,61.06,25.58,14.55,63.71,4,94.18,5.63,100.2,53.0,60.79
L52488,L,61.84,27.69,12.65,60.2,7,94.94,5.68,114.82,56.85,58.95
M20169,M,62.75,44.2,41.75,49.0,4,83.3,8.73,124.44,81.93,37.39
L52490,L,56.23,10.75,5.0,65.97,4,98.0,0.0,114.54,19.27,89.87
H34725,H,55.81,12.61,7.1,66.69,5,97.16,0.05,128.8,22.67,87.85
L52492,L,49.95,6.44,5.35,90.43,6,97.86,0.19,84.46,11.77,93.21
M20173,M,54.48,8.87,4.45,73.86,5,98.22,0.24,96.52,16.2,90.97
L52494,L,52.6,8.66,2.6,80.72,7,98.96,0.32,95.62,15.93,91.14
L52495,L,52.53,7.92,7.7,81.54,7,96.92,0.37,88.6,14.67,91.15
M20176,M,52.9,9.56,6.8,79.67,2,97.28,0.43,99.98,17.67,89.63
L52497,L,53.75,9.74,2.95,76.98,2,98.82,0.51,98.54,18.11,89.64
L52498,L,55.86,11.43,1.05,69.08,6,99.58,0.56,107.92,21.2,88.18
M20179,M,57.28,13.59,4.15,63.3,7,98.34,0.61,122.04,25.14,85.79
L52500,L,57.94,13.46,5.3,61.42,5,97.88,0.69,118.26,25.0,85.58
M20181,M,54.9,14.72,2.4,71.44,5,99.04,0.75,131.32,27.32,84.6
M20182,M,58.18,16.3,9.55,59.7,5,96.18,0.83,137.74,30.28,82.25
M20183,M,57.66,14.82,4.7,62.54,2,98.12,0.91,124.78,27.72,83.86
M20184,M,55.9,10.66,9.85,70.97,7,96.06,0.99,92.12,20.36,86.86
L52505,L,53.55,10.02,2.0,79.69,2,99.2,1.07,88.48,19.32,88.0
M20186,M,57.59,15.64,8.1,63.18,2,96.76,1.12,126.6,29.45,82.23
M20187,M,47.55,7.78,8.25,101.91,3,96.7,1.2,75.72,15.46,89.04
M20188,M,57.98,14.32,10.4,63.14,7,95.84,1.28,111.92,27.29,82.76
L52509,L,57.34,15.46,11.55,65.07,7,95.38,1.36,120.12,29.43,81.41
L52510,L,55.48,12.22,6.65,73.29,5,97.34,1.41,95.56,23.69,84.66
L52511,L,57.58,15.52,8.75,64.64,5,96.5,1.47,117.96,29.69,81.35
H34746,H,58.29,16.11,9.85,62.1,4,96.06,1.52,120.46,30.81,80.57
M20193,M,58.41,17.86,3.1,61.32,7,98.76,1.65,131.3,34.11,79.33
M20194,M,39.57,22.65,37.25,123.98,7,85.1,4.73,73.72,38.22,67.7
M20195,M,57.14,15.16,7.4,67.67,4,97.04,1.81,107.9,29.49,80.89
L52516,L,54.93,14.1,11.55,76.1,3,95.38,1.89,100.66,27.69,81.21
M20197,M,57.62,16.94,10.65,65.63,3,95.74,1.95,118.44,32.84,78.62
M20198,M,54.92,14.26,5.8,76.57,7,97.68,2.03,98.88,28.13,81.3
M20199,M,56.17,14.52,9.95,72.44,6,96.02,2.11,97.48,28.7,80.44
L52520,L,59.19,18.88,8.1,60.21,7,96.76,2.19,126.46,36.63,76.5
H34755,H,59.09,20.67,13.2,59.86,3,94.72,2.24,139.68,39.9,74.25
M20202,M,59.66,18.55,11.45,59.48,6,95.42,2.37,118.9,36.26,75.98
L52523,L,56.37,16.96,7.6,71.87,4,96.96,2.45,108.94,33.52,77.57
L52524,L,60.03,20.22,12.7,57.89,7,94.92,2.51,128.8,39.43,74.0
L52525,L,57.7,17.53,8.8,67.44,4,96.48,2.56,109.28,34.68,76.66
L52526,L,57.61,16.72,8.9,68.34,5,96.44,2.61,101.68,33.28,77.24
L52527,L,61.63,23.95,13.0,51.12,3,94.8,2.67,152.84,46.32,70.21
L52528,L,56.44,16.81,12.1,72.74,2,95.16,2.72,101.66,33.59,76.56
M20209,M,56.22,16.72,11.2,73.74,6,95.52,2.77,100.04,33.49,76.59
M20210,M,56.6,17.34,13.35,72.43,4,94.66,2.85,102.64,34.7,75.61
M20211,M,58.03,17.42,8.5,67.79,3,96.6,2.93,99.6,34.96,75.8
M20212,M,57.25,18.12,5.65,70.44,2,97.74,3.01,104.4,36.3,75.26
L52533,L,57.35,17.78,8.8,70.56,5,96.48,3.09,99.78,35.8,75.03
L52534,L,59.26,18.81,6.9,63.69,6,97.24,3.15,104.24,37.72,74.15
H34769,H,61.27,22.05,7.0,55.38,4,97.2,3.2,126.16,43.59,71.1
H34770,H,56.12,17.25,14.25,75.97,2,94.3,3.33,91.84,35.16,74.33
L52537,L,52.26,15.55,10.5,90.62,3,95.8,3.47,80.56,32.28,75.88
H34772,H,54.37,16.61,9.6,83.04,4,96.16,3.52,84.94,34.25,74.88
M20219,M,60.78,22.74,14.85,58.48,7,94.06,3.65,122.14,45.39,68.51
L52540,L,59.91,22.2,12.0,62.05,6,95.2,3.73,117.26,44.54,69.06
L52541,L,57.35,19.04,13.1,72.63,7,94.76,3.79,94.26,38.93,71.65
L52542,L,62.68,25.77,14.2,51.16,2,94.32,3.84,139.62,51.07,65.36
L52543,L,59.29,21.66,11.3,65.07,3,95.48,3.89,110.16,43.76,69.2
L52544,L,58.14,20.66,14.4,69.72,7,94.24,3.95,102.62,42.06,69.64
L52545,L,58.97,21.1,16.5,66.85,3,93.4,4.0,103.76,42.9,68.9
H34780,H,61.13,22.31,8.6,59.04,2,96.56,4.05,109.28,45.14,68.46
M20227,M,56.01,19.24,11.85,78.68,4,95.26,4.19,88.72,39.8,70.54
M20228,M,57.54,20.3,16.0,73.2,5,93.6,4.27,93.34,41.81,68.96
H34783,H,59.96,22.52,10.15,64.09,6,95.94,4.35,105.94,45.88,67.35
H34784,H,58.36,22.72,10.4,69.99,7,95.84,4.48,106.74,46.41,66.8
L52551,L,61.3,25.76,8.65,58.87,4,96.54,4.61,124.1,52.05,63.89
H34786,H,60.29,25.7,17.75,62.6,2,92.9,4.67,123.78,52.0,62.89
M20233,M,56.07,20.65,9.0,80.12,5,96.4,4.8,86.18,43.11,67.94
L52554,L,60.44,24.84,10.15,63.33,3,95.94,4.88,111.9,50.73,63.86
L52555,L,60.28,23.52,11.25,64.74,6,95.5,4.93,100.4,48.44,64.79
H34790,H,63.17,29.34,16.35,52.13,3,93.46,4.99,141.72,58.92,58.93
L52557,L,53.22,20.13,11.6,91.43,7,95.36,5.12,78.8,42.6,67.3
L52558,L,60.26,24.74,11.7,65.13,2,95.32,5.17,104.8,50.93,63.02
L52559,L,61.83,26.1,17.8,59.25,3,92.88,5.23,112.32,53.43,61.05
L52560,L,61.2,25.22,16.9,62.09,7,93.24,5.28,104.88,51.91,61.8
L52561,L,58.97,22.75,10.0,71.18,3,96.0,5.33,87.02,47.56,64.55
L52562,L,58.35,24.61,17.1,72.6,2,93.16,5.39,101.56,50.96,62.04
L52563,L,61.23,26.4,11.2,62.0,3,95.52,5.44,110.68,54.23,60.89
M20244,M,62.5,27.98,17.3,57.06,6,93.08,5.49,120.42,57.13,58.72
H34799,H,57.74,23.44,15.45,75.98,3,93.82,5.57,88.88,49.11,62.75
L52566,L,62.04,27.62,18.7,59.64,7,92.52,5.71,113.38,56.76,58.34
L52567,L,62.62,29.78,11.8,56.76,6,95.28,5.76,128.66,60.7,56.95
M20248,M,62.7,29.69,15.9,56.76,7,93.64,5.81,126.64,60.61,56.48
L52569,L,63.75,29.96,18.05,53.32,2,92.78,5.89,125.52,61.18,55.82
H34804,H,62.11,29.64,15.15,59.33,6,93.94,5.95,124.06,60.69,56.25
L52571,L,60.96,26.84,15.4,65.18,7,93.84,6.08,100.24,55.84,58.38
L52572,L,62.35,28.45,17.5,59.82,5,93.0,6.13,110.02,58.79,56.59
L52573,L,62.52,29.21,13.6,59.04,4,94.56,6.19,114.66,60.22,56.16
M20254,M,65.65,51.34,48.7,37.43,7,80.52,9.24,166.24,95.38,28.96
L52575,L,61.86,28.16,13.85,62.37,6,94.46,6.32,104.18,58.51,56.72
L52576,L,62.0,29.04,17.95,61.63,6,92.82,6.37,109.86,60.16,55.38
M20257,M,63.62,29.96,14.05,55.82,5,94.38,6.43,113.72,61.86,54.81
L52578,L,56.33,25.49,14.2,83.4,3,94.32,6.51,86.26,53.97,58.58
H34813,H,63.84,48.13,50.3,46.48,5,79.88,9.56,135.82,90.02,30.84
L52580,L,63.03,46.66,44.55,50.52,7,82.18,9.69,122.14,87.55,32.38
M20261,M,63.43,48.94,45.65,48.23,2,81.74,9.75,138.68,91.71,30.08
L52582,L,56.32,12.12,4.0,64.99,6,98.4,0.0,125.42,21.73,88.73
L52583,L,50.02,6.51,3.1,89.65,2,98.76,0.05,87.96,11.74,93.72
H34818,H,56.42,11.84,4.2,65.18,4,98.32,0.11,120.64,21.37,88.68
L52585,L,56.25,12.9,6.45,65.75,6,97.42,0.24,126.28,23.42,87.17
L52586,L,57.54,12.83,1.55,61.58,7,99.38,0.29,122.8,23.37,87.57
L52587,L,48.95,7.24,3.65,94.08,5,98.54,0.35,88.68,13.42,92.23
L52588,L,53.76,9.45,7.75,76.68,4,96.9,0.4,98.56,17.45,89.7
L52589,L,56.65,12.41,7.85,65.45,4,96.86,0.45,117.06,22.82,86.9
M20270,M,56.95,14.4,6.95,63.65,2,97.22,0.51,131.34,26.45,85.07
L52591,L,56.38,11.61,5.1,67.29,6,97.96,0.59,108.04,21.56,87.54
L52592,L,58.39,16.9,9.2,57.95,3,96.32,0.64,146.36,31.1,82.25
H34827,H,55.56,11.18,6.3,70.76,7,97.48,0.69,103.34,20.92,87.52
L52594,L,55.6,11.06,4.55,71.17,2,98.18,0.83,99.28,20.87,87.46
M20275,M,57.47,15.22,8.65,62.89,3,96.54,0.88,128.8,28.39,83.18
L52596,L,53.92,10.46,3.8,77.77,6,98.48,0.96,93.8,19.96,87.72
L52597,L,57.97,14.49,8.9,62.06,2,96.44,1.01,119.32,27.26,83.45
L52598,L,57.85,13.6,5.0,63.1,6,98.0,1.07,111.16,25.73,84.5
L52599,L,59.03,16.71,2.1,57.69,6,99.16,1.12,133.22,31.37,81.86
L52600,L,56.31,12.07,5.2,69.56,7,97.92,1.17,98.64,23.13,85.57
M20281,M,55.59,12.83,4.3,71.88,2,98.28,1.23,104.52,24.56,84.84
M20282,M,57.77,15.04,10.45,63.58,4,95.82,1.31,117.44,28.63,82.03
L52603,L,54.59,12.11,3.6,76.29,2,98.56,1.39,96.54,23.47,85.13
L52604,L,58.58,15.7,2.7,61.0,3,98.92,1.44,118.54,29.96,81.87
L52605,L,52.85,11.46,2.8,83.02,7,98.88,1.49,91.3,22.43,85.52
L52606,L,56.12,15.14,9.9,70.13,5,96.04,1.55,115.08,29.1,81.37
L52607,L,58.09,17.77,4.0,62.26,3,98.4,1.6,132.26,33.89,79.45
L52608,L,57.71,16.78,7.1,64.26,2,97.16,1.65,123.66,32.19,79.89
L52609,L,55.78,13.72,9.2,72.64,5,96.32,1.71,100.6,26.76,82.29
L52610,L,54.33,12.38,4.3,78.51,7,98.28,1.76,90.68,24.43,83.84
L52611,L,57.76,16.29,6.4,64.96,7,97.44,1.81,116.04,31.5,79.98
L52612,L,58.84,17.15,12.5,61.02,2,95.0,1.87,120.24,33.11,78.46
L52613,L,56.6,17.13,12.6,68.93,6,94.96,1.92,122.0,33.15,78.32
L52614,L,55.51,13.52,6.7,74.69,6,97.32,1.97,93.38,26.74,82.01
M20295,M,57.1,16.6,12.8,67.9,7,94.88,2.03,114.68,32.34,78.5
M20296,M,54.93,14.04,6.95,76.93,4,97.22,2.11,95.38,27.85,81.17
M20297,M,59.17,18.16,12.1,60.62,2,95.16,2.19,120.68,35.33,76.75
L52618,L,55.06,14.82,13.25,76.74,5,94.7,2.27,97.86,29.45,79.41
L52619,L,55.95,14.58,9.35,74.01,5,96.26,2.32,93.52,29.09,79.88
H34854,H,54.96,14.62,13.45,77.59,7,94.62,2.37,93.96,29.22,79.3
M20301,M,59.56,18.24,5.7,60.48,4,97.72,2.51,113.64,35.89,76.47
L52622,L,60.22,20.71,7.85,57.3,2,96.86,2.59,130.66,40.41,73.84
M20303,M,59.22,19.62,8.95,61.49,4,96.42,2.64,122.12,38.52,74.56
L52624,L,50.6,13.14,6.1,94.63,7,97.56,2.72,80.28,27.0,80.45
M20305,M,56.14,16.34,13.2,74.23,6,94.72,2.77,97.16,32.82,76.72
L52626,L,58.22,18.58,8.35,66.26,7,96.66,2.85,110.42,36.94,74.99
L52627,L,58.95,19.74,13.45,63.38,3,94.62,2.91,117.5,39.09,73.3
L52628,L,57.76,19.33,13.55,67.88,5,94.58,2.96,114.62,38.41,73.52
L52629,L,46.5,12.82,7.65,110.04,4,96.94,3.01,76.78,26.8,79.81
H34864,H,59.56,19.68,10.75,61.91,7,95.7,3.07,112.5,39.16,73.21
L52631,L,60.79,21.8,14.0,57.15,4,94.4,3.2,124.82,43.14,70.63
M20312,M,58.06,18.71,15.1,68.3,7,93.96,3.25,102.66,37.67,73.15
L52633,L,59.63,20.52,12.25,62.29,7,95.1,3.33,113.22,41.03,71.6
L52634,L,59.55,20.21,6.35,62.94,2,97.46,3.39,109.62,40.53,72.33
M20315,M,53.29,16.2,9.45,86.65,2,96.22,3.44,84.9,33.4,75.47
M20316,M,58.15,18.78,15.6,68.96,2,93.76,3.52,97.14,38.14,72.33
M20317,M,57.73,19.23,14.75,70.49,3,94.1,3.6,99.44,39.04,71.81
L52638,L,59.11,21.56,6.9,64.92,3,97.24,3.68,114.48,43.33,70.28
L52639,L,60.05,23.48,9.0,60.91,2,96.4,3.73,127.26,46.82,68.22
M20320,M,59.05,20.38,16.1,66.11,7,93.56,3.79,102.72,41.35,70.14
M20321,M,61.86,24.62,10.25,54.64,7,95.9,3.87,130.98,49.05,66.72
L52642,L,53.95,17.54,7.4,85.68,4,97.04,3.95,83.38,36.46,73.14
L52643,L,58.78,20.7,7.5,67.7,3,97.0,4.0,100.82,42.19,70.16
M20324,M,57.42,20.44,9.6,72.73,2,96.16,4.05,99.38,41.78,70.04
L52645,L,60.92,24.78,16.75,58.81,6,93.3,4.13,127.48,49.66,65.23
M20326,M,60.96,23.74,10.85,59.43,2,95.66,4.19,117.92,47.86,66.61
L52647,L,61.67,25.65,13.0,56.32,4,94.8,4.27,130.46,51.4,64.47
L52648,L,56.19,20.44,12.1,77.98,6,95.16,4.32,95.08,42.12,69.09
M20329,M,60.98,23.74,13.2,60.08,6,94.72,4.37,113.78,48.12,65.87
M20330,M,58.94,22.24,13.35,68.13,7,94.66,4.45,102.7,45.52,67.0
L52651,L,62.51,28.9,10.5,52.85,5,95.8,4.53,149.32,57.56,61.1
L52652,L,61.99,28.21,14.6,55.19,7,94.16,4.59,143.32,56.39,61.17
L52653,L,62.3,26.87,8.7,55.02,7,96.52,4.64,130.98,54.06,62.82
M20334,M,62.22,25.8,14.8,56.0,3,94.08,4.69,121.36,52.22,63.02
L52655,L,62.93,26.02,16.95,53.79,7,93.22,4.77,120.32,52.71,62.41
M20336,M,61.4,24.98,13.05,59.76,7,94.78,4.83,112.9,50.91,63.59
L52657,L,56.86,21.34,9.2,77.48,3,96.32,4.91,88.26,44.5,67.02
L52658,L,59.13,23.4,13.3,68.85,4,94.68,4.96,100.42,48.26,64.62
M20339,M,59.88,23.06,14.4,66.67,2,94.24,5.01,95.48,47.71,64.68
H34894,H,61.22,24.28,14.55,61.76,6,94.18,5.09,101.56,49.99,63.36
L52661,L,56.96,22.8,15.8,77.65,2,93.68,5.23,92.62,47.52,64.21
L52662,L,57.01,22.54,17.9,77.83,3,92.84,5.28,89.24,47.11,64.09
M20343,M,53.89,21.48,12.0,89.26,6,95.2,5.33,83.8,45.27,65.5
M20344,M,56.51,22.56,12.15,80.02,2,95.14,5.41,87.12,47.33,64.29
L52665,L,63.62,29.23,10.3,52.58,3,95.88,5.49,128.88,59.38,58.3
L52666,L,61.12,27.39,14.4,62.3,7,94.24,5.55,116.4,56.14,59.39
M20347,M,59.85,26.78,15.5,67.16,3,93.8,5.6,112.02,55.11,59.69
L52668,L,62.29,45.06,48.65,49.97,4,80.54,8.68,133.2,83.41,36.07
L52669,L,61.63,25.95,15.75,61.98,7,93.7,5.73,99.98,53.8,60.06
L52670,L,58.25,32.12,35.0,48.34,4,86.0,3.0,162.76,53.0,64.0
M20351,M,57.41,14.81,1.1,60.1,2,99.56,0.05,144.2,26.61,86.48
M20352,M,57.73,13.12,1.25,60.14,2,99.5,0.13,128.48,23.69,87.76
L52673,L,57.21,14.92,0.4,61.34,7,99.84,0.21,141.72,27.0,86.03
L52674,L,57.39,13.18,3.5,61.81,5,98.6,0.27,126.36,23.95,87.14
H34909,H,57.61,14.71,7.6,60.49,5,96.96,0.32,137.14,26.77,85.21
M20356,M,49.51,7.36,5.85,92.52,2,97.66,0.45,86.48,13.77,91.62
M20357,M,55.03,11.6,1.0,71.75,2,99.6,0.53,111.02,21.47,88.1
M20358,M,49.99,7.14,10.15,91.58,7,95.94,0.61,80.46,13.58,90.97
H34913,H,57.16,14.26,6.3,63.72,3,97.48,0.69,125.74,26.43,84.77
L52680,L,54.63,11.28,1.55,74.41,5,99.38,0.83,102.42,21.27,87.56
L52681,L,55.53,12.02,2.65,71.14,5,98.94,0.88,105.86,22.65,86.65
L52682,L,57.11,15.88,8.75,64.01,6,96.5,0.93,133.38,29.64,82.44
H34917,H,53.99,10.28,2.85,77.71,3,98.86,0.99,91.74,19.69,87.9
L52684,L,57.04,16.11,3.1,64.84,3,98.76,1.12,131.16,30.3,82.3
L52685,L,52.91,10.37,11.2,82.12,2,95.52,1.17,89.72,20.08,86.49
L52686,L,53.97,11.3,8.3,78.2,5,96.68,1.23,94.54,21.82,85.81
L52687,L,56.32,13.82,9.4,69.09,5,96.24,1.28,110.2,26.39,83.31
L52688,L,58.6,17.77,2.5,59.46,7,99.0,1.33,137.54,33.55,80.31
L52689,L,56.6,13.28,7.6,68.81,3,96.96,1.39,103.18,25.57,83.68
L52690,L,57.98,17.17,7.7,62.32,6,96.92,1.44,131.16,32.61,80.05
L52691,L,50.18,9.56,9.8,93.12,3,96.08,1.49,79.76,19.02,86.52
L52692,L,54.26,12.36,3.9,77.92,5,98.44,1.55,95.44,24.13,84.45
M20373,M,57.67,17.38,7.0,63.91,4,97.2,1.6,129.64,33.18,79.51
L52694,L,52.29,11.04,7.15,85.88,3,97.14,1.68,84.56,21.92,84.96
H34929,H,57.35,15.58,7.25,66.41,5,97.1,1.73,112.68,30.12,80.75
L52696,L,54.74,13.65,12.5,76.88,3,95.0,1.87,97.88,26.84,81.6
L52697,L,58.09,18.13,5.6,63.33,6,97.76,1.92,127.96,34.95,78.13
M20378,M,49.78,10.7,8.7,95.8,7,96.52,1.97,78.66,21.68,84.34
L52699,L,58.18,18.01,9.85,63.6,7,96.06,2.05,123.84,34.89,77.46
M20380,M,57.6,17.57,7.95,66.02,2,96.82,2.11,119.92,34.17,77.91
L52701,L,59.13,18.28,6.1,60.71,4,97.56,2.19,121.74,35.55,77.24
L52702,L,58.37,16.5,12.2,64.4,4,95.12,2.24,107.26,32.41,78.09
M20383,M,57.4,15.58,9.3,68.41,2,96.28,2.29,100.08,30.84,79.06
L52704,L,55.9,14.84,13.45,74.23,7,94.62,2.37,94.46,29.63,79.1
M20385,M,59.89,18.71,12.55,58.8,2,94.98,2.43,118.66,36.61,75.59
L52706,L,57.7,18.74,5.7,66.63,2,97.72,2.51,120.2,36.78,76.02
M20387,M,57.58,17.38,8.8,67.91,6,96.48,2.56,108.24,34.41,76.8
L52708,L,59.83,20.64,9.95,58.88,3,96.02,2.64,129.48,40.36,73.54
M20389,M,57.63,18.06,7.05,67.92,4,97.18,2.69,110.58,35.79,76.02
M20390,M,60.4,20.84,13.2,57.33,7,94.72,2.77,127.3,40.89,72.69
M20391,M,58.32,17.88,5.35,66.26,3,97.86,2.85,104.68,35.68,75.92
L52712,L,58.82,20.45,12.5,63.58,4,95.0,2.93,122.72,40.38,72.69
L52713,L,55.31,15.68,6.6,78.21,4,97.36,2.99,88.22,31.91,77.41
M20394,M,58.68,18.4,12.7,65.5,2,94.92,3.04,104.08,36.84,74.23
L52715,L,59.19,20.24,11.85,63.13,2,95.26,3.12,116.3,40.24,72.46
M20396,M,60.73,38.02,36.95,49.14,2,85.22,6.17,135.26,67.6,50.16
L52717,L,56.68,17.26,11.1,73.77,6,95.56,3.25,92.96,35.07,74.85
M20398,M,53.37,15.67,15.2,86.12,4,93.92,3.31,83.58,32.29,75.72
H34953,H,59.24,19.91,11.35,64.14,5,95.46,3.39,107.64,39.99,72.1
L52720,L,59.23,20.16,12.6,64.57,4,94.96,3.52,106.66,40.61,71.4
L52721,L,60.16,21.27,14.7,61.02,5,94.12,3.57,113.06,42.67,70.05
L52722,L,60.7,21.28,7.8,59.36,6,96.88,3.63,111.2,42.75,70.59
L52723,L,62.87,25.79,9.9,49.86,2,96.04,3.68,143.1,50.9,66.2
L52724,L,59.79,22.6,15.0,62.25,7,94.0,3.73,120.62,45.25,68.41
H34959,H,61.51,22.41,13.1,56.64,6,94.76,3.79,115.54,44.98,68.63
L52726,L,60.26,22.06,12.35,61.62,7,95.06,3.92,111.46,44.52,68.66
M20407,M,59.06,19.14,14.45,67.43,3,94.22,3.97,88.6,39.37,70.93
L52728,L,58.2,20.96,11.6,69.77,4,95.36,4.05,102.5,42.72,69.37
H34963,H,61.62,25.42,7.7,55.99,7,96.92,4.11,132.28,50.78,65.63
M20410,M,59.82,23.3,7.95,63.75,3,96.82,4.24,114.76,47.14,67.15
H34965,H,61.98,24.78,11.1,55.91,5,95.56,4.32,121.92,49.92,65.29
H34966,H,59.03,22.28,14.35,67.81,7,94.26,4.45,102.98,45.6,66.86
L52733,L,63.15,28.68,12.6,50.96,6,94.96,4.59,145.52,57.25,60.94
M20414,M,60.08,23.97,12.7,64.06,3,94.92,4.64,110.82,48.86,65.02
L52735,L,61.77,25.21,8.85,57.94,7,96.46,4.72,116.62,51.19,64.08
H34970,H,62.62,24.82,12.95,55.44,5,94.82,4.77,111.14,50.56,63.88
M20417,M,61.62,25.6,9.2,59.0,7,96.32,4.91,115.72,52.11,63.21
L52738,L,60.01,24.98,14.35,65.16,4,94.26,4.99,111.26,51.12,63.03
M20419,M,61.55,25.92,12.45,59.59,3,95.02,5.04,115.42,52.87,62.24
L52740,L,60.33,24.84,9.6,64.63,4,96.16,5.12,106.62,51.02,63.29
M20421,M,63.3,27.1,15.7,53.5,3,93.72,5.17,119.42,55.14,60.51
L52742,L,58.93,23.78,11.85,70.51,7,95.26,5.25,97.16,49.31,63.65
M20423,M,59.1,23.8,18.95,70.1,5,92.42,5.31,95.8,49.4,62.79
L52744,L,62.45,27.68,10.1,56.96,5,95.96,5.39,120.52,56.47,59.98
L52745,L,58.8,23.8,15.2,71.65,7,93.92,5.44,93.22,49.57,62.82
L52746,L,61.97,27.86,11.3,58.92,4,95.48,5.49,120.14,56.91,59.43
M20427,M,55.97,13.7,7.0,65.4,7,97.2,0.0,138.5,24.56,87.02
L52748,L,54.76,9.89,4.15,71.76,2,98.34,0.08,107.88,17.83,90.51
L52749,L,55.2,9.62,7.25,70.59,2,97.1,0.13,103.96,17.42,90.3
M20430,M,55.5,12.49,9.35,68.36,6,96.26,0.19,125.24,22.62,87.38
L52751,L,54.57,10.28,3.5,72.96,4,98.6,0.27,107.04,18.76,89.74
L52752,L,54.87,10.06,0.6,72.22,5,99.76,0.32,103.7,18.44,90.08
L52753,L,52.13,7.44,2.7,83.18,5,98.92,0.37,85.36,13.82,92.07
L52754,L,58.49,13.56,1.8,58.47,6,99.28,0.43,124.3,24.84,86.55
H34989,H,56.04,11.36,5.9,68.17,3,97.64,0.48,108.94,20.98,87.96
H34990,H,56.48,12.69,1.15,66.5,6,99.54,0.61,115.94,23.53,86.9
L52757,L,56.66,12.34,3.4,66.58,4,98.64,0.75,109.9,23.07,86.63
L52758,L,54.99,12.08,4.5,72.66,6,98.2,0.8,108.88,22.66,86.62
L52759,L,53.29,9.34,4.6,80.08,6,98.16,0.85,88.1,17.82,88.92
M20440,M,56.8,12.42,6.7,66.69,4,97.32,0.91,106.76,23.41,85.81
M20441,M,56.95,14.86,6.85,65.27,2,97.26,0.99,124.28,27.89,83.4
L52762,L,48.34,7.92,4.0,98.64,3,98.4,1.07,78.84,15.56,89.69
L52763,L,53.91,10.84,6.1,78.23,2,97.56,1.12,93.26,20.84,86.73
L52764,L,55.35,11.0,6.2,73.4,7,97.52,1.17,91.36,21.2,86.43
M20445,M,54.48,10.96,3.3,76.62,3,98.68,1.23,91.04,21.2,86.62
M20446,M,55.81,11.8,11.45,71.95,3,95.42,1.31,94.14,22.8,84.84
L52767,L,57.01,14.88,8.6,66.61,7,96.56,1.39,115.42,28.44,82.15
M20448,M,55.83,13.72,2.7,71.44,4,98.92,1.44,106.52,26.42,83.64
M20449,M,59.82,18.94,11.85,55.43,4,95.26,1.52,140.96,35.87,77.84
M20450,M,59.3,19.65,6.0,57.18,2,97.6,1.6,145.6,37.25,77.57
L52771,L,55.98,13.49,10.15,71.96,3,95.94,1.68,99.08,26.32,82.47
L52772,L,58.04,16.88,12.25,63.41,7,95.1,1.73,122.14,32.45,79.08
L52773,L,59.3,17.36,3.35,59.02,5,98.66,1.79,123.08,33.39,79.4
L52774,L,55.81,14.4,12.45,72.7,5,95.02,1.84,102.96,28.14,81.0
M20455,M,50.84,11.03,7.55,91.68,5,96.98,1.89,81.68,22.18,84.37
M20456,M,56.84,15.1,4.7,69.35,2,98.12,1.97,104.16,29.56,80.8
L52777,L,57.46,15.41,8.85,67.34,7,96.46,2.05,104.02,30.23,79.89
L52778,L,58.4,19.34,4.95,62.38,5,98.02,2.11,133.02,37.35,76.62
M20459,M,55.39,14.23,8.05,75.48,3,96.78,2.16,95.04,28.25,80.75
L52780,L,57.88,15.87,7.2,66.41,3,97.12,2.24,102.94,31.29,79.15
L52781,L,56.22,15.36,6.3,72.57,4,97.48,2.29,99.9,30.44,79.56
L52782,L,60.22,20.72,4.4,56.34,4,98.24,2.35,136.08,40.11,74.81
L52783,L,60.2,21.65,7.5,56.18,7,97.0,2.4,142.4,41.86,73.52
L52784,L,57.74,16.81,4.6,67.24,2,98.16,2.45,105.86,33.25,78.01
L52785,L,57.84,17.87,10.7,66.56,6,95.72,2.51,113.0,35.22,76.31
L52786,L,54.72,13.58,8.8,79.66,4,96.48,2.56,81.78,27.6,80.2
M20467,M,54.54,14.22,10.9,80.14,6,95.64,2.61,85.9,28.8,79.28
M20468,M,56.41,15.98,13.05,73.16,2,94.78,2.69,95.66,32.07,77.28
M20469,M,60.06,20.84,10.2,58.48,5,95.92,2.77,127.76,40.89,72.99
L52790,L,59.73,18.86,12.35,60.92,6,95.06,2.85,110.54,37.43,74.34
M20471,M,55.91,16.1,11.45,75.65,7,95.42,2.91,92.48,32.54,76.77
L52792,L,58.73,19.56,7.6,64.52,5,96.96,2.99,114.52,38.86,73.84
M20473,M,58.84,18.82,6.7,64.74,3,97.32,3.04,107.26,37.6,74.45
H35028,H,56.87,16.56,7.85,72.92,6,96.86,3.12,90.08,33.65,76.15
M20475,M,62.36,42.58,43.1,41.56,3,82.76,6.25,167.74,75.88,45.24
L52796,L,59.21,20.35,8.25,63.82,7,96.7,3.33,112.4,40.71,72.15
L52797,L,60.38,40.53,42.35,49.93,2,83.06,6.39,151.08,72.38,46.8
M20478,M,56.93,17.72,10.45,73.39,3,95.82,3.44,92.1,36.13,74.01
L52799,L,52.84,16.04,14.6,88.58,5,94.16,3.52,82.44,33.22,74.89
L52800,L,58.71,20.34,14.7,66.48,3,94.12,3.57,107.66,41.01,70.88
M20481,M,62.28,24.48,6.8,52.36,6,97.28,3.63,134.64,48.49,67.82
L52802,L,58.31,21.27,14.95,67.91,3,94.02,3.71,112.62,42.84,69.67
L52803,L,58.26,20.35,9.05,68.72,7,96.38,3.76,104.16,41.26,70.94
M20484,M,59.91,20.66,12.15,63.12,5,95.14,3.81,103.18,41.89,70.21
L52805,L,56.23,17.78,7.3,77.51,5,97.08,3.89,83.36,36.82,73.07
H35040,H,58.11,19.96,16.4,70.17,3,93.44,3.95,97.06,40.8,70.07
L52807,L,58.35,22.19,12.65,68.76,4,94.94,4.08,111.54,44.96,68.1
L52808,L,57.08,20.4,15.75,74.2,4,93.7,4.13,97.76,41.82,69.25
L52809,L,61.26,25.41,13.85,57.54,4,94.46,4.19,130.9,50.87,64.81
M20490,M,58.27,20.94,12.95,70.28,4,94.82,4.24,98.1,42.93,68.76
L52811,L,59.81,22.16,10.1,64.67,3,95.96,4.32,103.9,45.21,67.74
L52812,L,61.89,26.32,16.2,55.64,4,93.52,4.37,133.12,52.74,63.27
L52813,L,60.92,25.16,16.3,59.77,3,93.48,4.43,123.94,50.72,64.16
M20494,M,62.35,27.56,8.4,53.87,6,96.64,4.48,140.06,55.1,62.65
L52815,L,60.27,25.5,14.55,62.35,2,94.18,4.56,124.64,51.51,63.67
L52816,L,61.13,25.22,17.65,59.74,3,92.94,4.61,119.94,51.06,63.48
M20497,M,60.61,25.52,17.75,61.59,2,92.9,4.67,121.94,51.68,63.05
L52818,L,60.23,23.76,15.9,64.07,4,93.64,4.75,106.58,48.63,64.6
L52819,L,58.12,21.58,10.0,72.61,3,96.0,4.8,90.76,44.77,67.01
L52820,L,61.79,27.46,9.1,57.27,6,96.36,4.85,131.6,55.39,61.69
L52821,L,61.08,24.04,15.2,61.63,5,93.92,4.91,104.06,49.34,64.0
L52822,L,60.82,24.58,12.3,62.46,3,95.08,4.96,107.5,50.36,63.67
L52823,L,59.73,25.54,16.4,65.93,7,93.44,5.01,115.48,52.15,62.26
L52824,L,62.57,28.02,14.5,55.14,5,94.2,5.07,130.26,56.67,60.08
M20505,M,59.6,22.71,17.6,68.19,3,92.96,5.12,90.62,47.21,64.39
M20506,M,58.92,24.9,18.75,69.75,7,92.5,5.2,107.28,51.24,62.1
H35061,H,48.45,19.52,18.9,108.74,7,92.44,5.28,76.8,41.69,66.7
L52828,L,62.7,27.47,12.15,56.32,2,95.14,5.41,117.82,56.11,59.9
M20509,M,62.57,29.3,12.25,56.05,7,95.1,5.47,131.48,59.47,58.11
L52830,L,62.05,28.22,18.4,58.69,7,92.64,5.55,121.72,57.62,58.25
M20511,M,62.24,28.22,15.5,58.24,3,93.8,5.6,120.34,57.71,58.4
L52832,L,58.26,23.66,15.65,74.52,2,93.74,5.68,87.54,49.64,62.26
L52833,L,61.69,26.4,13.75,61.55,4,94.5,5.73,103.5,54.61,59.85
L52834,L,54.53,8.57,9.0,72.91,2,96.4,0.0,99.48,15.37,91.42
L52835,L,56.87,11.98,3.1,63.36,6,98.76,0.05,122.34,21.55,88.81
M20516,M,57.97,12.12,6.2,59.74,7,97.52,0.11,120.72,21.86,88.24
L52837,L,51.1,7.09,3.35,86.16,4,98.66,0.19,88.08,12.94,92.82
M20518,M,57.3,14.5,7.45,61.35,5,97.02,0.24,137.64,26.29,85.63
M20519,M,53.0,8.46,1.6,79.47,7,99.36,0.32,93.48,15.57,91.41
L52840,L,55.95,11.62,7.75,68.04,4,96.9,0.4,112.94,21.34,87.75
L52841,L,57.18,14.61,5.85,62.54,3,97.66,0.45,133.94,26.76,85.13
L52842,L,54.05,10.02,2.95,75.79,3,98.82,0.51,100.32,18.6,89.39
M20523,M,55.36,12.26,9.05,70.37,5,96.38,0.56,115.2,22.68,86.64
M20524,M,55.32,10.7,5.2,71.6,6,97.92,0.64,100.98,19.98,88.21
L52845,L,50.96,7.64,10.35,88.43,5,95.86,0.72,80.7,14.6,90.22
L52846,L,57.06,13.1,7.45,64.95,6,97.02,0.77,114.8,24.45,85.48
L52847,L,47.66,7.28,9.55,100.36,7,96.18,0.83,80.0,14.1,90.34
M20528,M,57.15,13.96,8.65,64.62,3,96.54,0.88,119.24,26.15,84.3
M20529,M,56.55,12.76,1.8,67.57,3,99.28,0.96,108.58,24.08,85.86
L52850,L,57.44,14.42,2.95,63.99,2,98.82,1.04,118.88,27.17,84.04
H35085,H,55.9,12.58,11.05,70.41,7,95.58,1.09,105.08,23.94,84.74
H35086,H,53.62,10.23,4.3,79.94,3,98.28,1.23,86.42,19.9,87.17
L52853,L,57.25,16.58,10.55,64.81,5,95.78,1.36,129.24,31.45,80.5
M20534,M,58.32,14.86,11.65,62.22,4,95.34,1.41,112.86,28.44,81.79
M20535,M,57.53,15.1,10.8,65.1,5,95.68,1.49,114.06,28.97,81.45
L52856,L,55.99,14.17,4.95,71.17,6,98.02,1.57,106.9,27.4,82.66
L52857,L,60.19,17.8,9.05,55.15,3,96.38,1.63,129.02,33.98,78.85
M20538,M,55.84,14.09,7.15,72.16,7,97.14,1.68,104.08,27.39,82.23
M20539,M,57.64,17.53,3.3,64.54,6,98.68,1.76,127.32,33.66,79.32
M20540,M,58.9,18.14,8.45,60.23,7,96.62,1.84,128.72,34.86,78.04
L52861,L,59.03,16.84,11.6,60.73,4,95.36,1.92,116.26,32.62,78.69
H35096,H,58.25,19.4,8.7,62.35,5,96.52,1.97,136.62,37.27,76.55
M20543,M,56.2,15.74,6.95,71.73,7,97.22,2.11,107.24,30.9,79.64
H35098,H,56.26,15.76,7.1,71.82,6,97.16,2.19,105.48,31.03,79.4
L52865,L,58.04,18.36,5.35,64.92,3,97.86,2.32,120.84,35.86,76.9
L52866,L,55.54,14.97,4.45,75.42,7,98.22,2.37,95.96,29.85,79.88
L52867,L,48.15,11.83,12.55,102.58,5,94.98,2.43,79.8,24.29,81.75
M20548,M,59.08,18.59,4.65,61.86,6,98.14,2.48,117.66,36.47,76.34
L52869,L,57.42,15.46,12.8,69.42,3,94.88,2.56,93.06,30.96,78.12
L52870,L,59.05,19.04,4.9,62.23,4,98.04,2.61,118.3,37.45,75.56
L52871,L,60.79,22.1,12.0,54.95,4,95.2,2.67,139.2,43.0,71.97
M20552,M,60.95,22.08,12.1,54.61,7,95.16,2.72,137.66,43.04,71.83
M20553,M,59.0,18.92,10.25,63.19,6,95.9,2.8,113.26,37.48,74.63
L52874,L,58.29,20.07,12.4,65.37,4,95.04,2.88,121.56,39.63,73.19
L52875,L,59.18,19.3,7.5,62.9,5,97.0,2.93,113.02,38.32,74.22
H35110,H,57.15,17.61,5.6,70.94,5,97.76,2.99,101.1,35.36,75.79
L52877,L,60.8,21.71,7.85,56.84,3,96.86,3.12,125.88,42.88,71.54
L52878,L,62.16,24.47,13.95,51.02,6,94.42,3.17,144.9,47.89,68.31
L52879,L,53.46,16.16,10.05,85.27,2,95.98,3.23,89.14,33.06,76.01
L52880,L,58.9,20.24,7.15,64.73,3,97.14,3.28,113.14,40.45,72.5
M20561,M,61.15,23.58,8.25,55.56,4,96.7,3.33,135.54,46.49,69.26
L52882,L,58.37,21.04,12.4,66.68,6,95.04,3.41,117.28,42.05,70.91
H35117,H,59.71,21.75,6.5,61.92,4,97.4,3.47,119.92,43.39,70.72
L52884,L,61.62,23.98,8.75,54.76,3,96.5,3.6,132.1,47.55,68.15
L52885,L,59.98,21.74,9.85,61.73,7,96.06,3.65,115.24,43.6,69.91
L52886,L,62.39,43.62,40.95,42.69,7,83.62,6.71,165.8,78.31,43.33
L52887,L,60.16,22.13,11.05,61.34,5,95.58,3.76,115.76,44.45,69.15
L52888,L,57.84,21.09,15.15,70.0,2,93.94,3.81,109.42,42.65,69.53
L52889,L,58.7,21.25,11.25,67.18,6,95.5,3.87,108.32,43.0,69.64
H35124,H,60.84,23.38,15.35,58.96,6,93.86,3.92,121.26,46.9,67.18
L52891,L,59.07,21.14,13.6,66.68,2,94.56,4.05,102.7,43.04,69.02
L52892,L,62.26,25.97,10.7,53.52,3,95.72,4.11,135.8,51.77,64.83
L52893,L,58.45,21.98,7.8,68.81,2,96.88,4.16,107.92,44.69,68.56
L52894,L,58.19,21.64,10.9,70.08,4,95.64,4.21,104.36,44.14,68.41
H35129,H,58.56,21.75,17.0,68.97,2,93.2,4.27,103.54,44.41,67.56
L52896,L,62.24,26.25,12.25,54.58,4,95.1,4.4,131.48,52.64,63.65
L52897,L,56.6,20.38,10.35,77.11,3,95.86,4.45,91.12,42.2,68.96
L52898,L,58.48,21.64,11.45,70.23,5,95.42,4.51,97.42,44.53,67.58
L52899,L,61.78,24.5,17.55,57.65,7,92.98,4.56,114.56,49.72,64.27
L52900,L,61.32,26.82,9.65,58.29,6,96.14,4.61,132.48,53.93,62.84
M20581,M,61.25,24.85,8.75,59.73,2,96.5,4.67,115.66,50.47,64.55
L52902,L,60.68,25.39,14.9,61.71,4,94.04,4.75,118.96,51.54,63.25
M20583,M,60.93,26.4,9.0,60.55,3,96.4,4.8,125.5,53.42,62.79
L52904,L,61.63,27.22,11.15,58.04,4,95.54,4.88,129.26,54.98,61.63
M20585,M,59.89,23.33,17.25,66.19,7,93.1,4.93,99.34,48.08,64.37
M20586,M,62.29,27.56,9.4,56.12,4,96.24,5.01,128.16,55.78,61.14
M20587,M,60.04,23.88,18.55,66.01,4,92.58,5.09,99.98,49.28,63.32
M20588,M,62.12,27.12,10.7,57.54,4,95.72,5.17,121.24,55.19,60.99
M20589,M,61.62,24.68,14.85,60.81,4,94.06,5.25,100.66,50.92,62.55
L52910,L,56.91,22.32,19.0,78.49,7,92.4,5.33,86.46,46.8,64.04
L52911,L,55.82,21.26,18.1,82.97,4,92.76,5.39,78.24,44.95,64.94
L52912,L,62.57,27.44,18.2,56.88,5,92.72,5.44,117.24,56.11,59.25
L52913,L,61.54,27.28,14.3,60.71,4,94.28,5.49,116.14,55.88,59.64
L52914,L,63.32,45.69,46.4,45.6,4,81.44,8.55,139.78,84.36,36.09
L52915,L,58.95,24.33,18.5,71.49,6,92.6,5.6,93.66,50.72,61.59
M20596,M,62.42,26.11,18.6,58.9,4,92.56,5.65,101.98,53.99,59.84
L52917,L,60.54,27.9,18.75,64.75,3,92.5,5.73,117.08,57.3,58.01
L52918,L,58.36,12.2,2.0,57.95,2,99.2,0.0,123.22,21.87,88.87
M20599,M,53.0,8.01,6.1,78.65,6,97.56,0.05,95.86,14.42,92.07
M20600,M,54.81,9.98,8.25,71.76,7,96.7,0.13,107.3,18.05,89.88
M20601,M,55.66,10.76,9.4,68.77,4,96.24,0.21,110.66,19.57,88.85
L52922,L,56.75,12.63,8.55,64.39,4,96.58,0.29,122.28,23.01,87.05
M20603,M,57.32,11.76,1.65,63.07,5,99.34,0.35,113.38,21.53,88.38
H35158,H,55.91,11.93,5.8,68.13,3,97.68,0.43,114.84,21.93,87.6
L52925,L,48.71,6.7,9.05,96.0,7,96.38,0.56,79.94,12.73,91.61
M20606,M,53.89,9.74,8.15,76.88,4,96.74,0.61,95.9,18.24,88.84
L52927,L,55.47,11.93,3.3,70.68,7,98.68,0.69,109.46,22.26,87.15
M20608,M,54.9,10.74,2.4,73.43,2,99.04,0.75,99.52,20.2,88.17
H35163,H,58.57,18.08,7.55,57.46,3,96.98,0.83,151.4,33.46,80.86
L52930,L,49.25,8.33,6.8,94.88,5,97.28,0.96,83.22,16.15,89.32
H35165,H,56.67,13.74,3.9,66.88,3,98.44,1.01,115.1,25.92,84.63
H35166,H,52.04,9.69,5.15,85.36,3,97.94,1.15,86.08,18.83,87.78
L52933,L,57.83,17.37,9.4,62.12,4,96.24,1.28,136.52,32.75,80.12
L52934,L,53.37,10.92,11.5,80.89,7,95.4,1.33,89.94,21.28,85.54
L52935,L,58.31,16.46,3.6,61.32,3,98.56,1.39,126.22,31.27,81.23
M20616,M,58.74,17.4,10.7,59.6,5,95.72,1.44,131.92,33.01,79.55
L52937,L,58.83,18.46,7.85,59.07,4,96.86,1.52,138.52,35.02,78.67
L52938,L,56.92,14.92,5.95,67.59,3,97.62,1.57,111.62,28.74,81.89
L52939,L,56.26,13.83,11.05,70.63,6,95.58,1.63,102.62,26.86,82.21
M20620,M,56.74,13.94,7.15,69.13,6,97.14,1.68,101.64,27.12,82.36
L52941,L,59.06,17.73,4.3,59.58,2,98.28,1.76,126.98,34.02,79.04
L52942,L,59.62,18.52,3.4,57.44,3,98.64,1.81,131.28,35.49,78.29
H35177,H,57.98,15.45,4.5,64.82,7,98.2,1.87,107.82,30.07,80.78
L52944,L,56.12,15.48,12.75,71.71,3,94.9,2.0,107.58,30.28,79.59
L52945,L,54.45,13.78,8.85,78.51,6,96.46,2.05,95.16,27.32,81.35
M20626,M,58.8,16.97,7.95,62.17,2,96.82,2.11,113.46,33.09,78.44
M20627,M,58.87,18.19,8.1,61.66,7,96.76,2.19,121.3,35.37,77.13
L52948,L,58.87,18.27,7.25,61.91,3,97.1,2.27,120.22,35.64,76.92
L52949,L,59.99,19.71,5.35,57.54,6,97.86,2.32,128.96,38.28,75.69
L52950,L,59.18,17.84,6.45,61.48,7,97.42,2.37,113.96,35.0,77.11
L52951,L,57.54,18.21,11.55,67.15,3,95.38,2.43,117.9,35.72,76.13
L52952,L,54.96,14.92,11.65,77.84,6,95.34,2.48,93.92,29.89,78.93
H35187,H,59.55,19.3,7.75,60.1,6,96.9,2.53,121.5,37.81,75.25
L52954,L,56.68,16.58,10.0,71.81,5,96.0,2.67,100.64,33.1,77.12
L52955,L,52.31,13.54,13.1,88.58,7,94.76,2.72,81.14,27.72,79.39
L52956,L,60.84,20.62,9.2,55.94,6,96.32,2.77,124.9,40.48,73.29
L52957,L,59.69,19.58,10.3,60.61,5,95.88,2.83,116.96,38.69,73.97
M20638,M,58.57,18.99,14.4,64.96,3,94.24,2.88,112.58,37.7,73.95
L52959,L,55.88,16.18,12.55,75.91,7,94.98,2.96,92.0,32.76,76.44
L52960,L,58.31,19.64,6.65,66.03,4,97.34,3.01,115.14,39.03,73.79
M20641,M,56.9,18.38,14.75,71.71,6,94.1,3.07,105.76,36.83,73.97
L52962,L,59.36,19.39,9.9,63.06,7,96.04,3.15,108.7,38.75,73.34
H35197,H,58.14,18.7,7.0,67.8,7,97.2,3.2,103.66,37.59,74.11
M20644,M,60.39,20.45,8.25,59.72,3,96.7,3.33,111.58,40.89,72.06
L52965,L,59.46,19.54,10.4,63.68,5,95.84,3.41,103.78,39.36,72.45
L52966,L,58.76,19.58,12.5,66.26,6,95.0,3.47,103.82,39.49,72.07
L52967,L,57.91,20.26,14.6,69.07,6,94.16,3.52,109.28,40.79,71.11
L52968,L,60.02,21.54,11.7,61.38,3,95.32,3.57,115.46,43.16,70.1
M20649,M,60.47,23.13,11.8,59.24,5,95.28,3.63,126.32,46.07,68.53
M20650,M,58.42,19.74,10.95,68.28,3,95.62,3.71,100.26,40.1,71.44
M20651,M,58.82,21.38,8.1,66.41,7,96.76,3.79,111.04,43.14,70.04
M20652,M,57.71,19.5,9.25,71.45,3,96.3,3.87,95.68,39.87,71.41
L52973,L,60.03,22.89,8.4,62.1,5,96.64,3.95,117.82,46.05,68.24
M20654,M,59.79,22.2,15.5,63.5,5,93.8,4.0,111.44,44.88,68.01
M20655,M,60.27,22.22,9.65,62.14,4,96.14,4.08,109.1,45.0,68.37
L52976,L,61.32,26.26,15.8,56.82,3,93.68,4.16,138.18,52.35,63.93
L52977,L,60.91,23.29,10.9,59.9,2,95.64,4.21,113.82,47.1,66.93
L52978,L,58.51,22.55,9.0,68.72,7,96.4,4.27,110.0,45.84,67.65
L52979,L,58.68,21.58,10.1,68.86,7,95.96,4.32,100.86,44.18,68.26
L52980,L,60.54,24.3,15.2,61.3,4,93.92,4.37,118.78,49.11,65.18
L52981,L,61.41,24.43,14.3,58.44,5,94.28,4.43,117.46,49.42,65.01
L52982,L,60.35,22.94,16.4,63.03,5,93.44,4.48,105.8,46.81,65.99
L52983,L,57.78,21.38,9.5,72.86,2,96.2,4.53,95.62,44.08,67.95
L52984,L,62.29,25.38,12.6,55.56,4,94.96,4.59,120.3,51.33,63.9
M20665,M,59.56,23.74,13.7,65.98,5,94.52,4.64,109.74,48.46,65.12
L52986,L,61.35,25.51,14.85,59.24,6,94.06,4.72,119.6,51.72,63.21
M20667,M,60.7,24.04,11.95,62.43,5,95.22,4.77,107.58,49.17,64.68
L52988,L,57.24,20.98,15.1,76.16,3,93.96,4.85,86.06,43.78,66.89
H35223,H,59.52,23.87,11.2,67.06,5,95.52,4.91,104.8,49.02,64.56
L52990,L,55.66,20.6,17.45,82.5,2,93.02,5.04,80.92,43.32,66.51
L52991,L,61.57,25.36,11.55,60.02,5,95.38,5.09,109.68,51.92,62.7
L52992,L,61.03,24.52,18.65,62.49,2,92.54,5.15,102.5,50.48,62.6
L52993,L,57.22,22.88,12.75,76.61,2,94.9,5.2,93.42,47.61,64.52
M20674,M,62.5,27.64,13.85,56.28,6,94.46,5.25,123.04,56.21,60.0
L52995,L,58.69,24.25,15.0,71.38,4,94.0,5.33,99.4,50.25,62.71
L52996,L,60.04,25.06,15.1,66.57,6,93.96,5.39,102.84,51.77,61.83
L52997,L,60.68,25.1,10.2,64.55,7,95.92,5.44,101.04,51.9,62.15
L52998,L,60.78,25.7,10.3,64.1,4,95.88,5.49,104.58,53.06,61.45
L52999,L,62.6,27.12,12.4,57.34,7,95.04,5.55,112.16,55.65,59.84
L53000,L,58.22,23.7,13.5,74.3,4,94.6,5.6,89.66,49.6,62.65
L53001,L,64.4,29.26,11.6,50.52,7,95.36,5.65,124.46,59.63,57.72
M20682,M,62.13,29.67,13.7,58.32,2,94.52,5.71,129.66,60.43,57.0
L53003,L,61.04,27.18,12.85,63.61,6,94.86,5.79,109.48,56.08,59.1
L53004,L,60.34,26.82,16.95,66.39,7,93.22,5.84,106.32,55.5,58.88
L53005,L,63.06,28.18,11.05,56.56,6,95.58,5.89,112.26,58.0,58.11
M20686,M,61.98,28.14,20.15,60.53,7,91.94,5.95,112.24,58.0,57.09
L53007,L,53.36,10.22,5.0,76.09,4,98.0,0.0,114.28,18.33,90.34
L53008,L,55.17,9.94,0.1,70.23,2,99.96,0.05,108.28,17.88,90.95
M20689,M,54.21,8.9,0.2,74.25,2,99.92,0.11,100.08,16.08,91.73
M20690,M,56.28,11.16,2.35,66.32,7,99.06,0.19,113.56,20.24,89.27
L53011,L,55.85,13.48,0.5,66.96,3,99.8,0.27,130.88,24.49,87.17
L53012,L,52.98,8.98,6.6,79.26,3,97.36,0.32,97.7,16.51,90.44
L53013,L,56.21,12.24,2.7,66.73,2,98.92,0.37,118.14,22.42,87.77
L53014,L,56.61,13.73,6.8,64.84,3,97.28,0.43,128.28,25.15,85.89
L53015,L,53.26,8.96,5.9,78.92,3,97.64,0.48,93.56,16.68,90.11
L53016,L,55.04,11.52,9.0,71.74,7,96.4,0.53,110.4,21.34,87.37
M20697,M,50.97,8.11,5.1,87.65,7,97.96,0.59,87.48,15.28,90.68
M20698,M,56.27,11.12,8.25,68.24,6,96.7,0.67,102.52,20.79,87.45
M20699,M,55.41,11.32,6.4,71.39,6,97.44,0.75,103.42,21.23,87.25
M20700,M,54.92,10.2,7.55,73.95,5,96.98,0.83,93.42,19.34,87.92
M20701,M,53.6,10.4,5.7,78.7,5,97.72,0.91,94.96,19.78,87.72
L53022,L,58.39,15.61,7.85,59.94,5,96.86,0.99,128.3,29.23,82.62
L53023,L,53.43,10.32,3.95,79.84,3,98.42,1.04,91.6,19.82,87.62
L53024,L,56.95,12.56,9.05,66.82,4,96.38,1.09,103.44,23.89,84.96
M20705,M,53.16,10.06,2.15,81.32,7,99.14,1.15,87.54,19.5,87.74
L53026,L,54.02,12.0,11.3,77.7,4,95.48,1.23,100.08,23.08,84.88
L53027,L,58.11,14.42,11.4,62.64,3,95.44,1.28,112.54,27.46,82.57
L53028,L,44.69,7.98,2.5,112.16,2,99.0,1.33,78.26,15.99,89.09
M20709,M,57.69,16.06,11.6,63.67,6,95.36,1.39,123.88,30.55,80.79
L53030,L,55.95,13.22,10.75,71.39,3,95.7,1.47,101.8,25.57,83.21
L53031,L,55.82,12.76,11.85,72.27,2,95.26,1.52,97.06,24.8,83.37
H35266,H,52.6,10.3,11.95,84.75,4,95.22,1.57,80.56,20.45,85.43
L53033,L,56.11,13.9,4.2,71.4,2,98.32,1.71,101.54,27.07,82.63
L53034,L,58.37,18.6,10.3,61.5,4,95.88,1.76,134.92,35.58,77.66
M20715,M,58.31,16.74,11.4,62.83,5,95.44,1.81,118.88,32.31,79.08
H35270,H,55.87,14.66,7.55,72.57,3,96.98,1.89,103.76,28.67,81.12
L53037,L,53.67,12.06,4.8,81.97,6,98.08,2.03,83.0,24.18,83.37
L53038,L,59.72,17.37,3.9,58.72,6,98.44,2.08,115.96,33.77,78.57
L53039,L,56.96,14.8,8.0,69.7,2,96.8,2.13,98.04,29.24,80.31
L53040,L,56.67,14.84,5.1,70.88,5,97.96,2.19,97.52,29.37,80.43
L53041,L,56.9,18.64,11.2,68.38,5,95.52,2.24,126.48,36.27,76.27
L53042,L,58.19,17.03,9.3,64.98,3,96.28,2.29,110.6,33.44,77.76
M20723,M,54.05,13.39,7.4,81.21,7,97.04,2.35,85.96,26.98,81.07
M20724,M,58.1,16.4,8.55,66.1,4,96.58,2.43,102.72,32.49,78.05
M20725,M,59.41,17.52,4.7,61.34,7,98.12,2.51,108.04,34.59,77.22
L53046,L,58.68,19.04,9.85,63.43,6,96.06,2.59,119.38,37.41,75.14
L53047,L,58.23,19.24,6.95,65.08,2,97.22,2.64,120.48,37.85,75.1
L53048,L,54.84,15.06,12.05,79.02,2,95.18,2.69,90.42,30.41,78.2
L53049,L,49.88,12.92,9.15,97.34,6,96.34,2.75,78.92,26.64,80.27
L53050,L,50.24,12.6,6.25,96.45,5,97.5,2.8,74.7,26.14,80.7
L53051,L,58.83,20.94,14.35,62.98,6,94.26,2.85,128.38,41.15,72.28
M20732,M,58.38,19.37,5.45,65.52,2,97.82,2.91,115.28,38.41,74.43
M20733,M,60.04,19.84,14.6,59.88,7,94.16,2.99,114.92,39.35,72.89
M20734,M,56.29,17.65,9.75,74.18,3,96.1,3.07,100.8,35.53,75.12
M20735,M,57.59,19.37,7.9,69.17,3,96.84,3.15,110.94,38.71,73.56
L53056,L,59.88,22.7,10.05,59.95,3,95.98,3.23,132.72,44.8,70.14
L53057,L,59.47,20.19,12.15,62.81,4,95.14,3.28,111.96,40.36,72.05
L53058,L,58.44,21.45,8.25,65.93,6,96.7,3.33,122.26,42.68,71.17
L53059,L,56.05,17.26,15.35,76.42,6,93.86,3.39,90.82,35.24,74.07
L53060,L,60.0,22.72,6.45,60.34,6,97.42,3.44,127.88,45.1,69.93
L53061,L,52.52,16.16,7.55,89.52,3,96.98,3.49,84.44,33.4,75.56
L53062,L,59.61,19.87,14.65,63.52,3,94.14,3.55,103.18,40.11,71.38
L53063,L,54.85,17.3,11.75,81.35,6,95.3,3.6,88.0,35.58,73.83
M20744,M,60.18,21.71,14.85,61.04,7,94.06,3.65,114.76,43.56,69.43
L53065,L,57.23,18.25,15.0,73.22,4,94.0,3.73,89.34,37.46,72.3
L53066,L,59.52,21.84,15.1,63.78,2,93.96,3.79,113.68,43.95,68.94
H35301,H,60.29,21.87,10.2,61.32,5,95.92,3.84,111.7,44.08,69.26
M20748,M,59.54,21.57,13.45,64.56,3,94.62,3.97,107.34,43.71,68.85
M20749,M,63.6,26.11,14.6,48.64,5,94.16,4.05,136.28,51.95,64.46
L53070,L,57.87,20.55,14.75,71.42,2,94.1,4.13,97.88,42.09,69.21
L53071,L,62.29,25.88,8.85,53.76,6,96.46,4.19,133.28,51.72,64.88
L53072,L,60.35,23.84,14.95,61.68,6,94.02,4.24,118.44,48.13,65.96
M20753,M,61.31,26.06,12.05,57.47,7,95.18,4.29,133.6,52.16,64.13
L53074,L,58.68,22.6,12.2,68.55,2,95.12,4.37,107.74,46.06,67.0
M20755,M,60.73,24.96,15.3,60.52,6,93.88,4.43,122.6,50.36,64.44
L53076,L,63.53,27.44,11.45,49.98,4,95.42,4.51,136.88,54.92,62.38
M20757,M,60.05,23.73,15.55,63.98,5,93.78,4.56,110.74,48.33,65.16
L53078,L,63.3,28.22,17.7,50.89,4,92.92,4.64,140.4,56.48,60.71
H35313,H,57.74,21.0,14.8,73.8,4,94.08,4.69,89.12,43.62,67.33
M20760,M,60.82,24.73,16.05,61.88,2,93.58,4.83,111.7,50.46,63.51
L53081,L,61.21,26.17,18.2,60.12,2,92.72,4.91,120.88,53.14,61.79
L53082,L,59.32,23.73,10.3,68.04,4,95.88,4.96,102.76,48.84,64.63
L53083,L,55.08,20.52,13.4,84.44,6,94.64,5.01,81.68,43.14,67.06
M20764,M,63.34,29.95,10.5,51.52,5,95.8,5.07,144.6,60.12,58.76
H35319,H,59.77,23.22,16.65,67.49,2,93.34,5.15,93.84,48.15,63.97
L53086,L,60.63,24.74,15.9,64.28,3,93.64,5.28,101.86,51.06,62.32
H35321,H,62.35,27.6,18.0,57.15,5,92.8,5.33,121.18,56.25,59.41
M20768,M,60.94,25.48,12.25,63.56,2,95.1,5.47,103.12,52.61,61.54
H35323,H,63.39,47.96,49.4,44.22,3,80.24,8.55,157.88,88.44,33.75
M20770,M,55.78,10.85,9.0,67.48,4,96.4,0.0,115.96,19.45,89.38
M20771,M,58.34,16.24,5.15,56.28,3,97.94,0.08,153.76,29.21,84.72
M20772,M,53.04,7.93,9.3,78.98,4,96.28,0.16,92.78,14.42,91.54
H35327,H,55.74,13.8,7.45,67.05,7,97.02,0.24,134.18,25.03,86.26
L53094,L,54.25,10.12,3.7,74.54,7,98.52,0.37,103.84,18.61,89.58
M20775,M,55.18,10.96,6.8,71.12,5,97.28,0.43,108.04,20.18,88.38
L53096,L,54.94,12.0,1.95,71.75,4,99.22,0.51,114.9,22.14,87.72
L53097,L,58.11,14.83,7.05,59.64,7,97.18,0.56,132.02,27.29,84.53
L53098,L,55.26,12.34,6.15,70.88,6,97.54,0.61,114.82,22.9,86.71
L53099,L,57.17,14.65,9.25,63.38,6,96.3,0.67,129.48,27.11,84.19
L53100,L,52.14,8.64,1.35,83.88,7,99.46,0.72,87.08,16.39,90.23
L53101,L,58.43,16.6,8.45,58.5,2,96.62,0.77,140.92,30.73,82.24
L53102,L,57.04,13.3,7.55,65.1,4,96.98,0.83,115.3,24.9,85.14
M20783,M,55.62,11.39,2.65,71.16,7,98.94,0.88,100.74,21.53,87.21
L53104,L,58.16,15.08,4.8,60.91,6,98.08,0.96,124.98,28.25,83.48
M20785,M,54.58,10.86,9.9,75.52,7,96.04,1.01,94.98,20.76,86.6
L53106,L,57.27,16.06,3.05,63.97,3,98.78,1.09,131.0,30.17,82.42
L53107,L,54.29,11.06,11.15,76.92,5,95.54,1.15,93.98,21.29,85.95
M20788,M,55.79,13.28,7.25,70.86,4,97.1,1.2,108.4,25.32,84.22
L53109,L,57.03,15.14,4.4,65.98,2,98.24,1.28,119.82,28.76,82.62
L53110,L,56.92,16.9,4.5,65.7,4,98.2,1.33,132.86,31.99,80.89
L53111,L,59.12,17.76,6.6,57.92,4,97.36,1.39,135.52,33.6,79.77
L53112,L,56.57,13.47,3.7,69.02,5,98.52,1.44,103.5,25.97,83.76
L53113,L,58.7,16.33,9.8,60.49,4,96.08,1.49,122.26,31.17,80.45
H35348,H,57.58,17.44,2.9,63.98,3,98.84,1.55,131.48,33.23,80.0
L53115,L,54.93,13.66,7.15,75.47,4,97.14,1.68,101.92,26.63,82.61
M20796,M,56.42,14.52,8.25,70.14,5,96.7,1.73,105.56,28.24,81.59
M20797,M,57.76,15.76,5.4,65.22,5,97.84,1.81,111.84,30.56,80.55
L53118,L,54.36,13.96,3.55,78.12,2,98.58,1.89,100.24,27.42,82.15
L53119,L,58.68,21.06,3.65,59.92,6,98.54,1.95,149.98,40.23,75.63
M20800,M,58.48,19.2,8.75,61.75,2,96.5,2.0,134.14,36.96,76.65
L53121,L,58.41,33.36,38.9,55.22,4,84.44,5.08,125.76,57.86,57.02
L53122,L,58.3,17.25,4.0,63.88,7,98.4,2.13,115.8,33.63,78.52
L53123,L,57.03,16.88,6.1,68.61,4,97.56,2.19,113.42,33.04,78.49
M20804,M,57.92,16.22,7.2,66.09,7,97.12,2.24,105.68,31.92,78.84
M20805,M,59.02,18.08,7.35,61.71,3,97.06,2.32,117.3,35.36,76.94
L53126,L,57.93,18.8,9.5,65.4,4,96.2,2.4,122.72,36.75,75.88
M20807,M,58.44,18.66,7.6,63.92,4,96.96,2.45,119.7,36.56,76.05
L53128,L,49.1,12.23,7.75,99.54,7,96.9,2.53,79.26,25.13,81.59
M20809,M,57.99,18.76,13.85,65.92,2,94.46,2.59,118.12,36.91,74.98
L53130,L,55.42,15.22,7.0,76.84,3,97.2,2.67,91.58,30.68,78.63
L53131,L,56.05,15.51,9.1,74.74,2,96.36,2.72,91.8,31.26,78.02
L53132,L,57.37,16.77,9.2,69.76,2,96.32,2.77,98.86,33.58,76.74
M20813,M,58.55,18.2,14.3,65.2,7,94.28,2.83,107.52,36.22,74.8
L53134,L,55.06,15.14,5.45,79.03,4,97.82,2.91,86.04,30.84,78.22
L53135,L,56.27,16.78,11.55,74.26,3,95.38,2.96,96.26,33.84,76.01
L53136,L,58.05,18.32,14.65,67.59,3,94.14,3.01,104.9,36.66,74.18
L53137,L,56.63,18.5,12.75,72.6,4,94.9,3.07,107.14,37.06,74.06
L53138,L,58.2,18.98,8.85,67.16,7,96.46,3.12,107.66,37.99,73.88
L53139,L,60.51,22.32,6.95,57.74,3,97.22,3.17,129.96,44.04,70.94
L53140,L,57.26,18.06,15.05,71.27,7,93.98,3.23,99.12,36.46,73.81
L53141,L,58.29,17.92,6.15,67.99,5,97.54,3.28,95.38,36.28,74.68
L53142,L,55.6,16.58,8.25,78.11,5,96.7,3.33,87.16,33.95,75.54
H35377,H,56.71,19.24,7.35,73.18,5,97.06,3.39,105.72,38.78,73.1
H35378,H,57.22,18.19,15.6,72.46,4,93.76,3.52,93.62,37.07,72.87
H35379,H,60.05,22.58,12.85,61.06,3,94.86,3.65,121.94,45.13,68.85
L53146,L,60.94,23.68,7.1,57.96,2,97.16,3.79,126.52,47.27,68.08
L53147,L,61.09,24.64,13.2,57.18,3,94.72,3.84,132.8,49.06,66.47
L53148,L,61.76,25.68,14.3,54.56,6,94.28,3.89,138.96,50.98,65.29
M20829,M,59.74,20.82,7.4,64.14,6,97.04,3.95,101.62,42.33,70.2
L53150,L,59.41,21.48,15.55,65.26,3,93.78,4.03,105.6,43.62,68.58
L53151,L,59.63,20.49,10.65,65.2,3,95.74,4.08,96.18,41.91,69.82
L53152,L,60.62,24.05,7.75,60.22,5,96.9,4.13,122.1,48.36,66.78
L53153,L,62.0,25.51,10.85,54.95,2,95.66,4.19,130.68,51.05,65.02
L53154,L,60.11,22.57,13.95,63.12,4,94.42,4.24,108.56,45.84,67.2
H35389,H,57.76,20.03,9.05,72.68,4,96.38,4.29,90.28,41.36,69.83
H35390,H,61.92,26.16,11.3,55.82,4,95.48,4.43,130.56,52.51,63.76
L53157,L,56.66,21.33,12.55,76.84,7,94.98,4.56,96.2,44.03,67.61
L53158,L,61.12,25.42,8.65,59.69,5,96.54,4.61,121.56,51.42,64.2
H35393,H,60.4,25.32,9.75,62.39,4,96.1,4.67,120.62,51.32,64.03
M20840,M,58.33,22.4,11.0,71.5,2,95.6,4.8,97.08,46.25,66.17
M20841,M,62.89,26.26,14.15,54.22,6,94.34,4.88,119.94,53.28,62.18
L53162,L,60.95,24.16,15.3,62.22,4,93.88,4.96,103.92,49.6,63.75
H35397,H,61.3,26.34,16.4,60.13,5,93.44,5.01,119.72,53.58,61.54
H35398,H,63.2,28.44,11.65,53.08,3,95.34,5.15,130.92,57.52,59.78
L53165,L,63.82,26.44,17.9,52.48,5,92.84,5.28,111.08,54.1,60.6
L53166,L,62.04,29.12,18.0,57.44,5,92.8,5.33,133.8,58.98,58.04
L53167,L,59.66,26.04,10.1,67.38,4,95.96,5.39,111.16,53.51,61.46
H35402,H,64.26,30.87,16.2,49.36,2,93.52,5.44,142.32,62.25,56.38
L53169,L,61.34,28.24,13.45,61.23,2,94.62,5.57,122.34,57.71,58.65
M20850,M,63.78,29.78,10.55,52.26,4,95.78,5.63,130.06,60.53,57.43
L53171,L,62.81,27.22,13.7,57.19,5,94.52,5.71,109.12,56.04,59.19
L53172,L,64.73,29.08,18.8,49.86,6,92.48,5.76,120.16,59.45,56.88
M20853,M,63.06,28.04,12.9,56.33,6,94.84,5.81,112.94,57.65,58.26
L53174,L,60.23,27.48,19.05,66.66,7,92.38,5.89,110.56,56.75,57.93
L53175,L,55.75,23.42,16.15,84.29,6,93.54,5.95,83.0,49.53,61.73
M20856,M,63.58,30.05,11.25,54.28,6,95.5,6.0,124.12,61.49,56.13
M20857,M,60.98,26.89,14.4,65.1,5,94.24,6.08,100.62,55.93,58.44
M20858,M,60.45,27.7,11.55,66.8,6,95.38,6.16,106.06,57.49,57.78
M20859,M,59.7,41.34,47.7,62.88,3,80.92,9.24,94.42,77.46,38.02
H35414,H,56.17,10.8,9.0,66.15,7,96.4,0.0,115.02,19.36,89.42
M20861,M,57.07,12.22,4.25,62.89,4,98.3,0.13,122.2,22.08,88.27
L53182,L,52.75,8.52,3.4,79.89,6,98.64,0.21,96.66,15.53,91.47
L53183,L,55.05,9.85,5.5,71.53,7,97.8,0.27,102.98,17.99,89.92
L53184,L,51.73,7.58,8.6,84.26,6,96.56,0.32,88.22,14.0,91.5
L53185,L,54.57,10.7,1.7,73.15,7,99.32,0.37,108.0,19.64,89.26
M20866,M,46.1,5.78,6.8,104.91,5,97.28,0.43,79.12,10.9,93.02
M20867,M,57.94,15.14,0.95,59.88,5,99.62,0.51,135.98,27.79,85.0
L53188,L,56.83,11.58,9.1,65.76,7,96.36,0.59,107.22,21.51,87.16
L53189,L,49.62,7.42,8.2,92.84,7,96.72,0.64,82.62,14.11,90.84
H35424,H,57.0,12.93,4.3,64.94,2,98.28,0.69,115.36,24.06,86.15
L53191,L,55.17,11.53,8.55,72.44,2,96.58,0.83,103.68,21.72,86.63
H35426,H,57.25,13.64,9.65,64.43,7,96.14,0.88,116.5,25.57,84.49
L53193,L,54.9,10.66,2.9,74.52,5,98.84,1.01,92.94,20.4,87.48
H35428,H,54.65,11.4,9.0,75.2,5,96.4,1.07,97.96,21.79,86.07
M20875,M,56.23,13.1,11.25,69.45,3,95.5,1.2,106.4,25.01,83.97
L53196,L,57.7,15.16,8.4,63.67,3,96.64,1.28,119.1,28.81,82.2
L53197,L,58.15,13.55,10.5,63.13,2,95.8,1.33,104.36,25.98,83.29
M20878,M,55.9,12.06,5.6,71.82,6,97.76,1.39,94.34,23.38,84.98
L53199,L,56.54,15.38,9.75,68.26,2,96.1,1.47,118.18,29.42,81.38
L53200,L,55.15,13.28,6.85,74.31,5,97.26,1.52,102.18,25.74,83.4
L53201,L,52.37,10.07,3.95,85.66,3,98.42,1.57,79.08,20.05,86.43
L53202,L,56.69,14.73,5.05,68.68,5,97.98,1.63,109.22,28.47,82.01
M20883,M,58.97,17.84,9.15,59.53,6,96.34,1.68,129.78,34.11,78.67
L53204,L,59.24,36.61,35.3,49.5,6,85.88,4.76,157.72,63.27,55.32
L53205,L,59.6,18.76,12.4,57.42,5,95.04,1.81,133.32,35.94,77.16
L53206,L,58.68,17.68,10.5,61.31,5,95.8,1.87,124.66,34.05,78.19
M20887,M,58.59,16.84,5.6,62.23,2,97.76,1.92,116.86,32.62,79.29
L53208,L,57.83,17.9,3.75,64.65,5,98.5,2.0,124.64,34.63,78.31
M20889,M,58.18,18.13,4.85,63.53,7,98.06,2.05,124.84,35.12,77.85
L53210,L,59.07,19.83,6.0,59.94,6,97.6,2.13,135.34,38.25,76.01
L53211,L,58.28,16.71,8.1,64.4,4,96.76,2.19,110.3,32.73,78.45
L53212,L,53.99,13.64,6.2,80.88,5,97.52,2.24,90.48,27.3,81.25
L53213,L,58.17,16.36,13.3,65.37,5,94.68,2.29,105.22,32.23,77.97
M20894,M,59.42,19.07,9.4,59.92,3,96.24,2.35,123.98,37.16,75.79
M20895,M,54.96,14.86,4.55,77.67,3,98.18,2.43,94.64,29.71,79.84
M20896,M,59.43,21.17,11.7,59.46,2,95.32,2.51,137.22,41.13,73.25
L53217,L,59.16,19.31,8.85,61.64,6,96.46,2.59,120.92,37.9,74.99
L53218,L,58.2,17.49,13.95,66.05,4,94.42,2.64,106.52,34.71,75.97
L53219,L,59.17,18.73,12.05,62.28,2,95.18,2.69,113.86,37.0,74.91
M20900,M,59.16,19.89,9.15,61.96,4,96.34,2.75,121.96,39.14,74.02
M20901,M,59.54,20.8,14.3,60.5,4,94.28,2.83,126.96,40.88,72.47
M20902,M,57.27,17.87,10.45,70.06,7,95.82,2.91,104.8,35.73,75.28
M20903,M,58.99,19.41,10.6,63.7,3,95.76,2.99,112.96,38.59,73.67
M20904,M,58.3,19.62,12.75,66.29,4,94.9,3.07,113.84,39.07,73.05
L53225,L,61.46,23.39,7.9,53.86,2,96.84,3.15,137.82,45.92,69.95
L53226,L,61.45,23.72,8.0,53.94,4,96.8,3.2,139.32,46.59,69.5
H35461,H,53.69,15.66,9.1,84.82,2,96.36,3.25,84.26,32.2,76.48
M20908,M,58.16,19.86,11.35,67.87,5,95.46,3.39,108.72,39.9,72.14
M20909,M,58.09,18.98,7.5,68.86,5,97.0,3.47,99.94,38.42,73.11
M20910,M,58.49,20.07,14.65,67.27,4,94.14,3.55,106.32,40.47,71.21
L53231,L,60.97,23.68,8.8,57.26,7,96.48,3.63,130.04,47.05,68.34
L53232,L,51.99,16.09,15.9,92.1,5,93.64,3.68,80.46,33.52,74.29
L53233,L,55.76,18.68,14.0,78.06,7,94.4,3.73,94.76,38.22,72.02
H35468,H,59.17,21.38,7.1,65.21,7,97.16,3.79,110.56,43.14,70.14
L53235,L,59.94,22.26,8.35,62.62,7,96.66,3.92,113.5,44.88,68.88
L53236,L,57.69,19.22,10.45,72.09,5,95.82,3.97,91.08,39.5,71.26
L53237,L,56.95,20.3,11.55,74.3,2,95.38,4.03,99.58,41.51,70.03
M20918,M,57.78,21.06,13.65,71.27,3,94.54,4.08,103.32,42.94,69.0
L53239,L,49.15,16.43,8.8,103.54,6,96.48,4.16,76.3,34.74,73.43
L53240,L,58.24,21.54,12.9,69.98,7,94.84,4.21,103.5,43.96,68.3
H35475,H,58.25,20.18,13.0,70.81,4,94.8,4.27,91.36,41.59,69.37
M20922,M,61.47,26.45,10.25,57.12,4,95.9,4.4,134.14,53.0,63.67
L53243,L,60.94,24.26,17.4,60.37,7,93.04,4.48,115.6,49.19,64.71
L53244,L,54.61,19.55,14.5,84.68,5,94.2,4.53,85.38,40.8,69.08
L53245,L,59.34,23.31,17.6,66.74,3,92.96,4.59,107.76,47.61,65.26
L53246,L,55.97,20.37,14.7,80.02,7,94.12,4.64,87.68,42.41,68.05
L53247,L,59.26,23.46,14.8,67.37,5,94.08,4.69,106.64,48.01,65.13
M20928,M,52.55,18.72,9.9,92.99,5,96.04,4.75,76.74,39.58,69.73
L53249,L,59.13,22.98,12.05,68.56,4,95.18,4.83,100.02,47.33,65.48
L53250,L,58.99,22.64,9.15,69.43,5,96.34,4.88,96.3,46.78,65.93
M20931,M,61.42,25.7,13.25,59.75,5,94.7,4.93,116.24,52.34,62.64
M20932,M,57.97,22.59,18.4,73.46,2,92.64,5.01,94.3,46.86,64.7
M20933,M,56.68,21.83,17.55,78.58,4,92.98,5.09,88.2,45.6,65.26
M20934,M,60.51,25.34,16.7,63.98,4,93.32,5.17,109.26,52.0,61.98
L53255,L,56.52,22.88,18.85,79.21,6,92.46,5.25,93.26,47.7,63.76
L53256,L,61.26,25.1,17.95,62.05,6,92.82,5.31,103.24,51.73,61.73
L53257,L,61.5,26.9,19.05,60.5,7,92.38,5.36,116.18,55.04,59.86
L53258,L,63.6,46.02,47.15,43.94,6,81.14,8.41,144.98,84.78,36.07
M20939,M,63.2,27.58,19.25,54.76,7,92.3,5.47,116.82,56.37,58.95
L53260,L,61.87,25.69,10.4,60.56,6,95.84,5.55,101.76,53.1,61.32
L53261,L,61.22,27.22,12.5,62.24,6,95.0,5.6,113.74,55.92,59.59
L53262,L,63.68,28.56,12.6,53.32,7,94.96,5.65,119.84,58.38,58.24
L53263,L,63.2,29.62,14.7,54.64,7,94.12,5.71,127.78,60.35,56.94
M20944,M,55.1,9.05,6.0,70.72,3,97.6,0.0,102.5,16.22,91.29
L53265,L,54.71,9.42,6.15,72.19,5,97.54,0.08,104.16,16.98,90.74
L53266,L,55.58,9.65,0.25,69.27,4,99.9,0.13,103.64,17.47,90.98
M20947,M,53.94,8.81,5.35,75.54,4,97.86,0.19,97.98,16.03,91.08
L53268,L,55.82,10.55,0.5,68.52,2,99.8,0.27,107.52,19.25,89.79
L53269,L,55.4,10.34,2.6,70.28,4,98.96,0.32,105.18,18.93,89.63
L53270,L,52.56,8.4,0.7,81.2,4,99.72,0.37,92.36,15.52,91.42
L53271,L,56.93,15.66,6.8,62.77,2,97.28,0.43,143.24,28.6,84.17
L53272,L,53.41,8.56,1.9,78.62,5,99.24,0.48,90.16,15.96,90.87
L53273,L,57.59,15.9,6.0,60.8,6,97.6,0.53,141.9,29.18,83.74
M20954,M,57.25,13.78,4.1,63.21,4,98.36,0.59,124.24,25.45,85.69
M20955,M,56.62,13.82,2.25,65.69,7,99.1,0.67,123.64,25.63,85.63
M20956,M,56.26,12.44,7.4,67.93,2,97.04,0.75,111.26,23.25,86.14
H35511,H,56.43,12.08,8.55,67.81,7,96.58,0.83,106.34,22.7,86.14
M20958,M,50.08,8.48,5.8,91.96,7,97.68,0.96,83.28,16.42,89.29
H35513,H,54.75,10.3,8.95,75.3,2,96.42,1.04,89.58,19.77,87.14
M20960,M,50.87,8.8,3.2,89.9,2,98.72,1.17,79.92,17.26,88.71
L53281,L,54.89,11.16,10.35,75.22,5,95.86,1.25,91.52,21.6,85.66
L53282,L,57.48,14.72,9.45,64.74,4,96.22,1.31,115.24,28.05,82.42
L53283,L,58.05,15.36,3.55,62.67,7,98.58,1.36,118.34,29.25,82.3
M20964,M,57.33,14.56,6.65,65.77,5,97.34,1.41,111.82,27.9,82.56
M20965,M,56.53,16.03,8.8,68.08,5,96.48,1.49,122.84,30.63,80.82
L53286,L,57.93,16.74,8.95,63.23,2,96.42,1.57,124.84,32.01,79.95
L53287,L,57.9,17.13,7.05,63.34,4,97.18,1.63,126.76,32.77,79.66
M20968,M,54.47,12.07,6.15,77.87,7,97.54,1.68,89.76,23.76,84.14
M20969,M,56.95,14.96,8.3,68.22,4,96.68,1.76,107.68,29.04,81.13
L53290,L,56.74,15.84,3.45,68.78,6,98.62,1.84,113.28,30.74,80.61
M20971,M,57.5,15.98,6.55,66.31,2,97.38,1.89,112.12,31.05,80.03
L53292,L,51.2,11.42,5.7,90.54,6,97.72,1.97,82.5,22.98,83.99
M20973,M,54.19,13.58,7.8,79.41,7,96.88,2.03,94.48,26.92,81.71
M20974,M,56.83,15.2,8.95,69.85,7,96.42,2.11,101.98,29.91,79.93
L53295,L,58.25,18.48,10.1,63.61,2,95.96,2.19,124.54,35.91,76.66
L53296,L,58.37,17.7,6.2,63.8,2,97.52,2.24,116.86,34.56,77.62
L53297,L,56.61,17.98,5.3,69.91,4,97.88,2.29,120.36,35.14,77.31
M20978,M,60.36,22.39,9.4,55.06,2,96.24,2.35,149.3,43.11,72.81
L53299,L,58.32,17.1,6.55,65.0,3,97.38,2.43,108.02,33.74,77.62
M20980,M,58.37,17.44,8.65,64.88,4,96.54,2.48,109.44,34.41,76.97
L53301,L,58.67,17.03,8.8,64.33,6,96.48,2.56,103.94,33.78,77.11
L53302,L,59.53,21.66,12.9,59.27,4,94.84,2.61,138.64,42.15,72.41
L53303,L,58.5,18.38,14.0,64.66,2,94.4,2.67,112.54,36.33,75.1
M20984,M,54.93,15.68,6.1,78.51,7,97.56,2.72,94.74,31.57,78.16
L53305,L,51.12,13.45,14.25,93.02,5,94.3,2.8,80.3,27.67,79.14
L53306,L,60.27,21.68,6.35,57.66,4,97.46,2.85,132.4,42.5,72.41
L53307,L,62.4,25.32,12.45,48.74,3,95.02,2.91,157.36,49.08,68.4
L53308,L,58.51,18.38,12.55,65.76,4,94.98,2.96,105.98,36.71,74.47
M20989,M,58.44,20.76,9.65,65.02,7,96.14,3.01,123.96,41.05,72.48
L53310,L,59.04,20.33,11.8,63.49,4,95.28,3.09,117.86,40.37,72.45
H35545,H,56.67,18.84,10.9,72.58,4,95.64,3.15,108.0,37.77,73.73
L53312,L,59.89,20.46,10.15,61.22,6,95.94,3.28,113.58,40.85,72.0
L53313,L,59.36,20.23,8.25,63.39,3,96.7,3.33,111.2,40.49,72.26
L53314,L,57.8,19.41,14.35,69.34,5,94.26,3.39,105.62,39.1,72.24
L53315,L,55.55,17.55,9.45,78.23,3,96.22,3.44,92.6,35.82,74.26
H35550,H,60.7,20.63,12.55,59.18,5,94.98,3.49,109.0,41.42,71.05
M20997,M,52.15,15.8,8.8,91.5,7,96.48,3.63,79.16,32.94,75.4
M20998,M,60.04,21.87,10.95,61.66,6,95.62,3.71,115.04,43.91,69.54
L53319,L,58.18,19.71,10.1,69.44,4,95.96,3.79,98.52,40.14,71.35
L53320,L,58.19,20.1,8.2,69.4,2,96.72,3.84,100.38,40.9,71.05
L53321,L,59.75,23.1,9.3,62.75,3,96.28,3.89,121.12,46.36,68.1
L53322,L,55.9,18.81,11.4,78.34,6,95.44,3.95,90.9,38.74,71.6
M21003,M,58.58,20.65,7.5,68.42,2,97.0,4.0,100.7,42.1,70.2
M21004,M,58.09,21.66,14.65,69.92,4,94.14,4.08,107.7,44.02,68.37
M21005,M,60.78,22.93,16.8,60.33,5,93.28,4.16,112.32,46.39,66.81
M21006,M,60.38,22.87,9.95,62.06,5,96.02,4.24,110.6,46.38,67.33
M21007,M,51.46,17.91,9.1,95.5,7,96.36,4.32,81.38,37.59,71.65
L53328,L,59.19,22.45,14.25,66.97,4,94.3,4.4,105.28,45.83,66.86
M21009,M,61.34,25.21,15.35,58.4,5,93.86,4.45,123.2,50.85,64.13
L53330,L,57.2,20.88,10.5,75.11,5,95.8,4.53,92.42,43.18,68.29
L53331,L,59.53,22.58,9.6,66.46,4,96.16,4.59,101.7,46.31,66.71
M21012,M,59.05,22.84,15.7,68.18,7,93.72,4.64,103.24,46.85,65.73
L53333,L,64.32,45.26,39.85,39.17,3,84.06,7.72,153.52,82.54,39.3
M21014,M,56.68,20.37,14.95,78.06,3,94.02,4.77,83.7,42.58,67.67
L53335,L,58.68,22.36,18.1,70.52,2,92.76,4.85,95.08,46.25,65.36
L53336,L,60.57,25.1,18.2,62.85,2,92.72,4.91,113.16,51.22,62.76
L53337,L,56.76,22.28,9.3,77.56,6,96.28,4.96,94.68,46.24,66.03
L53338,L,58.23,22.32,10.4,72.69,4,95.84,5.01,91.74,46.37,65.75
L53339,L,62.34,44.7,40.5,47.6,6,83.8,8.07,143.98,81.98,38.83
L53340,L,59.91,23.86,11.6,66.57,3,95.36,5.12,99.4,49.28,63.96
L53341,L,61.29,26.6,9.7,60.65,2,96.12,5.17,118.18,54.25,61.56
L53342,L,60.2,24.4,10.8,65.7,6,95.68,5.23,100.96,50.39,63.27
L53343,L,63.18,27.86,9.9,53.97,3,96.04,5.28,123.36,56.66,60.12
H35578,H,58.9,23.68,11.0,70.96,3,95.6,5.33,94.52,49.21,63.63
L53345,L,60.98,25.35,17.25,63.48,4,93.1,5.47,102.06,52.39,61.15
H35580,H,62.79,26.71,16.35,56.8,7,93.46,5.52,109.26,54.89,59.88
M21027,M,63.54,29.86,10.6,53.17,4,95.76,5.65,130.44,60.71,57.28
M21028,M,57.57,23.98,13.75,76.91,5,94.5,5.73,89.76,50.26,62.03
L53349,L,62.47,26.99,16.9,58.9,3,93.24,5.81,105.36,55.77,58.8
H35584,H,60.91,27.62,15.0,64.14,6,94.0,5.87,111.38,56.97,58.28
L53351,L,63.14,28.55,12.25,56.52,4,95.1,6.0,112.72,58.8,57.37
L53352,L,60.86,42.64,47.35,57.53,2,81.06,9.05,107.34,79.53,37.39
L53353,L,53.23,6.95,5.0,78.18,5,98.0,0.0,88.26,12.46,93.27
L53354,L,54.17,7.96,0.1,74.67,5,99.96,0.05,93.86,14.34,92.72
L53355,L,55.04,11.4,8.2,70.15,7,96.72,0.11,118.94,20.56,88.69
L53356,L,55.13,9.8,0.3,70.85,7,99.88,0.16,104.9,17.78,90.76
L53357,L,55.02,11.96,1.4,70.37,2,99.44,0.21,121.14,21.72,88.57
L53358,L,58.64,32.78,38.5,47.71,2,84.6,3.27,161.44,54.5,62.37
M21039,M,57.04,12.24,4.6,63.68,5,98.16,0.32,118.12,22.34,87.73
L53360,L,55.74,12.35,3.75,68.42,5,98.5,0.4,119.04,22.64,87.5
L53361,L,48.77,6.28,5.85,95.61,5,97.66,0.45,78.9,11.84,92.59
L53362,L,56.1,10.34,1.95,68.58,5,99.22,0.51,100.1,19.19,89.2
H35597,H,55.87,11.0,7.05,69.25,4,97.18,0.56,104.5,20.44,87.96
L53364,L,55.18,11.03,8.3,72.14,3,96.68,0.69,102.66,20.65,87.46
L53365,L,49.93,7.66,5.4,92.07,7,97.84,0.75,81.76,14.69,90.62
M21046,M,57.33,14.05,2.5,63.63,4,99.0,0.8,121.46,26.2,85.05
L53367,L,57.08,16.64,5.65,63.53,2,97.74,0.88,140.74,30.94,82.2
L53368,L,56.95,14.28,3.75,65.36,5,98.5,0.93,120.8,26.77,84.37
M21049,M,50.31,8.43,4.85,91.28,2,98.06,0.99,82.0,16.37,89.36
L53370,L,52.75,9.8,3.0,82.55,6,98.8,1.07,87.78,18.92,88.11
H35605,H,50.38,8.86,7.1,91.37,4,97.16,1.12,82.32,17.3,88.4
L53372,L,57.63,15.08,6.35,63.86,7,97.46,1.25,119.16,28.63,82.54
L53373,L,55.5,13.52,3.45,72.14,4,98.62,1.31,108.36,25.89,84.09
L53374,L,55.67,14.06,6.55,71.52,2,97.38,1.36,111.22,26.92,83.16
L53375,L,53.43,11.79,8.65,80.56,3,96.54,1.41,94.98,22.93,84.84
L53376,L,53.89,12.0,10.75,79.05,4,95.7,1.47,94.82,23.37,84.31
L53377,L,56.98,16.01,8.85,66.65,3,96.46,1.52,121.46,30.63,80.76
M21058,M,56.15,12.9,11.95,71.25,3,95.22,1.57,96.48,25.11,83.1
L53379,L,57.07,15.76,8.1,66.97,5,96.76,1.65,116.34,30.35,80.71
L53380,L,54.48,12.57,8.2,77.67,3,96.72,1.71,93.18,24.7,83.42
M21061,M,57.0,16.4,9.3,67.3,2,96.28,1.76,119.2,31.64,79.73
L53382,L,60.21,19.24,9.45,55.18,6,96.22,1.84,135.72,36.83,76.96
L53383,L,58.7,16.13,9.55,62.14,5,96.18,1.89,111.68,31.32,79.6
M21064,M,57.08,14.56,8.65,68.67,3,96.54,1.95,100.18,28.58,80.95
M21065,M,54.6,12.9,10.8,78.35,5,95.68,2.03,88.52,25.71,82.01
M21066,M,55.08,13.42,4.95,76.74,7,98.02,2.11,90.18,26.73,81.93
L53387,L,58.4,16.74,11.1,63.98,3,95.56,2.19,110.34,32.78,78.13
M21068,M,58.88,18.29,8.2,61.75,7,96.72,2.24,120.96,35.64,76.88
L53389,L,59.13,17.08,10.35,61.81,2,95.86,2.32,109.14,33.57,77.54
L53390,L,58.8,18.24,11.45,62.58,4,95.42,2.37,117.68,35.72,76.25
L53391,L,59.94,19.48,12.55,58.26,5,94.98,2.43,124.8,38.0,74.89
L53392,L,59.38,20.86,5.65,59.67,7,97.74,2.48,135.44,40.55,74.2
L53393,L,57.26,16.32,8.75,69.44,5,96.5,2.53,100.84,32.48,77.82
L53394,L,59.65,18.81,13.85,60.19,4,94.46,2.59,116.24,37.0,74.94
L53395,L,57.83,18.17,10.95,66.96,7,95.62,2.64,112.42,35.92,75.66
L53396,L,54.94,14.96,10.05,78.72,3,95.98,2.69,89.48,30.23,78.49
M21077,M,58.91,19.76,11.15,62.87,4,95.54,2.75,121.3,38.92,73.93
H35632,H,60.3,21.13,10.3,57.74,2,95.88,2.83,128.52,41.47,72.58
H35633,H,59.85,19.86,10.55,60.42,4,95.78,2.96,115.94,39.35,73.35
L53400,L,59.09,21.6,13.8,62.7,3,94.48,3.09,128.0,42.66,71.1
M21081,M,60.76,22.14,10.9,56.88,4,95.64,3.15,128.78,43.68,70.77
H35636,H,54.55,16.13,6.05,81.54,6,97.58,3.23,87.44,33.01,76.44
M21083,M,58.19,19.56,9.3,67.82,6,96.28,3.36,106.84,39.32,72.69
L53404,L,57.41,18.55,8.45,71.33,3,96.62,3.44,98.04,37.61,73.47
M21085,M,60.2,20.83,13.55,60.78,4,94.58,3.49,111.28,41.78,70.77
H35640,H,61.5,25.54,11.7,54.28,7,95.32,3.57,145.42,50.33,66.52
L53407,L,59.64,20.67,6.95,63.62,6,97.22,3.71,105.98,41.76,71.01
L53408,L,60.66,23.8,11.05,58.75,7,95.58,3.76,128.46,47.45,67.65
L53409,L,49.78,15.79,9.15,100.36,7,96.34,3.81,78.1,33.15,74.88
M21090,M,57.47,19.85,8.25,72.12,5,96.7,3.87,98.82,40.49,71.19
M21091,M,59.68,22.04,8.4,63.73,5,96.64,3.95,111.5,44.52,69.01
L53412,L,58.59,19.68,15.55,68.96,4,93.78,4.03,92.32,40.39,70.2
L53413,L,60.24,21.52,15.65,62.59,7,93.74,4.08,103.54,43.75,68.4
L53414,L,60.12,22.7,13.75,62.6,4,94.5,4.13,111.98,45.94,67.39
L53415,L,58.48,21.04,7.85,69.28,7,96.86,4.19,99.72,43.03,69.33
M21096,M,59.76,21.94,8.95,64.63,2,96.42,4.24,104.04,44.72,68.26
L53417,L,61.28,22.66,14.1,59.37,6,94.36,4.32,105.88,46.11,66.9
L53418,L,61.69,27.47,10.2,55.76,6,95.92,4.37,142.6,54.8,62.84
L53419,L,58.05,21.18,9.3,71.61,6,96.28,4.43,96.08,43.59,68.42
M21100,M,61.75,24.14,9.4,57.63,7,96.24,4.48,113.48,48.96,65.62
L53421,L,62.86,26.78,17.55,52.81,2,92.98,4.56,131.28,53.8,62.23
L53422,L,60.71,24.74,16.65,61.43,7,93.34,4.61,116.72,50.21,64.0
L53423,L,50.17,18.15,13.75,101.12,7,94.5,4.67,77.28,38.46,70.06
M21104,M,58.08,21.88,14.85,72.31,4,94.06,4.72,95.1,45.23,66.46
L53425,L,61.37,24.83,14.0,59.84,7,94.4,4.8,112.3,50.6,63.7
H35660,H,61.25,26.26,15.1,59.72,3,93.96,4.85,122.74,53.24,62.16
L53427,L,60.9,26.54,12.35,61.33,7,95.06,4.99,122.44,53.9,61.84
L53428,L,62.22,45.42,43.45,47.54,2,82.62,8.04,150.5,83.24,37.96
L53429,L,60.29,24.16,10.55,65.02,2,95.78,5.09,101.84,49.77,63.87
L53430,L,60.67,24.86,14.65,63.57,5,94.14,5.15,105.8,51.11,62.69
M21111,M,59.59,24.72,16.75,67.54,4,93.3,5.2,104.96,50.93,62.46
L53432,L,60.56,24.86,12.9,64.47,4,94.84,5.28,102.96,51.28,62.51
L53433,L,59.5,23.72,19.0,68.89,7,92.4,5.33,94.1,49.3,62.78
L53434,L,62.57,27.91,17.1,56.45,5,93.16,5.39,122.16,56.87,59.08
L53435,L,63.05,45.64,43.2,46.13,5,82.72,8.44,142.18,84.15,36.73
L53436,L,61.45,40.93,40.3,54.18,6,83.88,8.49,105.46,75.76,41.1
L53437,L,56.97,12.28,8.0,62.66,4,96.8,0.0,125.72,22.0,88.2
M21118,M,54.02,10.34,2.1,73.98,7,99.16,0.05,113.06,18.59,90.39
M21119,M,56.83,12.25,1.25,63.68,4,99.5,0.13,122.72,22.13,88.55
L53440,L,56.34,11.96,9.4,65.82,2,96.24,0.21,119.32,21.72,87.77
L53441,L,56.68,12.7,0.5,64.5,3,99.8,0.27,123.54,23.1,87.87
L53442,L,53.48,9.31,3.6,77.4,2,98.56,0.32,99.62,17.09,90.45
M21123,M,52.71,7.94,2.7,80.93,4,98.92,0.37,88.56,14.72,91.63
L53444,L,55.08,11.14,7.85,71.48,5,96.86,0.45,109.02,20.53,88.04
L53445,L,57.44,13.17,3.95,62.57,7,98.42,0.51,120.86,24.25,86.47
L53446,L,57.72,13.38,8.05,61.71,6,96.78,0.56,120.96,24.69,85.73
L53447,L,54.84,10.64,3.15,73.18,2,98.74,0.61,101.8,19.85,88.53
L53448,L,54.23,10.38,4.25,75.61,2,98.3,0.67,99.32,19.44,88.52
M21129,M,56.79,12.96,6.35,65.72,7,97.46,0.72,115.28,24.14,85.85
L53450,L,48.49,7.1,8.5,97.5,7,96.6,0.8,78.02,13.74,90.68
M21131,M,53.19,9.88,5.6,80.16,2,97.76,0.85,92.64,18.8,88.33
M21132,M,57.25,15.98,1.75,63.46,2,99.3,0.93,133.98,29.82,83.05
L53453,L,53.24,10.26,5.9,80.42,6,97.64,1.01,92.02,19.69,87.54
M21134,M,55.74,11.42,4.0,71.44,6,98.4,1.07,96.66,21.83,86.55
L53455,L,54.6,11.49,10.15,75.66,6,95.94,1.15,96.96,22.05,85.67
L53456,L,60.4,19.75,9.25,51.78,3,96.3,1.2,153.86,36.93,78.21
L53457,L,57.15,13.91,2.35,66.1,5,99.06,1.25,110.42,26.53,84.0
L53458,L,55.65,13.5,6.45,71.65,7,97.42,1.31,107.96,25.85,83.82
L53459,L,57.69,17.68,10.55,62.76,2,95.78,1.36,137.44,33.42,79.52
M21140,M,56.37,14.52,7.65,69.09,3,96.94,1.41,112.74,27.81,82.5
M21141,M,57.5,14.78,10.8,65.36,4,95.68,1.49,111.5,28.39,81.74
M21142,M,58.13,16.07,10.95,62.87,3,95.62,1.57,119.16,30.8,80.36
L53463,L,53.84,12.34,4.1,79.78,4,98.36,1.65,93.38,24.21,84.18
M21144,M,53.68,12.94,7.2,80.23,5,97.12,1.71,97.28,25.37,83.18
M21145,M,58.26,16.89,5.35,62.86,2,97.86,1.79,120.72,32.54,79.62
L53466,L,55.65,14.4,8.5,73.35,4,96.6,1.87,102.62,28.18,81.32
M21147,M,57.63,16.04,10.6,65.93,4,95.76,1.92,111.78,31.18,79.51
L53468,L,60.08,18.73,4.75,56.49,3,98.1,2.0,128.14,36.11,77.47
L53469,L,61.15,21.51,8.85,51.64,6,96.46,2.05,147.76,41.16,74.43
L53470,L,51.25,11.74,12.95,90.73,2,94.82,2.11,82.04,23.73,82.63
M21151,M,56.91,15.43,4.05,69.63,6,98.38,2.16,102.54,30.4,80.07
L53472,L,56.03,14.62,11.2,73.39,5,95.52,2.24,95.48,29.05,79.87
H35707,H,57.57,18.1,7.3,66.55,3,97.08,2.29,120.04,35.37,77.0
L53474,L,57.48,16.96,10.55,67.97,3,95.78,2.43,107.98,33.47,77.35
H35709,H,53.86,13.66,4.65,82.27,2,98.14,2.48,85.44,27.65,80.75
L53476,L,59.14,17.69,9.9,62.6,3,96.04,2.61,107.38,35.03,76.27
M21157,M,60.95,23.18,12.0,53.86,4,95.2,2.67,147.58,44.93,71.0
L53478,L,59.31,19.26,14.15,61.77,6,94.34,2.75,116.76,38.02,74.08
L53479,L,59.99,20.7,5.25,58.9,5,97.9,2.8,126.1,40.66,73.54
L53480,L,58.13,18.41,10.35,66.64,3,95.86,2.85,109.14,36.63,74.95
M21161,M,57.33,18.62,9.45,69.49,6,96.22,2.91,110.72,37.07,74.71
L53482,L,59.45,21.76,7.6,60.97,6,96.96,2.99,131.14,42.8,71.87
H35717,H,59.21,21.74,10.7,61.98,3,95.72,3.04,130.14,42.84,71.43
L53484,L,58.27,18.9,9.95,67.15,5,96.02,3.17,105.64,37.9,73.71
M21165,M,57.3,17.83,9.05,71.24,6,96.38,3.23,97.26,36.06,74.61
L53486,L,57.97,18.52,15.2,68.89,2,93.92,3.31,100.06,37.4,73.17
L53487,L,57.25,18.7,10.3,71.5,5,95.88,3.36,101.34,37.8,73.35
M21168,M,56.3,16.96,12.4,75.82,5,95.04,3.41,87.52,34.75,74.56
L53489,L,60.82,23.08,8.55,57.56,6,96.58,3.49,128.44,45.81,69.25
L53490,L,50.57,15.09,14.65,96.96,3,94.14,3.55,77.4,31.56,75.66
L53491,L,60.0,21.92,8.75,61.34,3,96.5,3.6,117.92,43.87,69.99
M21172,M,58.8,20.48,12.85,66.41,3,94.86,3.65,106.86,41.36,70.73
L53493,L,60.24,23.1,15.0,60.45,6,94.0,3.73,124.0,46.15,67.96
M21174,M,55.17,17.61,9.1,80.84,6,96.36,3.79,85.86,36.38,73.33
M21175,M,59.27,23.12,11.25,64.29,6,95.5,3.87,122.54,46.36,67.96
L53496,L,58.97,20.84,8.4,66.78,5,96.64,3.95,102.88,42.37,70.08
L53497,L,62.27,24.2,9.5,53.95,3,96.2,4.0,124.02,48.46,66.82
M21178,M,60.95,24.88,12.6,58.36,5,94.96,4.05,130.12,49.76,65.76
L53499,L,59.62,22.4,8.75,64.5,7,96.5,4.13,110.28,45.4,68.16
M21180,M,62.73,25.68,10.85,52.36,5,95.66,4.19,131.08,51.36,64.86
L53501,L,63.08,29.02,16.0,49.79,6,93.6,4.27,155.52,57.45,61.14
M21182,M,60.28,23.01,12.1,62.64,5,95.16,4.32,110.06,46.73,66.78
L53503,L,62.29,24.92,11.25,55.09,7,95.5,4.4,120.82,50.27,64.94
M21184,M,62.11,26.51,9.35,55.1,5,96.26,4.45,132.54,53.18,63.57
L53505,L,57.05,21.67,9.5,75.21,6,96.2,4.53,99.02,44.61,67.68
L53506,L,60.98,23.86,15.6,60.82,6,93.76,4.59,109.9,48.6,64.97
L53507,L,61.48,26.3,13.7,58.1,5,94.52,4.64,127.5,53.03,62.84
L53508,L,57.95,21.5,10.8,72.85,4,95.68,4.69,92.84,44.51,67.28
M21189,M,58.46,22.89,10.9,70.6,7,95.64,4.75,102.02,47.06,65.89
M21190,M,59.43,23.73,13.05,67.14,3,94.78,4.83,105.6,48.67,64.71
H35745,H,60.76,26.57,16.2,61.46,2,93.52,4.91,124.7,53.86,61.64
M21192,M,53.65,20.07,15.45,89.66,7,93.82,5.04,79.48,42.38,67.18
M21193,M,62.17,23.31,15.6,59.1,6,93.76,5.12,91.9,48.29,64.06
M21194,M,57.74,23.2,13.75,74.65,5,94.5,5.2,95.3,48.19,64.13
M21195,M,62.13,26.69,11.9,58.16,4,95.24,5.28,115.4,54.55,60.97
L53516,L,62.73,28.11,14.05,55.7,5,94.38,5.36,124.1,57.19,59.28
M21197,M,62.2,27.14,17.15,58.18,7,93.14,5.41,115.9,55.53,59.69
L53518,L,58.71,23.63,11.3,72.24,6,95.48,5.49,90.82,49.34,63.21
L53519,L,62.12,28.79,18.4,58.16,3,92.64,5.55,126.22,58.65,57.74
H35754,H,62.97,43.28,46.5,48.21,7,81.4,8.6,119.74,80.1,38.1
M21201,M,56.32,11.8,3.0,65.15,2,98.8,0.0,122.82,21.15,89.12
M21202,M,56.07,10.74,4.15,66.83,6,98.34,0.08,112.88,19.35,89.75
L53523,L,50.59,6.23,4.3,88.24,2,98.28,0.16,82.54,11.37,93.57
H35758,H,57.24,12.57,6.4,62.42,4,97.44,0.21,122.88,22.79,87.54
L53525,L,53.38,8.44,8.65,78.28,6,96.54,0.35,92.2,15.57,90.66
L53526,L,58.89,16.38,6.75,55.56,6,97.3,0.4,146.9,29.86,83.6
L53527,L,56.83,12.51,0.85,64.8,2,99.66,0.45,117.62,23.0,87.51
L53528,L,54.91,9.97,2.95,72.86,2,98.82,0.51,98.74,18.51,89.43
L53529,L,55.71,10.48,3.05,70.06,2,98.78,0.56,100.52,19.5,88.83
L53530,L,57.87,14.12,10.15,61.04,3,95.94,0.61,125.44,26.08,84.72
L53531,L,55.31,13.78,6.25,70.21,6,97.5,0.67,125.04,25.54,85.27
L53532,L,56.04,11.86,1.35,68.87,4,99.46,0.72,107.52,22.17,87.34
M21213,M,56.17,12.82,10.45,68.14,6,95.82,0.77,113.82,23.96,85.43
L53534,L,55.18,11.26,7.6,72.62,2,96.96,0.85,100.9,21.27,86.9
L53535,L,56.47,12.2,3.7,67.95,3,98.52,0.91,105.42,23.01,86.31
M21216,M,57.41,14.98,9.8,63.51,2,96.08,0.96,125.2,28.07,83.06
L53537,L,57.82,16.82,7.95,61.49,6,96.82,1.04,137.56,31.47,81.39
M21218,M,56.89,14.71,4.05,65.95,6,98.38,1.09,120.72,27.75,83.53
L53539,L,57.51,17.7,8.2,62.65,7,96.72,1.17,142.0,33.21,80.23
L53540,L,57.41,13.7,10.3,65.2,5,95.88,1.23,109.02,26.12,83.45
M21221,M,58.82,18.16,2.4,58.32,2,99.04,1.28,141.56,34.19,80.11
L53542,L,53.24,11.26,6.55,81.27,6,97.38,1.36,92.16,21.9,85.67
M21223,M,55.04,13.29,3.65,74.26,2,98.54,1.41,104.76,25.62,84.0
M21224,M,57.01,14.9,9.8,67.0,2,96.08,1.49,113.18,28.61,81.73
M21225,M,58.22,19.2,4.95,61.0,2,98.02,1.57,144.04,36.41,78.16
M21226,M,48.81,9.48,4.1,98.51,2,98.36,1.65,77.5,19.1,86.73
L53547,L,56.09,13.48,3.25,71.81,4,98.7,1.73,97.62,26.36,83.03
M21228,M,58.3,17.54,6.35,62.38,6,97.46,1.79,125.86,33.7,78.94
H35783,H,53.18,11.82,12.5,83.14,5,95.0,1.87,85.42,23.57,83.23
L53550,L,60.02,17.73,7.75,57.19,3,96.9,2.0,120.22,34.31,78.07
L53551,L,56.81,15.34,12.85,69.63,2,94.86,2.05,104.32,30.1,79.56
M21232,M,52.02,11.92,6.95,87.99,7,97.22,2.11,82.38,24.04,83.07
H35787,H,54.21,13.78,13.1,79.86,5,94.76,2.19,92.5,27.49,80.57
L53554,L,57.69,16.66,5.35,66.97,7,97.86,2.32,107.72,32.81,78.42
H35789,H,55.96,15.2,10.45,73.85,5,95.82,2.37,97.18,30.25,79.08
L53556,L,55.17,14.7,10.7,77.35,7,95.72,2.51,91.28,29.53,79.15
L53557,L,57.45,16.93,4.8,68.58,7,98.08,2.56,104.82,33.6,77.6
L53558,L,57.91,18.99,11.9,66.2,7,95.24,2.61,119.48,37.36,74.9
L53559,L,58.39,19.48,6.0,64.51,5,97.6,2.67,121.5,38.3,74.92
L53560,L,59.25,21.91,8.1,60.54,4,96.76,2.72,138.6,42.73,72.39
L53561,L,54.35,15.1,11.2,81.0,2,95.52,2.77,89.62,30.58,78.04
L53562,L,58.63,18.95,6.3,64.57,7,97.48,2.83,113.42,37.57,74.93
H35797,H,58.66,19.59,9.4,64.36,2,96.24,2.88,117.26,38.77,73.91
H35798,H,59.1,20.32,10.65,62.99,6,95.74,3.01,119.46,40.24,72.79
L53565,L,60.02,21.52,13.9,59.74,7,94.44,3.15,124.8,42.56,71.03
L53566,L,56.5,18.17,6.0,73.71,6,97.6,3.2,101.72,36.64,74.68
M21247,M,59.02,19.56,9.1,64.57,4,96.36,3.25,108.14,39.2,72.99
H35802,H,58.79,21.65,12.25,64.62,4,95.1,3.33,123.38,43.04,70.59
H35803,H,56.49,17.92,9.5,74.89,3,96.2,3.47,93.74,36.54,73.85
L53570,L,59.95,24.55,11.75,60.22,2,95.3,3.6,139.0,48.58,67.34
M21251,M,60.54,21.71,6.85,59.8,2,97.26,3.65,114.26,43.56,70.23
L53572,L,56.75,19.65,13.0,74.18,6,94.8,3.73,101.2,39.97,71.25
L53573,L,56.84,18.98,7.1,74.41,4,97.16,3.79,94.56,38.84,72.3
M21254,M,60.83,22.52,14.2,59.14,2,94.32,3.84,116.16,45.25,68.28
M21255,M,61.38,24.78,12.35,56.41,3,95.06,3.92,131.72,49.41,66.22
L53576,L,59.29,23.6,8.5,64.5,6,96.6,4.0,123.32,47.39,67.46
M21257,M,58.46,20.31,12.6,69.19,2,94.96,4.05,96.94,41.56,69.86
L53578,L,61.99,26.95,14.75,54.08,7,94.1,4.13,143.42,53.56,63.48
M21259,M,59.86,22.06,9.85,64.02,6,96.06,4.19,106.02,44.86,68.21
L53580,L,58.5,21.75,9.0,69.18,3,96.4,4.27,103.62,44.41,68.36
M21261,M,58.97,22.88,13.1,67.21,6,94.76,4.32,110.86,46.51,66.79
M21262,M,58.9,22.38,15.25,68.01,4,93.9,4.4,105.08,45.7,66.83
L53583,L,58.04,21.84,12.4,71.53,7,95.04,4.48,100.18,44.84,67.38
M21264,M,64.88,28.95,14.5,44.68,3,94.2,4.53,146.46,57.65,60.66
L53585,L,50.89,18.22,8.65,98.44,2,96.54,4.61,78.02,38.51,70.65
L53586,L,60.04,25.4,17.75,63.6,3,92.9,4.67,121.72,51.46,63.16
M21267,M,58.86,21.41,14.85,69.84,5,94.06,4.72,90.22,44.38,66.89
L53588,L,59.1,22.32,12.0,68.89,4,95.2,4.8,95.42,46.12,66.14
L53589,L,59.76,24.76,18.1,65.62,7,92.76,4.85,112.8,50.55,63.21
L53590,L,60.05,25.2,14.2,64.6,5,94.32,4.91,114.68,51.4,63.07
M21271,M,59.88,25.46,13.3,65.27,6,94.68,4.96,115.8,51.93,62.78
L53592,L,61.96,26.17,9.45,58.07,2,96.22,5.04,116.86,53.31,62.32
L53593,L,59.24,23.66,11.55,68.87,3,95.38,5.09,99.28,48.87,64.22
M21274,M,61.58,24.22,12.65,60.74,6,94.94,5.15,99.34,49.95,63.47
L53595,L,61.01,26.23,11.8,62.04,3,95.28,5.23,114.46,53.66,61.54
H35830,H,61.34,25.34,11.9,61.53,3,95.24,5.28,105.68,52.13,62.18
L53597,L,60.68,26.22,19.15,63.89,7,92.34,5.41,110.6,53.87,60.32
H35832,H,62.7,29.42,14.25,55.54,7,94.3,5.47,132.3,59.69,57.8
H35833,H,63.01,43.48,49.5,47.96,3,80.2,8.6,121.28,80.46,37.62
L53600,L,54.91,9.1,2.0,71.35,2,99.2,0.0,103.16,16.31,91.64
L53601,L,54.84,10.51,6.1,71.1,3,97.56,0.05,113.34,18.91,89.83
L53602,L,57.08,14.14,7.2,61.78,4,97.12,0.11,138.14,25.49,86.32
M21283,M,54.81,9.86,4.3,71.92,2,98.28,0.16,105.74,17.87,90.32
M21284,M,56.76,11.52,4.45,64.69,3,98.22,0.24,114.58,20.95,88.6
L53605,L,57.09,14.98,6.6,62.16,7,97.36,0.32,140.06,27.27,85.07
L53606,L,56.35,10.32,2.7,67.24,3,98.92,0.37,102.56,18.97,89.5
L53607,L,56.84,13.6,0.8,64.1,5,99.68,0.43,126.96,24.93,86.6
M21288,M,52.17,7.46,2.9,83.42,4,98.84,0.48,83.06,13.99,91.75
M21289,M,57.34,13.53,7.05,62.94,4,97.18,0.56,122.68,24.96,85.69
L53610,L,55.55,11.72,9.2,70.29,4,96.32,0.64,108.86,21.82,86.89
L53611,L,58.09,16.93,7.3,59.18,4,97.08,0.69,145.86,31.23,82.27
M21292,M,56.78,13.86,10.4,65.42,6,95.84,0.75,121.94,25.8,84.57
L53613,L,55.08,10.98,3.55,73.01,3,98.58,0.83,99.4,20.73,87.63
M21294,M,56.25,12.26,8.65,68.57,7,96.54,0.88,106.88,23.1,85.82
L53615,L,54.49,11.4,10.8,75.35,5,95.68,0.96,100.62,21.66,86.17
L53616,L,52.39,9.57,7.9,83.67,5,96.84,1.01,87.58,18.43,87.97
L53617,L,59.54,19.72,11.0,54.24,3,95.6,1.07,157.84,36.71,78.41
L53618,L,55.25,10.94,10.1,73.58,3,95.96,1.12,92.22,21.02,86.24
L53619,L,54.22,11.7,11.2,76.95,2,95.52,1.17,98.52,22.45,85.31
L53620,L,54.4,11.6,2.3,76.6,6,99.08,1.23,96.36,22.36,86.14
L53621,L,54.59,11.69,11.4,76.1,6,95.44,1.28,95.58,22.58,85.01
L53622,L,58.88,17.7,5.5,58.55,6,97.8,1.33,136.56,33.42,80.07
L53623,L,56.19,12.48,5.6,70.61,2,97.76,1.39,97.34,24.14,84.6
M21304,M,60.14,19.57,11.7,53.72,6,95.32,1.44,147.4,36.91,77.5
L53625,L,54.52,13.16,5.85,76.52,2,97.66,1.52,102.04,25.52,83.61
M21306,M,57.36,14.77,7.95,66.16,6,96.82,1.57,109.82,28.47,81.82
L53627,L,59.4,16.41,7.1,58.64,3,97.16,1.65,118.34,31.51,80.23
H35862,H,51.6,11.32,7.2,88.19,5,97.12,1.71,87.14,22.46,84.64
L53629,L,56.96,16.67,7.45,67.62,3,97.02,1.84,119.58,32.22,79.47
L53630,L,59.07,17.5,3.55,60.15,6,98.58,1.89,122.16,33.78,78.97
L53631,L,54.51,12.72,5.65,78.44,4,97.74,1.95,88.92,25.26,82.91
L53632,L,59.22,18.7,9.75,59.45,4,96.1,2.0,129.12,36.06,76.99
L53633,L,53.01,12.21,5.85,84.24,7,97.66,2.05,84.54,24.5,83.06
L53634,L,56.11,14.52,6.95,72.64,2,97.22,2.11,97.56,28.7,80.74
L53635,L,56.65,16.53,12.05,69.98,5,95.18,2.16,111.7,32.37,78.29
L53636,L,59.3,19.29,4.15,59.7,7,98.34,2.21,128.94,37.39,76.46
L53637,L,59.25,18.8,8.25,60.35,3,96.7,2.27,123.9,36.58,76.35
M21318,M,60.66,22.68,8.35,53.76,4,96.66,2.32,151.84,43.61,72.72
M21319,M,59.37,21.0,6.5,59.35,2,97.4,2.4,138.34,40.69,74.2
L53640,L,60.68,20.66,9.65,55.32,5,96.14,2.48,132.06,40.19,73.98
L53641,L,57.95,16.58,11.75,66.96,4,95.3,2.53,101.9,32.93,77.29
H35876,H,58.33,18.76,8.85,64.77,4,96.46,2.59,117.66,36.91,75.48
H35877,H,60.3,23.26,7.1,56.27,5,97.16,2.72,147.96,45.15,71.28
M21324,M,54.96,15.31,13.35,79.1,2,94.66,2.85,88.7,31.07,77.42
M21325,M,59.69,20.92,10.5,60.34,7,95.8,2.93,125.32,41.23,72.47
L53646,L,55.07,16.82,8.65,78.59,5,96.54,3.01,97.0,33.97,76.12
L53647,L,55.82,16.05,12.75,76.57,5,94.9,3.07,88.64,32.67,76.26
L53648,L,58.58,19.98,11.85,65.36,5,95.26,3.12,115.14,39.79,72.68
M21329,M,58.43,18.27,11.95,66.91,4,95.22,3.17,100.42,36.78,74.07
L53650,L,60.59,23.38,8.1,57.26,2,96.76,3.25,136.58,46.05,69.66
L53651,L,58.55,19.55,7.2,66.38,5,97.12,3.31,107.46,39.24,73.05
H35886,H,57.92,18.48,11.3,69.31,7,95.48,3.36,98.62,37.39,73.45
H35887,H,58.41,23.16,15.55,65.77,6,93.78,3.49,132.34,45.94,68.49
M21334,M,61.48,24.46,13.8,55.12,3,94.48,3.63,135.54,48.44,67.14
L53655,L,58.47,18.67,7.95,68.66,6,96.82,3.71,91.6,38.18,72.7
L53656,L,61.09,23.43,16.05,57.48,5,93.58,3.76,124.88,46.78,67.49
L53657,L,54.5,17.59,9.15,83.26,2,96.34,3.81,86.02,36.38,73.27
L53658,L,57.15,33.88,37.25,66.21,5,85.1,6.87,91.46,61.05,52.02
L53659,L,60.77,22.44,13.35,59.68,5,94.66,3.92,113.76,45.2,68.23
L53660,L,55.64,18.57,13.45,79.46,7,94.62,3.97,88.7,38.34,71.54
L53661,L,61.07,24.18,10.55,58.21,6,95.78,4.03,124.92,48.46,66.66
L53662,L,60.05,23.16,8.65,62.42,3,96.54,4.08,117.0,46.71,67.62
L53663,L,61.1,23.72,14.75,58.74,3,94.1,4.13,118.84,47.78,66.37
H35898,H,53.87,18.19,8.85,86.56,3,96.46,4.19,83.26,37.92,71.78
L53665,L,58.15,22.36,16.1,70.27,7,93.56,4.32,107.78,45.57,66.97
L53666,L,53.7,18.47,17.2,87.72,3,93.12,4.37,81.58,38.67,70.2
H35901,H,59.55,22.33,14.3,65.88,2,94.28,4.43,103.22,45.65,66.89
L53668,L,62.77,27.28,10.55,52.86,3,95.78,4.56,135.4,54.69,62.48
M21349,M,60.5,23.54,11.65,62.73,2,95.34,4.61,107.4,48.06,65.58
L53670,L,62.15,25.2,13.8,56.55,7,94.48,4.69,116.66,51.14,63.66
L53671,L,60.97,27.42,10.9,59.69,2,95.64,4.75,134.76,55.17,61.83
M21352,M,61.38,25.9,13.0,59.25,5,94.8,4.8,120.88,52.53,62.84
L53673,L,62.65,27.92,12.15,54.19,4,95.14,4.88,133.46,56.24,60.91
L53674,L,59.02,23.1,18.25,69.3,2,92.7,4.93,98.74,47.68,64.47
M21355,M,57.96,22.74,11.35,73.33,5,95.46,4.99,96.08,47.09,65.35
L53676,L,56.28,21.95,14.5,79.78,3,94.2,5.07,90.3,45.78,65.52
L53677,L,63.66,46.68,40.6,42.26,2,83.76,8.12,156.84,85.6,36.9
H35912,H,53.12,20.32,18.7,91.89,3,92.52,5.17,79.22,43.0,66.28
L53679,L,58.65,22.62,17.95,72.24,3,92.82,5.31,87.02,47.29,63.95
M21360,M,62.42,27.73,12.05,56.93,2,95.18,5.36,121.52,56.52,59.82
M21361,M,59.83,25.32,12.2,67.34,2,95.12,5.44,104.0,52.3,61.75
L53682,L,45.44,19.98,10.35,119.76,4,95.86,5.52,79.3,42.84,66.51
M21363,M,61.95,27.44,19.45,59.53,3,92.22,5.57,115.1,56.28,58.77
M21364,M,58.89,23.81,16.6,72.14,6,93.36,5.65,88.42,49.86,62.1
L53685,L,62.24,27.1,18.75,59.3,5,92.5,5.73,108.34,55.86,58.73
H35920,H,62.35,28.38,17.85,58.51,2,92.86,5.79,117.28,58.23,57.52
L53687,L,54.32,8.15,7.0,73.82,6,97.2,0.0,96.36,14.61,92.0
H35922,H,51.5,7.84,4.1,83.88,5,98.36,0.05,96.52,14.11,92.43
L53689,L,54.45,9.76,5.35,73.32,5,97.86,0.19,104.88,17.73,90.23
L53690,L,56.09,14.54,9.45,65.48,7,96.22,0.24,139.7,26.38,85.39
M21371,M,44.15,4.8,0.55,111.6,2,99.78,0.29,77.0,8.99,94.87
M21372,M,56.56,13.14,3.7,65.08,6,98.52,0.37,124.86,24.04,86.87
L53693,L,55.49,10.86,9.85,70.22,4,96.06,0.45,106.26,20.04,88.09
L53694,L,55.64,11.97,4.95,69.36,3,98.02,0.51,113.74,22.1,87.44
L53695,L,56.09,12.56,3.05,67.72,2,98.78,0.56,116.6,23.22,86.97
H35930,H,56.3,11.86,1.15,67.57,7,99.54,0.61,109.6,22.05,87.64
L53697,L,55.43,11.39,10.4,71.31,6,95.84,0.75,104.0,21.36,86.78
H35932,H,60.26,19.38,10.5,50.91,7,95.8,0.8,160.04,35.74,79.48
L53699,L,57.43,14.52,4.75,63.59,4,98.1,0.93,122.14,27.22,84.05
M21380,M,53.86,11.68,1.85,77.46,4,99.26,0.99,103.12,22.2,86.74
L53701,L,53.95,10.0,9.0,78.3,3,96.4,1.07,87.72,19.28,87.33
L53702,L,56.59,14.81,9.1,67.04,7,96.36,1.12,121.38,27.97,82.87
M21383,M,51.4,10.44,3.2,87.28,7,98.72,1.17,92.4,20.21,87.23
L53704,L,51.14,9.96,2.35,88.72,2,99.06,1.25,87.08,19.45,87.54
L53705,L,59.37,37.32,32.45,46.94,5,87.02,4.31,173.44,63.97,56.16
L53706,L,56.48,13.68,5.55,68.91,4,97.78,1.36,107.1,26.25,83.6
L53707,L,56.53,15.34,9.65,68.13,5,96.14,1.41,119.12,29.29,81.56
L53708,L,56.15,14.4,4.75,70.1,5,98.1,1.47,110.92,27.67,82.75
L53709,L,57.16,14.78,3.85,66.66,2,98.46,1.52,111.42,28.43,82.36
H35944,H,55.41,12.84,11.95,73.83,3,95.22,1.57,97.1,25.02,83.15
H35945,H,54.82,11.67,3.2,76.96,4,98.72,1.71,85.52,23.09,84.72
H35946,H,59.39,18.52,4.45,58.34,7,98.22,1.84,131.04,35.53,78.11
L53713,L,57.33,17.72,7.7,66.34,2,96.92,1.97,124.48,34.27,78.15
L53714,L,58.38,17.13,5.8,63.24,2,97.68,2.03,117.12,33.28,78.73
H35949,H,57.44,17.14,3.9,66.68,2,98.44,2.08,117.3,33.37,78.77
L53716,L,59.03,18.42,9.15,61.09,5,96.34,2.21,122.32,35.82,76.75
M21397,M,58.0,16.73,8.25,65.69,3,96.7,2.27,109.02,32.86,78.21
L53718,L,58.0,18.19,7.4,65.26,5,97.04,2.35,118.94,35.59,76.77
L53719,L,58.8,20.72,12.5,61.44,3,95.0,2.4,136.92,40.2,73.85
M21400,M,59.85,38.28,38.6,49.26,5,84.56,5.45,154.76,67.16,51.65
L53721,L,57.89,17.18,12.75,66.86,4,94.9,2.53,106.78,34.0,76.66
L53722,L,57.45,16.98,12.85,68.66,5,94.86,2.59,104.66,33.73,76.68
L53723,L,55.26,15.32,8.95,77.24,6,96.42,2.64,93.16,30.82,78.42
M21404,M,58.64,19.7,8.05,63.65,2,96.78,2.69,122.4,38.74,74.44
M21405,M,54.83,15.9,9.2,78.95,2,96.32,2.77,95.36,32.02,77.53
M21406,M,57.94,18.54,9.35,67.23,5,96.26,2.85,110.4,36.85,74.93
L53727,L,54.98,16.1,8.5,78.95,3,96.6,2.93,93.2,32.59,76.99
L53728,L,54.6,14.99,6.6,81.01,6,97.36,2.99,83.6,30.66,78.04
H35963,H,58.2,20.12,5.7,66.29,3,97.72,3.04,118.54,39.93,73.39
L53730,L,58.51,21.02,5.95,65.29,7,97.62,3.17,122.32,41.71,72.2
L53731,L,57.11,18.8,8.05,71.4,4,96.78,3.23,105.32,37.81,73.84
L53732,L,54.7,16.37,14.15,81.12,3,94.34,3.28,87.92,33.5,75.27
L53733,L,60.53,23.18,9.25,57.86,5,96.3,3.33,133.18,45.78,69.52
M21414,M,56.96,17.61,13.35,73.15,5,94.66,3.39,92.38,35.87,73.96
H35969,H,60.61,22.08,11.5,58.66,5,95.4,3.47,121.28,43.97,69.93
L53736,L,56.51,17.77,10.75,75.41,4,95.7,3.6,89.52,36.44,73.51
M21417,M,57.27,18.94,15.85,72.43,5,93.66,3.65,96.56,38.58,71.82
M21418,M,60.14,21.68,15.0,61.51,6,94.0,3.73,112.74,43.6,69.24
H35973,H,59.28,21.19,16.15,65.0,4,93.54,3.81,108.24,42.83,69.34
L53740,L,52.9,17.29,11.4,89.4,5,95.44,3.95,82.82,36.01,72.96
L53741,L,58.27,20.85,9.5,69.38,7,96.2,4.0,102.72,42.46,69.82
M21422,M,54.33,17.48,13.6,84.81,4,94.56,4.05,80.02,36.49,72.29
L53743,L,53.39,17.52,10.75,88.34,4,95.7,4.13,79.84,36.67,72.33
L53744,L,59.05,22.11,8.85,66.79,5,96.46,4.19,107.54,44.95,68.27
L53745,L,59.21,21.92,13.95,66.54,2,94.42,4.24,104.6,44.68,67.79
L53746,L,53.22,18.53,15.05,89.04,4,93.98,4.29,84.52,38.67,70.57
M21427,M,60.07,22.06,14.15,63.92,4,94.34,4.35,102.18,45.07,67.35
L53748,L,59.84,22.36,11.3,64.87,5,95.48,4.43,103.02,45.7,67.17
M21429,M,62.03,23.94,12.4,56.78,2,95.04,4.48,111.5,48.61,65.5
L53750,L,58.35,21.46,14.55,70.97,6,94.18,4.56,94.88,44.25,67.3
M21431,M,62.13,26.19,16.65,55.81,6,93.34,4.61,126.36,52.81,62.7
L53752,L,61.5,27.51,12.8,57.65,5,94.88,4.69,135.96,55.27,61.7
M21433,M,55.34,20.56,17.9,82.47,4,92.84,4.75,87.7,42.89,67.27
L53754,L,59.46,22.73,16.05,67.54,6,93.58,4.83,97.56,46.88,65.3
M21435,M,61.37,25.96,11.15,59.57,6,95.54,4.88,119.62,52.74,62.75
L53756,L,58.65,23.6,14.3,70.4,6,94.28,4.96,102.68,48.61,64.34
L53757,L,62.44,26.36,17.4,56.22,4,93.04,5.01,118.36,53.63,61.42
L53758,L,60.24,25.42,11.5,64.44,7,95.4,5.07,112.66,52.01,62.71
L53759,L,60.91,25.76,14.6,62.17,5,94.16,5.12,113.22,52.68,61.96
L53760,L,60.89,25.3,17.7,62.7,2,92.92,5.17,108.34,51.92,61.93
L53761,L,60.19,24.68,12.8,65.61,5,94.88,5.23,103.18,50.88,62.83
L53762,L,60.7,24.76,15.9,64.02,6,93.64,5.28,101.96,51.1,62.3
M21443,M,61.13,25.55,12.0,62.38,7,95.2,5.33,106.46,52.58,61.85
L53764,L,63.12,27.24,15.15,54.98,7,93.94,5.41,115.44,55.71,59.81
M21445,M,59.86,24.6,13.25,67.7,6,94.7,5.47,97.6,51.04,62.22
L53766,L,62.09,27.64,10.4,58.83,7,95.84,5.55,117.06,56.59,59.57
M21447,M,56.91,22.95,12.5,79.18,3,95.0,5.6,85.46,48.25,63.42
L53768,L,62.18,27.14,15.65,59.28,7,93.74,5.68,109.94,55.87,59.14
M21449,M,54.4,9.72,2.0,72.79,6,99.2,0.0,108.86,17.43,91.08
L53770,L,51.43,6.72,8.15,84.79,6,96.74,0.08,87.06,12.14,92.96
L53771,L,47.71,5.62,3.25,98.34,6,98.7,0.13,82.26,10.25,94.28
M21452,M,56.0,12.51,1.35,66.6,3,99.46,0.19,124.74,22.66,88.16
L53773,L,52.86,8.18,4.5,79.86,4,98.2,0.27,92.58,14.99,91.52
L53774,L,46.75,5.88,1.6,102.21,6,99.36,0.32,81.46,10.96,93.72
M21455,M,56.17,10.77,8.7,67.61,2,96.52,0.37,106.4,19.78,88.49
M21456,M,56.35,11.21,2.85,67.1,6,98.86,0.45,107.88,20.67,88.47
L53777,L,56.05,13.3,9.0,67.4,2,96.4,0.53,123.22,24.52,85.77
L53778,L,56.93,14.54,6.1,63.93,4,97.56,0.59,130.68,26.8,84.82
L53779,L,55.98,11.8,9.2,68.8,4,96.32,0.64,108.88,21.95,86.82
M21460,M,57.05,13.83,7.3,64.28,5,97.08,0.69,122.48,25.67,85.05
M21461,M,58.27,14.3,3.45,60.2,5,98.62,0.77,122.74,26.61,84.81
L53782,L,57.96,14.24,4.6,61.58,7,98.16,0.85,120.88,26.6,84.53
M21463,M,57.6,14.57,7.7,62.87,3,96.92,0.91,122.86,27.27,83.78
M21464,M,55.22,12.31,8.85,72.5,4,96.46,0.99,106.26,23.32,85.48
M21465,M,53.59,10.73,5.0,79.19,7,98.0,1.07,94.02,20.58,87.08
H36020,H,55.91,14.51,4.15,69.64,5,98.34,1.15,119.36,27.47,83.55
L53787,L,55.79,13.62,4.4,70.99,4,98.24,1.28,109.32,26.03,83.98
M21468,M,55.32,13.2,8.5,73.05,5,96.6,1.33,105.46,25.35,83.81
L53789,L,57.14,14.22,2.65,66.59,5,98.94,1.41,109.28,27.28,83.27
L53790,L,56.19,12.9,9.75,70.7,6,96.1,1.47,98.86,24.99,83.6
H36025,H,55.61,13.01,7.85,72.84,7,96.86,1.52,99.34,25.25,83.55
L53792,L,61.07,22.46,12.1,49.87,3,95.16,1.65,164.44,42.36,74.3
L53793,L,56.9,15.4,9.2,67.95,2,96.32,1.71,112.46,29.76,80.78
L53794,L,54.82,12.46,10.3,76.77,4,95.88,1.76,90.6,24.56,83.17
L53795,L,56.55,15.96,12.4,69.27,3,95.04,1.81,115.1,30.92,79.67
M21476,M,59.02,17.05,5.5,60.48,4,97.8,1.87,119.2,32.93,79.25
L53797,L,59.96,21.04,8.65,55.53,6,96.54,1.95,148.02,40.19,75.15
M21478,M,60.2,37.45,38.75,46.72,7,84.5,5.0,157.78,65.09,53.58
M21479,M,55.66,14.07,8.9,74.32,2,96.44,2.08,95.14,27.85,81.02
M21480,M,53.36,12.43,4.05,83.34,7,98.38,2.16,83.42,25.03,82.76
M21481,M,52.44,12.17,11.2,86.96,5,95.52,2.24,80.82,24.66,82.07
L53802,L,57.88,19.74,10.35,64.78,2,95.86,2.32,132.06,38.32,75.16
M21483,M,58.68,17.4,11.45,63.4,7,95.42,2.37,111.04,34.2,77.01
L53804,L,57.46,17.31,8.6,67.94,6,96.56,2.45,110.24,34.15,77.16
M21485,M,59.14,18.62,13.7,61.74,7,94.52,2.51,117.22,36.56,75.34
L53806,L,56.43,18.38,13.85,71.46,4,94.46,2.59,117.26,36.24,75.32
M21487,M,52.67,13.44,6.95,87.08,6,97.22,2.64,81.72,27.45,80.3
L53808,L,56.88,16.78,12.1,71.26,7,95.16,2.72,100.86,33.54,76.58
L53809,L,59.79,20.67,7.2,59.51,7,97.12,2.77,126.74,40.57,73.45
M21490,M,59.6,20.8,8.3,60.3,3,96.68,2.83,126.88,40.88,73.07
M21491,M,60.21,22.54,12.45,57.63,6,95.02,2.91,138.16,44.1,70.89
L53812,L,61.42,21.76,6.6,54.17,3,97.36,2.99,128.42,42.8,71.97
M21493,M,55.14,16.44,7.7,78.63,7,96.92,3.04,93.34,33.34,76.48
L53814,L,60.19,20.48,14.85,59.56,5,94.06,3.12,116.92,40.68,71.93
L53815,L,58.24,19.34,14.95,67.03,3,94.02,3.17,109.28,38.71,72.8
M21496,M,54.81,16.06,11.05,80.67,7,95.58,3.23,86.48,32.88,76.0
H36051,H,59.57,21.92,10.2,61.69,5,95.92,3.31,125.06,43.49,70.62
L53818,L,59.72,21.37,12.45,61.96,3,95.02,3.44,117.46,42.68,70.54
L53819,L,60.85,22.58,11.55,57.71,6,95.38,3.49,124.4,44.91,69.4
L53820,L,61.57,21.44,15.65,55.98,6,93.74,3.55,113.08,42.94,69.87
L53821,L,56.28,17.98,6.75,76.11,6,97.3,3.6,91.44,36.79,73.73
L53822,L,60.28,20.34,9.85,61.38,6,96.06,3.65,103.62,41.09,71.16
M21503,M,62.13,26.24,6.95,52.28,4,97.22,3.71,147.16,51.75,66.01
L53824,L,58.48,22.34,7.1,67.08,4,97.16,3.79,119.1,44.85,69.29
M21505,M,59.69,21.42,8.2,63.59,3,96.72,3.84,108.92,43.27,69.86
L53826,L,59.88,20.31,13.35,63.8,7,94.66,3.92,97.98,41.39,70.13
L53827,L,53.43,17.52,8.45,87.59,4,96.62,3.97,83.34,36.45,72.98
L53828,L,59.87,22.36,7.55,63.22,4,96.98,4.03,111.96,45.19,68.6
M21509,M,61.94,25.96,7.65,54.52,5,96.94,4.08,136.8,51.73,65.21
L53830,L,58.96,21.3,8.8,67.4,3,96.48,4.16,101.82,43.48,69.06
M21511,M,63.17,26.54,11.9,50.53,4,95.24,4.21,136.72,52.93,63.92
H36066,H,58.83,21.8,14.05,68.1,2,94.38,4.29,103.0,44.54,67.74
M21513,M,58.55,20.56,14.3,70.22,2,94.28,4.43,90.4,42.47,68.48
L53834,L,50.01,17.67,14.45,101.32,6,94.22,4.51,77.26,37.4,70.84
L53835,L,58.28,21.86,12.55,71.02,5,94.98,4.56,98.18,44.97,67.14
M21516,M,59.59,25.02,17.65,65.14,3,92.94,4.61,120.46,50.7,63.66
L53837,L,62.28,25.98,8.8,55.71,6,96.48,4.69,122.68,52.53,63.47
L53838,L,61.53,26.96,8.9,58.02,2,96.44,4.75,130.4,54.37,62.43
L53839,L,58.74,22.22,9.0,70.19,4,96.4,4.8,95.12,45.94,66.53
H36074,H,61.78,25.51,16.1,58.3,2,93.56,4.85,116.02,51.89,62.74
M21521,M,60.76,24.91,11.35,62.6,7,95.46,4.99,109.62,50.99,63.4
M21522,M,52.24,19.88,10.5,94.71,4,95.8,5.07,79.26,42.06,67.78
L53843,L,60.9,27.24,16.65,61.58,7,93.34,5.15,124.48,55.37,60.36
L53844,L,60.47,25.2,11.75,64.3,6,95.3,5.2,107.56,51.78,62.54
L53845,L,61.95,26.14,12.85,58.93,7,94.86,5.25,111.8,53.52,61.45
L53846,L,62.39,28.77,14.95,56.32,2,94.02,5.31,131.08,58.31,58.74
H36081,H,60.67,26.06,14.05,63.77,3,94.38,5.36,110.52,53.51,61.12
L53848,L,61.7,26.28,15.3,60.66,4,93.88,5.49,107.92,54.09,60.44
L53849,L,60.38,25.12,10.4,65.99,7,95.84,5.55,99.22,52.07,61.83
L53850,L,54.22,21.85,13.5,88.98,4,94.6,5.6,80.36,46.28,64.31
L53851,L,63.61,27.48,18.6,54.11,6,92.56,5.65,111.34,56.45,58.61
L53852,L,62.69,29.74,17.7,56.33,6,92.92,5.71,129.48,60.57,56.53
L53853,L,63.4,45.23,40.8,46.38,7,83.68,8.76,131.2,83.81,36.49
L53854,L,59.99,26.32,18.9,67.74,2,92.44,5.81,103.36,54.56,59.2
L53855,L,60.62,24.6,16.0,66.65,5,93.6,5.87,87.58,51.55,60.89
L53856,L,62.95,28.76,13.1,56.77,5,94.76,5.92,116.46,59.08,57.31
L53857,L,62.83,27.54,20.2,57.98,2,91.92,5.97,105.7,56.97,57.55
M21538,M,57.56,31.4,32.0,51.1,7,87.2,3.0,157.92,51.7,64.95
L53859,L,56.83,10.84,0.15,64.18,4,99.94,0.08,112.64,19.53,90.06
L53860,L,56.53,12.82,4.25,64.44,6,98.3,0.13,127.74,23.16,87.73
L53861,L,56.47,11.84,3.35,65.33,5,98.66,0.19,118.7,21.45,88.57
L53862,L,55.26,10.44,6.45,70.38,5,97.42,0.24,108.04,19.03,89.36
L53863,L,58.15,13.53,6.55,59.14,7,97.38,0.29,127.56,24.62,86.45
L53864,L,55.01,11.14,7.65,71.33,3,96.94,0.35,111.56,20.41,88.34
L53865,L,55.15,12.1,1.75,70.55,7,99.3,0.4,117.84,22.2,87.93
L53866,L,52.55,7.56,7.85,81.97,6,96.86,0.45,83.9,14.13,91.24
L53867,L,52.83,8.7,3.95,80.65,5,98.42,0.51,91.4,16.23,90.48
L53868,L,55.1,11.76,10.05,71.52,7,95.98,0.56,111.56,21.78,86.98
L53869,L,55.19,12.59,8.15,71.0,2,96.74,0.61,116.92,23.35,86.29
L53870,L,58.2,14.3,5.25,60.0,7,97.9,0.67,125.26,26.48,84.9
M21551,M,55.83,14.11,2.35,68.44,3,99.06,0.72,125.8,26.21,85.22
M21552,M,51.14,8.3,2.5,87.8,3,99.0,0.8,83.98,15.89,90.2
M21553,M,52.43,9.32,10.65,83.14,7,95.74,0.88,88.52,17.81,88.27
M21554,M,59.16,18.56,6.8,55.72,7,97.28,0.96,151.4,34.48,80.16
M21555,M,59.09,17.07,7.95,57.02,4,96.82,1.04,137.82,31.92,81.17
L53876,L,54.45,11.18,4.1,76.21,4,98.36,1.12,95.32,21.47,86.61
L53877,L,54.41,12.04,9.2,76.13,6,96.32,1.17,101.06,23.08,85.19
L53878,L,57.74,14.86,8.3,63.47,2,96.68,1.23,117.76,28.19,82.62
M21559,M,56.38,13.94,11.4,68.83,4,95.44,1.28,111.12,26.61,82.99
H36114,H,57.88,16.63,11.55,62.64,7,95.38,1.36,128.78,31.54,80.36
L53881,L,55.06,13.0,9.8,74.65,6,96.08,1.49,100.66,25.21,83.43
M21562,M,54.52,12.64,5.9,76.88,6,97.64,1.55,97.28,24.62,84.01
M21563,M,53.45,11.93,11.05,81.24,3,95.58,1.63,91.28,23.45,83.92
M21564,M,56.94,14.12,12.2,68.44,4,95.12,1.71,102.2,27.48,81.63
M21565,M,58.9,19.89,4.35,59.16,2,98.26,1.79,143.84,37.91,77.04
L53886,L,59.0,17.12,10.5,60.49,6,95.8,1.87,119.82,33.07,78.68
L53887,L,56.51,15.51,6.6,70.04,4,97.36,1.92,109.12,30.24,80.38
M21568,M,57.91,15.27,4.7,65.56,3,98.12,1.97,104.08,29.88,80.64
L53889,L,57.76,15.56,6.85,66.27,7,97.26,2.05,104.82,30.5,79.96
L53890,L,60.11,18.74,9.95,56.78,5,96.02,2.11,125.86,36.28,76.65
L53891,L,58.68,18.01,10.05,62.3,3,95.98,2.16,120.72,35.02,77.17
H36126,H,57.43,15.74,4.15,67.93,7,98.34,2.21,103.12,31.03,79.65
L53893,L,59.03,18.34,12.4,61.63,7,95.04,2.35,118.72,35.86,76.14
L53894,L,58.74,20.65,8.5,61.68,3,96.6,2.4,136.4,40.06,74.32
L53895,L,56.82,14.96,8.6,71.32,2,96.56,2.45,92.32,29.93,79.27
L53896,L,59.63,20.92,12.7,58.89,6,94.92,2.51,134.94,40.68,73.37
M21577,M,58.57,19.83,10.8,63.28,7,95.68,2.56,126.48,38.8,74.4
L53898,L,48.87,12.42,8.95,100.64,6,96.42,2.64,78.74,25.62,81.02
M21579,M,59.2,18.23,11.05,62.43,5,95.58,2.69,109.82,36.1,75.46
L53900,L,58.9,20.32,13.2,62.74,3,94.72,2.77,125.16,39.95,73.16
L53901,L,61.55,23.73,12.3,52.14,7,95.08,2.83,147.6,46.13,70.05
L53902,L,56.12,15.82,12.4,74.94,4,95.04,2.88,90.54,32.01,77.0
M21583,M,57.52,17.83,5.5,69.34,6,97.8,2.93,103.5,35.68,75.74
L53904,L,57.69,18.24,6.65,68.88,4,97.34,3.01,104.8,36.52,75.05
M21585,M,60.67,20.98,7.75,57.46,4,96.9,3.07,121.38,41.49,72.34
L53906,L,58.71,19.69,12.9,65.16,6,94.84,3.15,112.0,39.29,72.77
L53907,L,54.62,15.98,7.0,81.26,6,97.2,3.2,86.7,32.7,76.55
L53908,L,53.14,15.56,8.1,86.77,7,96.76,3.25,84.22,32.03,76.67
H36143,H,58.54,20.02,8.2,66.19,2,96.72,3.31,111.28,40.09,72.52
M21590,M,60.04,20.9,9.45,61.1,2,96.22,3.44,113.22,41.83,71.26
L53911,L,60.8,23.36,13.6,57.57,2,94.56,3.52,130.1,46.35,68.43
L53912,L,59.15,21.92,10.7,64.19,6,95.72,3.57,119.66,43.83,69.87
M21593,M,62.0,22.58,6.8,54.26,5,97.28,3.63,119.82,45.08,69.53
M21594,M,58.25,21.15,11.95,68.18,4,95.22,3.71,111.7,42.61,70.09
L53915,L,59.65,21.38,16.1,63.56,6,93.56,3.79,109.9,43.14,69.24
L53916,L,59.1,22.07,11.2,65.32,5,95.52,3.84,114.94,44.44,68.98
M21597,M,59.01,20.06,7.3,66.82,4,97.08,3.89,97.74,40.9,71.04
H36152,H,60.18,24.44,9.45,60.93,7,96.22,3.97,129.46,48.87,66.68
L53919,L,60.05,23.22,10.7,62.49,3,95.72,4.11,116.84,46.84,67.3
L53920,L,61.06,26.46,10.8,57.62,6,95.68,4.16,140.14,52.71,64.25
M21601,M,59.82,22.52,13.9,64.04,4,94.44,4.21,109.12,45.71,67.33
H36156,H,57.98,20.38,9.05,71.76,7,96.38,4.29,92.78,41.99,69.51
L53923,L,61.34,22.78,11.3,59.51,2,95.48,4.43,104.36,46.46,66.79
M21604,M,63.15,27.96,12.4,50.92,2,95.04,4.48,142.16,55.82,61.89
M21605,M,61.83,24.83,8.55,57.34,7,96.58,4.56,117.1,50.3,64.87
M21606,M,59.25,24.04,12.7,66.88,7,94.92,4.64,112.56,49.0,64.95
M21607,M,59.07,21.61,11.85,69.04,7,95.26,4.72,91.54,44.73,67.01
H36162,H,53.06,19.23,18.0,91.19,2,92.8,4.8,78.92,40.56,68.32
L53929,L,59.48,23.78,14.25,67.36,3,94.3,4.93,103.5,48.89,64.27
M21610,M,60.71,25.96,15.35,62.27,6,93.86,4.99,118.1,52.87,62.06
M21611,M,60.8,24.48,14.5,63.01,5,94.2,5.07,104.3,50.31,63.26
L53932,L,57.96,22.82,16.65,73.89,6,93.34,5.15,93.12,47.44,64.32
L53933,L,62.69,28.28,16.75,55.11,4,93.3,5.2,129.1,57.29,59.28
L53934,L,61.15,24.98,17.85,62.26,6,92.86,5.25,103.7,51.46,61.98
M21615,M,58.77,23.82,12.95,71.24,3,94.82,5.31,96.46,49.44,63.37
L53936,L,56.28,22.81,17.1,80.6,4,93.16,5.39,90.0,47.73,63.65
L53937,L,56.6,22.87,11.2,79.66,3,95.52,5.44,88.84,47.91,64.05
L53938,L,59.25,24.68,16.3,69.86,6,93.48,5.49,98.48,51.22,61.77
L53939,L,62.27,42.72,41.4,50.69,5,83.44,8.55,117.42,79.03,39.25
L53940,L,55.88,10.15,6.0,67.47,2,97.6,0.0,110.22,18.19,90.3
L53941,L,56.68,12.86,5.1,63.57,4,97.96,0.05,129.6,23.12,87.82
L53942,L,57.3,13.62,0.2,61.29,4,99.92,0.11,133.64,24.55,87.49
M21623,M,51.25,7.1,2.3,85.55,4,99.08,0.16,88.64,12.94,92.98
L53944,L,54.91,10.3,9.45,71.65,6,96.22,0.24,107.32,18.76,89.2
L53945,L,54.33,8.96,6.55,74.52,6,97.38,0.29,96.2,16.42,90.55
M21626,M,56.62,11.84,1.65,65.43,7,99.34,0.35,114.94,21.66,88.31
L53947,L,55.52,11.7,5.8,69.6,4,97.68,0.43,113.58,21.52,87.81
H36182,H,56.67,11.32,3.9,66.04,2,98.44,0.48,107.68,20.89,88.2
L53949,L,57.43,14.99,10.15,62.1,6,95.94,0.61,133.04,27.65,83.93
M21630,M,55.79,12.02,8.25,69.44,5,96.7,0.67,110.38,22.4,86.64
M21631,M,49.29,7.86,1.4,94.17,3,99.44,0.75,84.24,15.05,90.84
L53952,L,55.57,12.3,8.55,70.65,4,96.58,0.83,109.32,23.11,85.94
L53953,L,57.89,14.62,2.65,61.74,2,98.94,0.88,123.42,27.31,84.32
H36188,H,52.62,9.62,10.75,82.54,4,95.7,0.93,89.54,18.44,87.84
L53955,L,53.89,10.7,6.0,78.15,2,97.6,1.07,93.4,20.53,87.0
L53956,L,57.14,15.24,9.1,64.93,2,96.36,1.12,124.02,28.73,82.48
L53957,L,49.93,8.85,8.2,93.13,4,96.72,1.17,81.62,17.35,88.16
M21638,M,51.91,10.06,3.3,85.92,3,98.68,1.23,87.38,19.58,87.43
M21639,M,58.5,17.47,5.45,59.86,2,97.82,1.31,135.84,32.97,80.35
L53960,L,55.86,13.78,2.6,71.11,3,98.96,1.39,108.2,26.47,83.73
M21641,M,56.88,13.14,9.7,68.13,7,96.12,1.44,100.48,25.39,83.45
L53962,L,56.43,17.91,10.85,67.6,7,95.66,1.52,137.42,34.03,78.86
L53963,L,57.67,16.44,11.95,64.28,5,95.22,1.57,122.8,31.48,79.92
M21644,M,58.58,18.0,4.05,60.55,6,98.38,1.63,132.82,34.34,79.17
L53965,L,58.7,16.44,10.2,61.23,5,95.92,1.71,118.38,31.65,79.74
L53966,L,58.47,18.0,9.3,61.45,3,96.28,1.76,129.98,34.51,78.3
H36201,H,58.84,20.07,4.4,59.37,5,98.24,1.81,144.76,38.27,76.8
M21648,M,58.67,16.81,9.65,62.09,5,96.14,1.95,116.0,32.61,78.83
M21649,M,55.32,13.76,11.8,75.42,5,95.28,2.03,94.32,27.23,81.15
M21650,M,47.08,10.5,7.95,105.7,2,96.82,2.11,77.78,21.49,84.25
L53971,L,56.89,16.86,11.1,69.12,2,95.56,2.19,113.42,33.0,78.02
L53972,L,53.16,12.72,8.2,84.19,6,96.72,2.24,84.22,25.65,81.88
L53973,L,56.18,14.73,12.3,73.04,6,95.08,2.29,94.96,29.32,79.52
L53974,L,58.86,20.84,13.4,60.98,7,94.64,2.35,138.96,40.34,73.8
L53975,L,58.2,19.8,8.5,63.95,2,96.6,2.4,130.34,38.54,75.08
M21656,M,60.84,21.94,11.6,54.03,2,95.36,2.45,142.6,42.43,72.72
M21657,M,56.35,16.32,13.75,72.59,4,94.5,2.53,102.1,32.48,77.32
L53978,L,55.55,15.94,10.9,75.83,5,95.64,2.61,98.32,31.89,77.74
M21659,M,41.64,26.05,41.0,118.78,6,83.6,5.67,77.12,45.5,61.82
M21660,M,61.02,20.44,9.15,55.28,6,96.34,2.75,123.8,40.13,73.53
L53981,L,60.76,20.53,14.3,56.44,7,94.28,2.83,123.08,40.39,72.72
M21662,M,56.65,16.39,11.4,72.85,3,95.44,2.88,94.42,33.04,76.58
M21663,M,60.43,19.73,13.55,58.48,6,94.58,2.96,114.14,39.13,73.16
L53984,L,57.31,17.55,5.7,70.63,2,97.72,3.04,99.16,35.31,75.69
M21665,M,58.69,18.68,10.8,65.51,6,95.68,3.09,105.14,37.41,74.03
L53986,L,57.17,17.74,9.95,71.53,2,96.02,3.17,97.96,35.84,74.74
L53987,L,58.09,20.03,9.05,67.44,5,96.38,3.23,113.78,40.0,72.64
L53988,L,60.44,21.09,14.15,59.0,4,94.34,3.28,117.82,41.97,71.04
L53989,L,59.06,19.52,11.25,64.74,3,95.5,3.33,106.0,39.23,72.59
L53990,L,55.68,18.78,7.35,76.96,2,97.06,3.39,103.54,37.98,73.5
L53991,L,58.98,21.92,9.45,64.24,3,96.22,3.44,122.88,43.66,70.34
L53992,L,61.28,23.93,9.55,55.54,5,96.18,3.49,134.6,47.33,68.39
M21673,M,60.32,21.39,11.65,60.3,7,95.34,3.55,114.4,42.85,70.32
H36228,H,59.76,21.9,12.8,62.3,4,94.88,3.63,117.5,43.87,69.53
L53995,L,60.46,22.3,12.05,60.2,5,95.18,3.76,116.74,44.76,68.9
L53996,L,59.79,22.24,11.15,62.73,4,95.54,3.81,115.94,44.71,68.9
M21677,M,59.62,23.62,14.25,62.84,2,94.3,3.87,126.06,47.26,67.21
M21678,M,57.32,19.31,9.4,73.19,5,96.24,3.95,92.94,39.64,71.35
L53999,L,61.75,23.58,7.55,56.16,2,96.98,4.03,119.18,47.38,67.5
L54000,L,59.02,20.86,16.65,67.12,5,93.34,4.08,100.02,42.59,68.88
M21681,M,59.16,21.78,8.75,66.36,5,96.5,4.13,105.9,44.28,68.72
M21682,M,56.87,19.94,15.9,75.48,2,93.64,4.21,92.58,41.1,69.44
M21683,M,63.37,26.96,12.05,49.92,2,95.18,4.29,137.96,53.77,63.32
L54004,L,56.6,19.44,11.2,77.28,2,95.52,4.37,85.4,40.41,69.93
L54005,L,55.38,19.56,9.3,81.62,6,96.28,4.43,86.76,40.68,69.88
L54006,L,55.52,18.84,16.4,81.68,6,93.44,4.48,79.64,39.46,69.67
M21687,M,60.05,24.05,10.5,63.72,6,95.8,4.53,113.9,48.87,65.45
L54008,L,61.93,27.06,13.65,56.07,2,94.54,4.61,133.64,54.38,62.22
H36243,H,60.8,22.92,15.75,62.24,5,93.7,4.67,100.88,47.02,65.58
M21690,M,62.62,27.75,14.0,54.08,2,94.4,4.8,133.98,55.84,61.08
L54011,L,59.71,27.72,13.15,64.39,5,94.74,4.88,135.9,55.88,60.99
M21692,M,62.41,25.42,17.25,56.49,5,93.1,4.93,112.68,51.84,62.49
L54013,L,62.45,28.32,11.4,55.19,5,95.44,5.01,133.94,57.12,60.27
L54014,L,62.64,27.98,16.5,54.91,4,93.4,5.07,129.76,56.58,59.93
L54015,L,56.43,21.78,10.6,79.56,6,95.76,5.12,87.58,45.56,65.92
H36250,H,63.33,28.72,16.7,52.59,2,93.32,5.17,132.38,58.05,58.96
M21697,M,62.26,25.57,15.95,58.37,2,93.62,5.31,105.66,52.58,61.5
L54018,L,60.21,26.56,18.1,65.22,6,92.76,5.39,114.6,54.45,60.19
L54019,L,60.44,24.84,17.2,65.48,3,93.12,5.44,99.36,51.45,61.68
L54020,L,57.0,21.9,15.3,79.0,3,93.88,5.49,79.38,46.25,64.36
M21701,M,60.08,25.39,17.4,66.85,7,93.04,5.55,101.82,52.56,60.89
L54022,L,59.53,24.28,15.55,69.61,4,93.78,5.63,91.9,50.67,61.86
L54023,L,61.43,27.66,17.65,61.62,7,92.94,5.68,115.18,56.81,58.47
M21704,M,56.7,23.0,18.75,80.4,5,92.5,5.73,83.16,48.51,62.4
M21705,M,53.02,8.1,9.0,78.35,4,96.4,0.0,97.76,14.52,91.84
M21706,M,55.29,12.62,7.15,68.59,6,97.14,0.08,128.96,22.71,87.77
L54027,L,51.61,7.48,7.3,84.11,3,97.08,0.16,91.14,13.61,92.14
M21708,M,57.02,13.96,8.4,62.47,3,96.64,0.21,134.38,25.3,86.08
L54029,L,55.53,10.28,9.55,69.76,4,96.18,0.29,105.16,18.8,89.06
M21710,M,55.25,9.99,9.65,71.05,2,96.14,0.35,102.02,18.35,89.17
M21711,M,57.19,11.6,8.8,63.9,7,96.48,0.43,110.48,21.34,87.6
H36266,H,54.25,9.7,0.95,75.25,4,99.62,0.51,97.44,18.02,89.88
L54033,L,57.1,12.1,1.2,64.8,3,99.52,0.64,109.74,22.49,87.35
L54034,L,55.79,12.8,9.3,69.15,3,96.28,0.69,116.02,23.83,85.77
M21715,M,53.77,9.91,6.4,77.74,6,97.44,0.75,94.48,18.72,88.51
M21716,M,51.21,8.18,6.55,87.71,6,97.38,0.83,82.32,15.71,89.84
L54037,L,54.41,11.62,6.7,75.29,5,97.32,0.91,103.64,21.98,86.53
L54038,L,56.73,14.23,7.8,66.24,2,96.88,0.96,120.14,26.73,83.94
M21719,M,50.36,8.72,2.9,91.09,2,98.84,1.01,83.58,16.91,89.23
L54040,L,50.43,8.33,11.05,91.34,6,95.58,1.09,78.6,16.32,88.55
H36275,H,46.17,7.59,2.15,106.56,5,99.14,1.15,77.34,15.06,89.96
M21722,M,58.3,16.19,6.4,61.1,2,97.44,1.28,126.48,30.65,81.48
L54043,L,54.81,11.46,7.55,75.77,3,96.98,1.36,91.6,22.26,85.39
L54044,L,60.13,19.24,11.65,53.78,7,95.34,1.41,145.36,36.28,77.87
L54045,L,56.37,14.08,11.75,69.51,6,95.3,1.47,108.02,27.09,82.35
M21726,M,57.55,14.94,8.85,65.23,2,96.46,1.52,112.08,28.7,81.72
L54047,L,59.27,17.52,6.0,58.34,6,97.6,1.6,128.64,33.45,79.48
L54048,L,59.02,16.54,11.1,59.88,7,95.56,1.65,119.86,31.74,79.71
L54049,L,58.37,15.64,9.2,62.78,5,96.32,1.71,112.44,30.21,80.56
H36284,H,55.74,15.08,3.3,72.31,4,98.68,1.76,110.34,29.27,81.52
L54051,L,59.5,17.43,10.55,58.74,7,95.78,1.89,120.98,33.65,78.33
L54052,L,57.77,14.66,12.65,66.27,4,94.94,1.95,100.04,28.76,80.46
L54053,L,57.74,15.88,4.75,65.96,2,98.1,2.0,108.56,31.0,80.03
H36288,H,60.46,20.88,8.85,54.31,4,96.46,2.05,143.7,40.04,74.99
M21735,M,56.29,14.78,7.1,72.21,4,97.16,2.19,97.64,29.28,80.28
L54056,L,58.74,20.4,6.25,61.3,3,97.5,2.27,137.4,39.45,75.12
M21737,M,57.95,16.98,11.35,65.91,5,95.46,2.32,109.96,33.39,77.53
H36292,H,57.61,15.95,10.5,67.93,2,95.8,2.4,100.36,31.64,78.33
H36293,H,47.29,11.85,8.75,105.92,7,96.5,2.53,78.74,24.46,81.83
M21740,M,53.79,14.15,12.0,82.98,5,95.2,2.67,85.22,28.75,79.09
L54061,L,57.2,17.64,13.15,69.83,6,94.74,2.75,106.66,35.11,75.64
L54062,L,49.98,13.75,12.25,96.78,4,95.1,2.8,84.26,28.2,79.07
L54063,L,51.79,13.41,5.35,90.94,5,97.86,2.85,77.86,27.66,79.93
L54064,L,58.56,18.47,7.45,65.36,7,97.02,2.91,107.84,36.8,75.04
L54065,L,60.0,21.06,10.55,59.32,2,95.78,2.96,125.34,41.5,72.27
M21746,M,59.07,19.84,7.65,63.33,2,96.94,3.01,115.7,39.39,73.51
L54067,L,54.55,16.0,5.8,81.1,7,97.68,3.09,89.44,32.62,76.92
M21748,M,59.67,20.79,6.9,61.31,5,97.24,3.15,119.48,41.26,72.38
H36303,H,60.44,20.36,12.05,59.17,6,95.18,3.23,113.14,40.59,72.05
M21750,M,58.48,20.45,10.3,66.37,5,95.88,3.36,113.64,40.93,71.78
L54071,L,58.97,20.6,15.45,64.95,6,93.82,3.44,112.3,41.29,70.93
L54072,L,59.97,21.3,14.55,61.35,3,94.18,3.49,115.4,42.63,70.24
L54073,L,59.6,21.49,11.65,62.76,5,95.34,3.55,116.2,43.03,70.23
L54074,L,60.56,22.38,7.75,59.21,7,96.9,3.6,120.76,44.68,69.68
M21755,M,61.36,22.36,13.85,56.67,6,94.46,3.65,118.34,44.72,68.95
M21756,M,60.04,21.2,9.0,62.1,7,96.4,3.73,109.08,42.74,70.26
L54077,L,61.61,27.32,8.15,53.94,2,96.74,3.81,154.04,53.81,64.65
M21758,M,60.28,22.58,13.25,61.11,4,94.7,3.87,116.76,45.38,68.25
L54079,L,57.12,20.22,11.4,73.44,2,95.44,3.95,100.42,41.25,70.34
L54080,L,57.19,19.82,15.5,73.59,2,93.8,4.0,96.0,40.62,70.14
L54081,L,59.04,20.78,13.6,66.96,6,94.56,4.05,99.94,42.41,69.33
L54082,L,60.36,22.47,12.7,61.82,2,94.92,4.11,110.42,45.5,67.77
M21763,M,58.26,21.43,12.8,69.74,7,94.88,4.16,103.78,43.7,68.55
M21764,M,56.97,20.54,16.95,74.93,4,93.22,4.24,96.68,42.21,68.72
M21765,M,59.3,21.68,13.1,66.66,7,94.76,4.32,100.8,44.36,67.87
M21766,M,59.68,24.18,13.25,64.41,2,94.7,4.4,118.4,48.92,65.41
L54087,L,60.95,23.49,11.4,60.7,6,95.44,4.48,109.38,47.8,66.0
L54088,L,58.62,21.78,9.5,69.76,5,96.2,4.53,97.66,44.79,67.59
L54089,L,62.13,25.78,16.6,55.91,5,93.36,4.59,123.72,52.05,63.14
L54090,L,61.35,25.32,13.7,59.04,3,94.52,4.64,119.88,51.28,63.71
L54091,L,60.74,24.36,9.8,61.82,3,96.08,4.69,111.8,49.62,64.82
M21772,M,58.56,22.22,17.9,70.59,7,92.84,4.75,96.48,45.85,65.79
L54093,L,60.88,24.1,10.05,62.0,3,95.98,4.83,106.62,49.34,64.67
H36328,H,58.21,21.86,18.15,72.47,4,92.74,4.88,91.16,45.39,65.73
L54095,L,61.04,24.09,16.4,62.16,7,93.44,5.01,102.08,49.55,63.56
M21776,M,59.37,23.15,10.5,68.58,5,95.8,5.07,95.66,47.93,64.85
L54097,L,61.24,24.82,17.65,61.64,4,92.94,5.15,104.62,51.02,62.43
L54098,L,60.16,23.55,18.75,66.18,3,92.5,5.2,94.78,48.82,63.31
L54099,L,61.89,25.71,11.85,59.34,7,95.26,5.25,108.48,52.76,61.93
M21780,M,62.26,27.92,10.95,57.19,3,95.62,5.31,124.46,56.79,59.9
L54101,L,62.22,28.18,17.1,57.51,5,93.16,5.39,124.84,57.37,58.83
L54102,L,61.83,28.4,11.2,58.95,2,95.52,5.44,125.86,57.81,59.09
L54103,L,62.32,28.8,12.3,57.25,4,95.08,5.49,127.26,58.61,58.48
L54104,L,61.98,44.86,47.4,50.62,6,81.04,8.55,135.02,82.88,36.72
M21785,M,64.87,30.68,18.5,47.96,6,92.6,5.6,136.32,62.1,55.9
H36340,H,56.38,13.35,7.0,64.18,5,97.2,0.0,135.14,23.93,87.34
L54107,L,55.49,11.25,5.25,68.78,6,97.9,0.13,116.56,20.33,89.04
L54108,L,50.78,6.68,8.35,87.46,2,96.66,0.19,85.32,12.22,92.68
M21789,M,58.33,14.47,8.45,57.82,4,96.62,0.24,136.02,26.24,85.55
M21790,M,50.64,6.41,6.6,88.6,5,97.36,0.32,80.32,11.9,92.75
M21791,M,55.31,11.18,6.75,70.46,2,97.3,0.4,110.22,20.54,88.26
L54112,L,58.3,33.24,39.9,49.48,6,84.04,3.48,160.84,55.61,61.25
L54113,L,55.89,11.75,1.0,68.72,5,99.6,0.53,111.04,21.74,87.96
L54114,L,55.3,11.98,5.1,70.81,7,97.96,0.59,112.52,22.23,87.2
L54115,L,50.39,8.0,2.2,89.9,3,99.12,0.64,86.16,15.14,90.93
L54116,L,56.37,12.26,8.3,67.42,7,96.68,0.69,110.82,22.85,86.36
H36351,H,56.71,12.29,3.4,66.46,6,98.64,0.75,109.44,22.98,86.68
L54118,L,56.86,13.74,3.65,65.73,5,98.54,0.88,117.84,25.75,85.0
M21799,M,58.43,16.05,9.75,59.38,6,96.1,0.93,132.96,29.95,82.18
H36354,H,56.99,14.19,4.9,65.56,6,98.04,1.01,118.26,26.72,84.12
L54121,L,59.14,17.84,9.15,56.88,3,96.34,1.15,141.52,33.43,80.07
M21802,M,53.14,10.32,11.25,81.44,4,95.5,1.2,88.44,20.03,86.46
L54123,L,56.29,12.64,9.4,69.78,2,96.24,1.28,100.84,24.28,84.36
M21804,M,56.86,13.95,2.5,67.38,5,99.0,1.33,109.34,26.7,83.73
M21805,M,51.64,9.79,3.65,87.7,2,98.54,1.41,81.44,19.34,87.14
L54126,L,57.05,16.18,6.8,66.21,7,97.28,1.49,123.32,30.9,80.88
M21807,M,56.01,13.92,4.9,71.14,6,98.04,1.55,105.44,26.91,82.96
L54128,L,57.62,17.73,12.05,63.98,5,95.18,1.63,131.94,33.85,78.62
M21809,M,53.14,11.66,3.15,82.62,4,98.74,1.68,88.38,23.04,84.8
H36364,H,58.98,18.56,12.3,59.42,4,95.08,1.76,133.68,35.5,77.5
L54131,L,56.95,16.56,5.55,67.92,4,97.78,1.89,117.48,32.08,79.62
L54132,L,57.39,15.89,3.65,66.96,5,98.54,1.95,110.36,30.96,80.26
L54133,L,57.97,16.35,12.75,64.92,4,94.9,2.0,112.04,31.85,78.8
M21814,M,58.51,19.24,7.85,61.83,7,96.86,2.05,133.18,37.09,76.56
L54135,L,59.04,18.38,5.0,60.76,7,98.0,2.13,123.78,35.65,77.41
M21816,M,58.59,16.34,9.1,63.53,6,96.36,2.19,106.88,32.06,78.69
L54137,L,60.28,19.85,12.25,56.28,7,95.1,2.27,130.88,38.46,75.01
L54138,L,56.86,17.14,7.35,69.58,3,97.06,2.32,112.66,33.66,77.79
L54139,L,57.21,15.8,6.45,69.25,7,97.42,2.37,100.26,31.33,78.94
L54140,L,59.16,20.28,6.55,60.51,3,97.38,2.43,132.26,39.43,74.77
M21821,M,59.73,17.74,6.65,60.03,5,97.34,2.48,109.96,34.95,76.9
M21822,M,59.9,20.16,5.8,58.57,6,97.68,2.56,127.26,39.38,74.61
H36377,H,51.14,12.9,4.95,92.6,4,98.02,2.64,79.42,26.47,80.99
M21824,M,61.74,21.4,13.2,52.45,4,94.72,2.77,129.86,41.87,72.2
L54145,L,61.11,21.58,7.35,54.81,6,97.06,2.85,130.44,42.32,72.4
L54146,L,51.61,13.9,7.45,91.5,2,97.02,2.91,80.78,28.6,79.14
M21827,M,60.46,21.8,12.55,57.35,6,94.98,2.96,130.7,42.85,71.4
L54148,L,54.38,15.5,8.7,81.7,2,96.52,3.04,86.78,31.64,77.23
M21829,M,57.44,17.3,5.8,70.5,7,97.68,3.09,95.86,34.95,75.76
L54150,L,59.67,20.74,9.95,61.43,4,96.02,3.17,118.52,41.22,72.05
M21831,M,57.94,20.38,6.05,67.76,3,97.58,3.23,116.78,40.63,72.63
L54152,L,60.68,22.4,14.2,57.65,3,94.32,3.31,127.34,44.34,69.79
L54153,L,59.5,20.56,10.3,62.82,7,95.88,3.36,113.04,41.11,71.69
L54154,L,61.66,22.29,8.4,54.76,3,96.64,3.41,122.76,44.29,70.19
M21835,M,60.84,23.3,8.5,57.25,5,96.6,3.47,130.76,46.17,69.13
L54156,L,61.43,22.32,14.65,56.04,3,94.14,3.55,120.28,44.51,69.19
L54157,L,46.46,14.38,10.75,111.66,2,95.7,3.6,76.14,30.34,76.55
L54158,L,60.34,23.54,8.85,59.58,3,96.46,3.65,129.14,46.83,68.39
L54159,L,61.48,26.22,15.95,54.54,3,93.62,3.71,147.86,51.71,65.14
L54160,L,59.33,22.66,14.05,63.92,4,94.38,3.76,121.1,45.39,68.38
H36395,H,57.83,19.56,9.15,70.82,2,96.34,3.81,97.24,39.92,71.5
L54162,L,60.48,22.59,8.4,60.7,7,96.64,3.95,114.8,45.51,68.51
M21843,M,62.08,25.48,11.5,53.96,3,95.4,4.0,134.48,50.75,65.48
M21844,M,56.76,18.49,8.65,76.05,6,96.54,4.08,84.12,38.33,71.81
H36399,H,56.97,18.68,9.8,75.56,6,96.08,4.16,83.56,38.77,71.31
L54166,L,57.26,20.56,9.05,74.12,7,96.38,4.29,95.16,42.3,69.36
L54167,L,46.42,16.49,11.15,113.6,2,95.54,4.35,76.34,35.08,72.65
L54168,L,60.44,24.9,15.25,61.45,2,93.9,4.4,123.16,50.22,64.56
M21849,M,58.61,22.18,11.35,69.31,2,95.46,4.45,102.76,45.43,67.25
L54170,L,46.04,31.95,40.5,107.93,5,83.8,7.53,76.36,58.45,51.66
L54171,L,60.2,22.11,11.6,64.4,7,95.36,4.59,96.98,45.46,66.94
L54172,L,58.99,23.14,9.7,68.23,5,96.12,4.64,105.72,47.38,66.06
M21853,M,56.96,20.48,10.8,76.76,6,95.68,4.69,86.0,42.67,68.2
L54174,L,62.36,27.62,15.95,54.94,7,93.62,4.77,133.9,55.57,61.07
M21855,M,57.62,22.28,9.05,74.11,3,96.38,4.83,96.5,46.07,66.41
M21856,M,58.93,22.72,16.2,69.69,3,93.52,4.91,96.42,46.96,65.09
M21857,M,59.82,24.51,17.35,66.04,3,93.06,4.99,107.72,50.27,63.16
M21858,M,62.5,25.92,16.5,56.44,5,93.4,5.07,113.56,52.91,61.76
M21859,M,61.58,24.62,13.65,60.54,3,94.54,5.15,102.54,50.66,63.01
M21860,M,61.59,27.06,13.8,59.62,3,94.48,5.23,120.26,55.14,60.6
L54181,L,60.21,25.47,9.95,65.46,4,96.02,5.31,107.68,52.4,62.19
H36416,H,62.49,27.88,18.05,56.61,3,92.78,5.36,122.62,56.79,59.08
L54183,L,60.77,28.16,19.3,62.92,4,92.28,5.49,124.2,57.45,58.36
L54184,L,54.86,21.72,18.4,86.64,5,92.64,5.55,79.6,45.97,64.08
M21865,M,57.51,13.22,8.0,60.34,4,96.8,0.0,132.58,23.7,87.35
H36420,H,56.44,10.14,9.15,65.88,4,96.34,0.08,107.58,18.28,89.79
L54187,L,55.42,11.94,1.4,68.98,7,99.44,0.21,120.38,21.67,88.6
L54188,L,57.39,13.2,7.5,61.8,3,97.0,0.27,126.56,24.0,86.72
L54189,L,55.0,10.01,9.6,71.8,2,96.16,0.32,103.12,18.35,89.23
M21870,M,56.04,11.84,2.7,67.53,6,98.92,0.37,115.18,21.71,88.13
L54191,L,39.19,19.41,34.85,121.94,6,86.06,3.45,77.06,30.78,74.22
L54192,L,58.68,16.87,2.95,56.46,4,98.82,0.51,148.76,30.88,83.25
M21873,M,55.16,10.76,10.05,71.82,5,95.98,0.56,103.48,19.99,87.88
H36428,H,57.3,13.84,8.2,63.23,2,96.72,0.64,123.46,25.63,85.09
L54195,L,56.74,13.04,1.45,66.08,3,99.42,0.77,114.84,24.36,86.13
L54196,L,55.97,13.26,5.55,68.82,2,97.78,0.83,116.38,24.81,85.39
M21877,M,56.54,11.89,5.65,67.76,6,97.74,0.88,103.48,22.43,86.46
M21878,M,58.04,14.56,1.8,61.57,4,99.28,0.96,120.94,27.31,84.25
L54199,L,52.83,9.9,10.95,82.1,4,95.62,1.04,89.02,19.06,87.3
L54200,L,56.98,16.73,11.05,64.64,6,95.58,1.09,136.8,31.38,81.02
H36435,H,54.55,11.59,4.15,75.76,2,98.34,1.15,97.82,22.23,86.18
L54202,L,55.72,12.14,4.4,71.98,3,98.24,1.28,97.62,23.39,85.31
M21883,M,55.62,13.62,8.5,71.79,3,96.6,1.33,108.44,26.12,83.43
L54204,L,47.63,8.91,8.65,101.89,7,96.54,1.41,79.94,17.78,87.42
H36439,H,57.58,15.58,7.75,64.61,7,96.9,1.47,118.36,29.78,81.4
L54206,L,56.34,14.7,8.0,69.8,6,96.8,1.6,110.06,28.38,81.81
L54207,L,56.91,13.66,10.1,68.57,3,95.96,1.65,99.76,26.59,82.39
M21888,M,58.5,17.72,5.2,61.29,5,97.92,1.71,128.86,33.93,79.1
L54209,L,57.85,15.28,3.35,65.06,4,98.66,1.79,108.48,29.67,81.26
L54210,L,53.28,12.34,9.45,82.43,3,96.22,1.84,90.04,24.47,83.14
L54211,L,57.6,17.95,12.55,64.97,7,94.98,1.89,127.78,34.59,77.66
L54212,L,54.11,13.59,11.65,79.36,4,95.34,1.95,96.46,26.83,81.53
M21893,M,57.87,17.6,5.75,64.65,5,97.7,2.0,122.18,34.09,78.38
H36448,H,52.71,12.79,8.9,85.1,2,96.44,2.08,89.0,25.57,82.17
L54215,L,57.7,16.19,7.15,66.76,6,97.14,2.21,106.34,31.83,78.94
L54216,L,57.14,19.98,4.25,67.01,5,98.3,2.27,136.2,38.68,75.7
L54217,L,57.58,16.84,10.35,67.28,6,95.86,2.32,109.28,33.12,77.76
L54218,L,55.6,15.67,10.45,74.87,3,95.82,2.37,101.48,31.1,78.66
H36453,H,57.62,16.53,12.55,67.68,2,94.98,2.43,104.38,32.71,77.54
L54220,L,54.85,15.26,11.8,78.37,4,95.28,2.56,95.0,30.6,78.4
L54221,L,58.55,17.26,6.9,64.87,6,97.24,2.61,104.8,34.27,76.95
L54222,L,56.1,15.48,12.0,74.36,3,95.2,2.67,92.64,31.13,77.9
M21903,M,50.87,12.94,13.1,93.83,4,94.76,2.72,78.32,26.64,79.93
M21904,M,58.25,17.3,11.25,66.6,2,95.5,2.8,101.3,34.57,75.99
M21905,M,56.82,15.54,8.4,72.68,2,96.64,2.88,87.38,31.52,77.64
M21906,M,53.22,14.43,9.55,85.94,5,96.18,2.96,81.66,29.63,78.31
L54227,L,60.03,19.77,5.7,60.16,4,97.72,3.04,113.22,39.3,73.7
L54228,L,51.27,14.23,5.8,93.24,2,97.68,3.09,79.74,29.44,78.51
L54229,L,58.8,21.26,8.9,64.07,2,96.44,3.15,124.48,42.12,71.76
L54230,L,59.39,21.52,9.0,62.09,3,96.4,3.2,124.54,42.65,71.38
L54231,L,58.01,19.19,9.1,68.21,3,96.36,3.25,106.52,38.52,73.32
H36466,H,58.74,20.62,10.2,65.19,5,95.92,3.31,115.8,41.16,71.79
H36467,H,58.06,20.0,7.45,68.35,7,97.02,3.44,108.74,40.21,72.27
H36468,H,59.54,21.5,12.7,63.05,6,94.92,3.57,115.72,43.07,70.05
L54235,L,56.97,18.77,13.95,73.76,7,94.42,3.71,94.46,38.36,72.01
M21916,M,60.72,23.93,11.05,58.48,3,95.58,3.76,129.38,47.67,67.54
L54237,L,57.07,20.57,16.2,73.02,3,93.52,3.84,105.72,41.75,69.82
L54238,L,59.26,23.16,13.3,64.42,6,94.68,3.89,122.2,46.45,67.66
L54239,L,57.51,20.29,14.4,72.06,7,94.24,3.95,100.48,41.38,69.97
H36474,H,59.97,20.9,9.5,63.5,5,96.2,4.0,100.78,42.55,69.78
L54241,L,60.6,24.83,13.75,59.89,3,94.5,4.13,128.32,49.75,65.48
M21922,M,61.23,25.34,10.85,57.68,6,95.66,4.19,130.34,50.73,65.18
L54243,L,63.84,25.72,9.0,48.84,4,96.4,4.27,128.08,51.53,64.8
M21924,M,57.18,20.39,9.1,74.61,7,96.36,4.32,93.32,42.03,69.44
L54245,L,61.81,26.42,14.25,55.99,7,94.3,4.4,133.48,52.96,63.3
M21926,M,59.13,22.41,17.35,67.4,6,93.06,4.45,103.84,45.83,66.44
M21927,M,61.93,24.12,12.5,57.24,6,95.0,4.53,111.92,49.0,65.18
L54248,L,60.93,24.54,16.65,60.78,4,93.34,4.61,114.82,49.85,64.18
L54249,L,60.06,23.85,14.75,64.32,6,94.1,4.67,109.3,48.68,64.85
L54250,L,62.91,29.41,17.85,51.95,4,92.86,4.72,148.66,58.71,59.42
H36485,H,60.47,24.47,17.95,63.02,6,92.82,4.77,111.3,49.93,63.69
M21932,M,61.58,25.15,14.2,59.38,6,94.32,4.91,112.18,51.31,63.11
L54253,L,60.91,25.76,12.35,61.67,2,95.06,4.99,116.22,52.51,62.54
M21934,M,61.01,24.92,12.45,61.94,3,95.02,5.04,108.16,51.07,63.14
L54255,L,60.4,27.21,17.6,63.19,7,92.96,5.12,125.52,55.28,60.36
L54256,L,54.29,20.77,16.7,87.62,3,93.32,5.17,81.2,43.8,66.08
M21937,M,59.68,23.43,10.8,67.98,6,95.68,5.23,93.88,48.64,64.15
L54258,L,63.22,29.07,9.95,53.32,4,96.02,5.31,132.34,58.85,58.97
L54259,L,62.0,26.36,10.05,59.07,7,95.98,5.36,111.1,54.05,61.25
L54260,L,60.63,28.06,18.15,63.12,3,92.74,5.41,125.46,57.19,58.77
L54261,L,63.27,29.55,19.25,53.52,2,92.3,5.47,132.52,59.91,57.18
L54262,L,61.99,26.56,13.35,59.62,5,94.66,5.52,109.16,54.62,60.31
L54263,L,62.66,47.17,41.45,47.22,4,83.42,8.57,151.92,87.05,35.18
L54264,L,57.22,22.98,11.55,78.21,5,95.38,5.63,84.68,48.34,63.42
L54265,L,61.79,27.29,18.65,60.56,2,92.54,5.68,111.68,56.14,58.71
L54266,L,46.86,20.55,16.75,115.42,6,93.3,5.73,77.08,44.12,64.8
L54267,L,59.53,39.98,42.85,62.41,6,82.86,8.79,93.96,74.44,40.92
M21948,M,53.51,8.18,2.0,76.61,2,99.2,0.0,97.68,14.65,92.47
L54269,L,53.48,8.76,8.15,76.72,6,96.74,0.08,100.64,15.81,91.12
M21950,M,55.64,10.42,8.25,68.69,3,96.7,0.13,109.76,18.86,89.48
L54271,L,58.06,13.39,1.4,59.21,3,99.44,0.21,128.36,24.27,87.3
L54272,L,55.57,9.78,2.5,69.76,5,99.0,0.27,101.66,17.86,90.29
H36507,H,57.44,13.64,1.6,61.63,7,99.36,0.32,128.78,24.85,86.78
L54274,L,56.45,12.84,6.85,65.93,6,97.26,0.45,120.74,23.58,86.62
L54275,L,55.96,14.0,4.95,67.25,4,98.02,0.51,129.5,25.73,85.63
L54276,L,55.96,13.63,3.05,67.64,2,98.78,0.56,125.38,25.14,86.0
M21957,M,59.74,14.92,4.15,54.19,6,98.34,0.61,129.26,27.51,84.6
L54278,L,53.88,10.23,4.3,76.98,5,98.28,0.69,98.04,19.22,88.57
M21959,M,57.86,13.26,5.4,62.02,3,97.84,0.75,115.66,24.73,85.6
L54280,L,55.09,10.68,2.55,73.11,3,98.98,0.83,96.98,20.19,87.99
L54281,L,51.07,8.34,4.65,88.33,4,98.14,0.88,82.6,16.07,89.74
M21962,M,56.31,13.35,8.75,68.03,3,96.5,0.93,114.28,25.11,84.7
H36517,H,52.28,10.57,6.9,83.57,6,97.24,1.01,95.74,20.22,87.17
L54284,L,57.13,14.22,5.15,65.59,2,97.94,1.15,115.28,26.94,83.72
L54285,L,55.99,12.15,4.25,70.72,6,98.3,1.2,99.12,23.3,85.52
L54286,L,56.84,13.51,2.35,67.34,6,99.06,1.25,107.64,25.81,84.35
H36521,H,56.46,14.22,2.45,68.49,4,99.02,1.31,112.64,27.15,83.57
M21968,M,56.63,13.27,2.7,68.91,2,98.92,1.44,101.82,25.62,84.04
L54289,L,55.44,14.68,7.85,72.61,6,96.86,1.52,112.98,28.25,82.05
M21970,M,56.68,13.72,6.95,69.04,4,97.22,1.57,102.36,26.59,82.86
M21971,M,57.76,14.81,3.1,65.1,6,98.76,1.65,107.8,28.65,82.06
L54292,L,58.18,16.95,5.25,62.87,5,97.9,1.73,122.54,32.58,79.72
L54293,L,56.29,13.54,12.35,71.28,5,95.06,1.79,96.62,26.53,81.93
H36528,H,57.86,16.47,7.45,64.61,3,97.02,1.84,116.74,31.86,79.65
M21975,M,57.97,19.32,9.7,63.34,2,96.12,1.97,136.4,37.14,76.51
L54296,L,56.01,14.46,4.85,72.82,2,98.06,2.05,98.42,28.53,81.14
L54297,L,56.52,16.34,5.95,70.33,6,97.62,2.11,111.6,31.97,79.2
L54298,L,56.65,15.46,6.05,70.52,4,97.58,2.16,103.1,30.45,79.85
L54299,L,59.43,17.74,8.15,60.03,4,96.74,2.21,116.36,34.61,77.45
L54300,L,46.25,10.82,6.25,108.99,5,97.5,2.27,77.96,22.28,83.7
M21981,M,59.6,18.14,5.35,59.68,5,97.86,2.32,116.9,35.45,77.1
L54302,L,53.68,14.15,7.5,82.32,7,97.0,2.4,91.36,28.41,80.24
M21983,M,56.82,17.46,5.6,70.07,4,97.76,2.45,112.32,34.41,77.33
M21984,M,52.66,13.73,8.75,86.54,5,96.5,2.53,86.36,27.82,80.15
L54305,L,61.59,21.99,5.9,52.05,7,97.64,2.61,138.42,42.74,72.81
M21986,M,57.56,16.48,5.0,68.86,3,98.0,2.67,98.64,32.92,77.71
L54307,L,59.16,21.69,9.15,61.06,5,96.34,2.75,136.36,42.37,72.41
L54308,L,58.16,17.62,10.25,66.74,7,95.9,2.8,104.02,35.15,75.8
L54309,L,56.41,16.31,12.35,73.6,4,95.06,2.85,94.7,32.86,76.63
L54310,L,59.49,20.92,13.45,60.94,5,94.62,2.91,126.16,41.19,72.25
M21991,M,59.81,19.98,11.55,60.51,3,95.38,2.96,117.0,39.57,73.14
L54312,L,59.71,21.1,8.7,60.6,2,96.52,3.04,124.26,41.68,72.21
M21993,M,57.89,19.6,14.8,67.8,6,94.08,3.09,113.64,39.07,72.8
M21994,M,60.11,22.07,5.95,59.26,6,97.62,3.17,128.52,43.59,71.26
L54315,L,59.66,21.84,7.1,61.23,6,97.16,3.25,125.46,43.27,71.15
M21996,M,61.17,25.84,9.2,54.23,2,96.32,3.31,154.26,50.53,67.2
M21997,M,59.18,20.46,15.35,64.07,2,93.86,3.39,112.12,40.98,71.2
L54318,L,62.02,22.9,15.5,53.4,7,93.8,3.47,125.94,45.45,68.79
L54319,L,59.2,21.14,11.6,64.18,2,95.36,3.52,114.5,42.36,70.62
L54320,L,60.91,22.34,8.7,57.93,3,96.52,3.57,120.64,44.59,69.69
M22001,M,61.34,21.98,8.8,56.81,2,96.48,3.63,115.92,44.01,69.86
H36556,H,60.04,21.5,12.95,61.85,3,94.82,3.71,112.04,43.24,69.67
H36557,H,58.3,19.22,12.2,69.49,2,95.12,3.84,93.24,39.33,71.43
M22004,M,59.39,21.99,11.45,64.85,2,95.42,3.97,110.94,44.47,68.67
L54325,L,60.99,23.28,7.6,59.01,5,96.96,4.05,117.26,46.89,67.69
L54326,L,59.85,20.27,16.7,64.66,5,93.32,4.11,93.52,41.55,69.34
L54327,L,60.34,22.78,7.8,61.91,2,96.88,4.16,111.72,46.12,67.84
M22008,M,58.21,22.84,13.9,69.43,2,94.44,4.21,113.94,46.29,67.04
L54329,L,59.91,23.33,16.05,63.64,6,93.58,4.29,113.72,47.27,66.17
L54330,L,61.5,25.36,15.15,57.37,7,93.94,4.35,126.62,50.99,64.3
H36565,H,54.21,18.92,13.25,85.84,6,94.7,4.4,83.92,39.51,70.12
L54332,L,59.31,22.7,10.5,66.95,2,95.8,4.53,104.12,46.45,66.66
L54333,L,60.43,25.58,11.6,61.86,4,95.36,4.59,124.46,51.69,63.82
L54334,L,60.64,23.9,14.7,62.2,7,94.12,4.64,109.46,48.73,64.89
M22015,M,59.44,21.88,16.8,67.51,2,93.28,4.69,93.78,45.18,66.34
M22016,M,58.15,22.0,14.95,72.2,7,94.02,4.77,94.68,45.49,66.21
L54337,L,60.83,24.58,14.1,62.01,5,94.36,4.85,109.92,50.24,63.77
L54338,L,62.3,28.12,18.2,55.39,4,92.72,4.91,134.98,56.64,60.05
L54339,L,60.59,25.3,11.3,62.9,6,95.48,4.96,113.62,51.66,63.12
M22020,M,61.03,25.16,14.4,61.67,6,94.24,5.01,110.7,51.48,62.79
L54341,L,61.77,26.01,11.55,59.0,5,95.38,5.09,114.6,53.09,62.12
L54342,L,62.73,26.42,18.65,55.69,7,92.54,5.15,115.36,53.89,60.9
M22023,M,61.0,25.42,18.75,62.34,2,92.5,5.2,108.62,52.18,61.63
M22024,M,61.49,26.84,11.9,60.28,4,95.24,5.28,117.48,54.82,60.84
L54345,L,62.77,28.06,18.05,55.57,2,92.78,5.36,123.64,57.1,58.93
M22026,M,62.29,27.42,14.15,57.74,5,94.34,5.41,117.98,56.02,59.75
L54347,L,63.36,46.56,42.3,44.82,2,83.08,8.49,147.84,85.85,35.86
L54348,L,52.2,7.38,6.0,81.51,3,97.6,0.0,93.08,13.22,92.79
L54349,L,55.35,13.24,1.1,67.98,5,99.56,0.05,134.44,23.79,87.89
M22030,M,56.13,10.2,4.2,67.0,5,98.32,0.11,107.84,18.41,90.16
M22031,M,56.28,13.44,7.35,65.18,7,97.06,0.19,131.76,24.32,86.73
M22032,M,56.89,12.45,2.5,63.87,5,99.0,0.27,121.24,22.65,87.89
L54353,L,52.88,8.74,2.65,79.83,6,98.94,0.35,95.28,16.11,90.99
L54354,L,55.18,13.32,8.75,69.84,3,96.5,0.4,127.6,24.39,86.13
L54355,L,54.67,12.24,4.85,72.33,5,98.06,0.45,118.38,22.51,87.36
L54356,L,53.56,9.42,6.95,77.79,5,97.22,0.51,96.2,17.53,89.53
L54357,L,57.04,14.08,4.05,63.71,4,98.38,0.56,127.5,25.95,85.5
L54358,L,54.4,9.72,4.15,75.14,3,98.34,0.61,95.0,18.19,89.26
L54359,L,55.58,12.58,3.25,69.86,5,98.7,0.67,115.06,23.39,86.65
M22040,M,54.12,9.74,1.35,76.53,6,99.46,0.72,93.16,18.36,89.24
L54361,L,58.53,15.42,3.5,58.84,6,98.6,0.8,130.82,28.66,83.72
L54362,L,46.55,6.76,4.6,104.52,2,98.16,0.85,76.76,13.2,91.23
L54363,L,56.99,15.44,8.7,64.53,5,96.52,0.91,130.7,28.84,82.9
M22044,M,54.9,11.9,9.8,73.7,4,96.08,0.96,104.06,22.56,85.82
L54365,L,53.84,10.42,2.95,78.39,3,98.82,1.04,91.84,20.0,87.63
M22046,M,54.3,11.13,10.05,76.64,6,95.98,1.09,95.68,21.34,86.14
L54367,L,57.91,17.1,6.2,61.55,6,97.52,1.17,136.64,32.13,80.97
L54368,L,59.66,17.88,3.3,55.36,5,98.68,1.23,139.32,33.61,80.41
L54369,L,56.81,15.42,2.4,66.59,3,99.04,1.28,122.32,29.26,82.57
L54370,L,58.92,15.58,8.5,59.46,6,96.6,1.33,119.5,29.61,81.68
L54371,L,54.85,12.68,8.6,75.11,4,96.56,1.39,100.78,24.5,84.12
M22052,M,57.82,15.27,6.7,63.82,4,97.32,1.44,116.18,29.2,81.85
L54373,L,59.7,20.74,3.85,54.93,6,98.46,1.52,155.52,39.1,77.03
L54374,L,58.69,17.87,11.95,60.06,4,95.22,1.57,132.8,34.03,78.64
M22055,M,57.83,17.2,5.05,63.55,5,97.98,1.63,127.46,32.91,79.79
H36610,H,58.17,15.8,11.2,63.4,6,95.52,1.71,113.92,30.48,80.23
L54377,L,57.44,15.97,10.45,66.32,3,95.82,1.84,113.32,30.96,79.79
M22058,M,56.86,14.3,11.55,69.35,4,95.38,1.89,99.6,28.05,81.03
L54379,L,57.29,16.27,5.7,67.21,3,97.72,1.97,112.94,31.67,79.65
L54380,L,55.88,14.43,5.8,73.18,6,97.68,2.03,98.96,28.44,81.15
L54381,L,57.89,16.39,6.9,65.5,5,97.24,2.08,110.68,32.02,79.14
L54382,L,60.1,21.88,12.0,55.36,2,95.2,2.13,150.32,41.92,73.57
M22063,M,58.59,18.56,12.1,62.42,7,95.16,2.19,124.68,36.05,76.39
L54384,L,57.34,17.23,13.25,67.69,4,94.7,2.27,113.92,33.76,77.26
L54385,L,58.03,16.86,13.35,65.72,7,94.66,2.32,108.86,33.17,77.44
L54386,L,58.46,20.1,12.45,62.8,2,95.02,2.37,132.94,39.04,74.49
M22067,M,57.32,15.88,6.55,69.06,2,97.38,2.43,99.6,31.55,78.72
L54388,L,54.98,14.8,11.7,77.95,7,95.32,2.51,92.34,29.71,78.96
L54389,L,56.24,16.23,4.8,73.09,5,98.08,2.56,100.88,32.34,78.23
M22070,M,60.57,20.39,4.9,56.36,5,98.04,2.61,127.02,39.87,74.35
L54391,L,59.2,18.16,12.05,62.47,6,95.18,2.69,109.22,35.96,75.43
M22072,M,55.28,15.36,6.15,77.57,4,97.54,2.75,91.1,31.03,78.38
M22073,M,59.41,19.78,8.3,61.46,7,96.68,2.83,118.94,39.05,73.99
M22074,M,56.62,19.02,12.45,71.74,6,95.02,2.91,114.9,37.79,74.05
L54395,L,58.86,20.88,10.6,63.41,6,95.76,2.99,124.94,41.23,72.35
M22076,M,56.39,16.15,12.7,74.48,6,94.92,3.04,89.22,32.8,76.25
L54397,L,55.54,16.41,5.85,77.6,3,97.66,3.12,90.72,33.38,76.49
H36632,H,60.19,21.7,12.95,59.15,3,94.82,3.17,125.4,42.92,70.9
M22079,M,58.07,19.34,10.2,68.13,5,95.92,3.31,106.52,38.88,72.93
L54400,L,60.01,20.81,9.35,61.04,5,96.26,3.39,113.78,41.61,71.49
H36635,H,60.01,22.72,14.45,60.29,2,94.22,3.44,127.86,45.1,69.13
M22082,M,61.81,26.15,11.7,52.93,4,95.32,3.57,149.8,51.4,65.98
L54403,L,61.11,23.86,7.85,56.77,4,96.86,3.65,130.68,47.41,68.2
L54404,L,57.91,18.87,12.95,70.46,5,94.82,3.71,93.96,38.53,72.02
M22085,M,53.43,16.73,10.05,87.14,5,95.98,3.76,81.8,34.77,74.09
L54406,L,60.96,24.34,7.2,57.78,2,97.12,3.84,130.58,48.52,67.34
L54407,L,56.35,18.45,15.3,76.77,6,93.88,3.89,88.6,38.03,71.67
H36642,H,61.53,23.69,16.4,56.56,4,93.44,3.95,122.16,47.48,66.73
L54409,L,56.14,20.59,10.65,77.16,3,95.74,4.08,101.78,42.09,69.73
L54410,L,59.21,22.25,13.75,65.97,7,94.5,4.13,109.64,45.14,67.79
L54411,L,59.11,21.71,15.85,66.8,7,93.66,4.19,104.26,44.24,67.92
M22092,M,57.92,23.24,15.95,70.33,5,93.62,4.24,116.98,47.05,66.4
L54413,L,60.8,24.44,17.1,60.13,5,93.16,4.32,120.74,49.29,65.01
M22094,M,61.59,25.15,14.2,57.28,6,94.32,4.37,124.14,50.63,64.52
L54415,L,62.2,26.81,16.35,54.64,6,93.46,4.45,134.82,53.72,62.6
M22096,M,60.82,22.8,15.45,61.6,3,93.82,4.51,103.4,46.59,66.15
M22097,M,58.41,22.18,13.6,70.51,6,94.56,4.59,100.04,45.6,66.67
L54418,L,57.55,23.0,9.75,73.35,3,96.1,4.67,105.94,47.16,66.11
L54419,L,59.71,24.66,14.85,65.32,6,94.06,4.72,115.06,50.2,63.97
M22100,M,62.55,28.4,16.95,53.9,4,93.22,4.77,139.84,56.96,60.28
M22101,M,60.86,25.08,9.1,61.66,2,96.36,4.85,113.88,51.13,63.82
H36656,H,61.49,27.65,15.25,58.52,5,93.9,4.93,131.74,55.83,60.69
M22103,M,62.43,28.0,15.5,55.65,2,93.8,5.07,130.26,56.63,60.0
L54424,L,57.18,22.16,12.65,76.92,2,94.94,5.15,89.0,46.27,65.31
L54425,L,61.35,24.25,16.75,61.72,7,93.3,5.2,98.74,50.08,62.89
L54426,L,58.44,23.04,12.85,72.53,5,94.86,5.25,91.82,47.97,64.23
M22107,M,63.85,29.3,18.95,51.05,3,92.42,5.31,133.28,59.25,57.86
L54428,L,57.42,23.16,14.1,76.52,5,94.36,5.39,91.24,48.36,63.64
L54429,L,62.71,27.5,12.2,56.35,7,95.12,5.44,117.44,56.2,59.8
M22110,M,62.38,26.98,15.3,57.96,7,93.88,5.49,112.58,55.34,59.81
M22111,M,62.2,26.74,15.45,59.03,6,93.82,5.57,109.16,55.02,59.8
H36666,H,61.51,27.68,14.6,61.21,5,94.16,5.65,115.82,56.81,58.83
L54433,L,61.36,27.14,19.85,62.53,3,92.06,5.79,108.64,55.99,58.45
L54434,L,61.84,26.9,12.95,61.2,7,94.82,5.84,104.86,55.63,59.21
M22115,M,58.83,25.03,14.05,72.68,2,94.38,5.89,92.88,52.36,60.63
H36670,H,56.51,10.62,8.0,65.09,6,96.8,0.0,113.16,19.04,89.68
L54437,L,55.06,10.85,0.25,70.48,5,99.9,0.13,113.96,19.62,89.9
L54438,L,51.86,7.04,4.35,83.58,5,98.26,0.19,86.64,12.85,92.77
M22119,M,55.44,11.47,4.45,69.26,4,98.22,0.24,116.0,20.86,88.64
L54440,L,42.08,4.58,8.6,118.91,7,96.56,0.32,77.48,8.62,94.19
L54441,L,50.96,7.4,1.7,87.2,3,99.32,0.37,86.56,13.73,92.22
M22122,M,54.99,10.18,3.8,72.16,3,98.48,0.43,102.1,18.79,89.37
L54443,L,56.77,13.24,3.95,64.83,4,98.42,0.51,122.38,24.38,86.4
M22124,M,56.56,12.9,6.05,65.95,6,97.58,0.56,118.76,23.84,86.35
L54445,L,57.58,14.1,6.2,62.15,3,97.52,0.64,125.08,26.08,85.06
L54446,L,54.81,10.28,5.3,73.76,3,97.88,0.69,97.16,19.31,88.43
L54447,L,53.17,8.91,2.4,80.29,5,99.04,0.75,87.3,16.93,89.8
L54448,L,55.44,11.45,10.5,71.43,6,95.8,0.8,103.26,21.54,86.58
M22129,M,55.55,10.91,9.6,71.54,7,96.16,0.85,97.6,20.64,87.01
L54450,L,51.74,9.25,7.75,85.78,5,96.9,0.93,87.76,17.77,88.48
M22131,M,59.29,15.39,8.85,56.96,6,96.46,0.99,125.26,28.83,82.73
L54452,L,60.71,18.08,11.0,51.06,4,95.6,1.07,143.04,33.75,79.89
M22133,M,53.46,10.66,7.1,79.87,5,97.16,1.12,92.48,20.53,86.78
M22134,M,56.84,13.12,4.25,67.34,7,98.3,1.2,105.76,25.05,84.65
L54455,L,56.41,13.52,11.4,68.94,3,95.44,1.28,107.68,25.85,83.37
M22136,M,58.85,16.2,9.5,59.4,7,96.2,1.33,124.6,30.73,81.02
L54457,L,57.12,17.79,11.65,64.86,4,95.34,1.41,137.9,33.68,79.17
H36692,H,53.7,11.58,10.75,79.91,7,95.7,1.47,91.68,22.61,84.69
L54459,L,57.48,15.02,8.0,65.74,4,96.8,1.6,111.1,28.96,81.52
L54460,L,60.11,37.36,33.1,45.72,3,86.76,4.65,164.96,64.48,55.14
L54461,L,54.54,12.54,4.2,77.48,7,98.32,1.71,92.9,24.66,83.84
L54462,L,57.35,14.38,12.3,67.11,3,95.08,1.76,102.52,28.01,81.24
M22143,M,58.04,20.12,5.4,62.09,2,97.84,1.81,146.26,38.36,76.65
M22144,M,59.55,19.95,10.55,57.27,6,95.78,1.89,141.1,38.17,76.07
M22145,M,61.73,21.34,10.7,49.43,5,95.72,1.97,147.44,40.77,74.6
M22146,M,57.77,15.44,7.85,66.28,5,96.86,2.05,103.8,30.28,79.97
M22147,M,57.13,15.32,8.0,68.84,2,96.8,2.13,102.0,30.18,79.84
M22148,M,50.63,11.84,7.15,93.23,7,97.14,2.21,81.26,24.04,82.84
L54469,L,58.72,20.33,12.3,61.49,2,95.08,2.29,136.26,39.35,74.51
L54470,L,53.36,13.14,5.4,83.73,3,97.84,2.35,84.92,26.54,81.5
L54471,L,59.09,18.88,11.5,61.36,3,95.4,2.4,121.72,36.88,75.61
M22152,M,57.11,16.89,5.6,69.36,5,97.76,2.45,107.32,33.38,77.84
L54473,L,56.17,14.9,4.75,73.9,6,98.1,2.53,90.94,29.93,79.49
L54474,L,53.58,13.84,9.85,83.53,4,96.06,2.59,84.78,28.09,79.8
M22155,M,60.63,22.27,7.95,55.32,7,96.82,2.64,141.38,43.27,72.29
H36710,H,52.68,13.64,11.1,87.23,3,95.56,2.72,81.42,27.9,79.5
L54477,L,58.38,18.51,13.35,65.74,7,94.66,2.85,109.6,36.8,74.56
L54478,L,57.97,17.72,9.45,67.74,7,96.22,2.91,102.64,35.46,75.51
L54479,L,58.62,21.6,5.55,63.8,7,97.78,2.96,131.64,42.49,72.28
L54480,L,59.56,19.62,5.65,61.74,2,97.74,3.01,113.22,38.99,73.91
L54481,L,57.83,19.05,13.75,68.18,7,94.5,3.07,109.88,38.04,73.47
L54482,L,58.77,20.41,12.85,64.5,3,94.86,3.12,118.28,40.55,72.2
L54483,L,60.57,20.87,11.95,58.26,6,95.22,3.17,118.28,41.44,71.74
L54484,L,60.34,20.76,6.05,59.32,4,97.58,3.23,116.48,41.3,72.29
M22165,M,54.64,16.26,10.15,81.37,4,95.94,3.28,87.2,33.32,75.76
L54486,L,61.04,21.53,14.3,57.04,4,94.28,3.36,118.72,42.86,70.42
M22167,M,60.68,23.26,9.4,57.62,3,96.24,3.41,131.9,46.04,69.21
L54488,L,61.53,22.76,14.55,55.27,3,94.18,3.49,124.86,45.23,68.94
L54489,L,59.09,21.86,6.65,64.32,7,97.34,3.55,119.9,43.7,70.39
L54490,L,57.68,19.18,10.75,70.71,4,95.7,3.6,99.12,38.95,72.25
H36725,H,58.43,20.14,6.85,67.83,5,97.26,3.65,104.56,40.73,71.64
L54492,L,60.71,24.46,15.1,58.37,6,93.96,3.79,133.04,48.66,66.59
L54493,L,60.83,21.12,13.2,59.84,3,94.72,3.84,104.96,42.74,69.63
L54494,L,62.92,25.0,11.3,50.9,3,95.48,3.89,131.96,49.77,66.2
L54495,L,60.05,24.34,8.4,61.33,7,96.64,3.95,129.4,48.64,66.94
L54496,L,59.71,23.75,7.5,62.97,2,97.0,4.0,123.94,47.65,67.42
L54497,L,57.72,19.44,16.6,72.18,7,93.36,4.05,90.96,39.99,70.24
H36732,H,59.28,23.3,13.7,65.1,4,94.52,4.11,118.5,46.97,66.93
L54499,L,57.7,20.9,10.95,72.25,5,95.62,4.24,98.48,42.84,69.0
H36734,H,61.29,25.3,14.05,57.9,6,94.38,4.29,127.62,50.81,64.6
L54501,L,54.17,19.16,11.3,85.97,6,95.48,4.43,85.22,39.96,70.04
H36736,H,59.15,21.76,10.4,67.77,6,95.84,4.48,98.06,44.71,67.65
L54503,L,60.66,25.42,10.65,61.24,5,95.74,4.61,122.18,51.42,64.0
M22184,M,55.76,20.65,14.75,80.68,6,94.1,4.67,89.6,42.95,67.72
L54505,L,61.69,25.66,10.9,58.12,5,95.64,4.75,119.78,52.04,63.4
M22186,M,62.97,27.62,18.0,52.94,3,92.8,4.8,132.5,55.62,60.79
M22187,M,59.55,24.49,13.15,66.55,5,94.74,4.88,110.32,50.1,63.88
L54508,L,60.5,25.43,15.3,63.13,3,93.88,4.96,114.74,51.89,62.61
M22189,M,59.7,23.62,18.4,66.99,6,92.64,5.01,100.12,48.7,63.78
H36744,H,60.36,24.43,9.55,64.63,2,96.18,5.09,103.94,50.26,63.73
L54511,L,60.7,24.23,10.8,64.09,7,95.68,5.23,98.88,50.07,63.43
M22192,M,56.67,21.76,11.9,79.37,3,95.24,5.28,83.5,45.72,65.39
M22193,M,63.13,29.4,18.05,53.65,4,92.78,5.36,133.94,59.52,57.72
L54514,L,58.47,23.9,11.2,72.75,6,95.52,5.44,94.48,49.74,63.13
L54515,L,63.85,28.96,18.3,51.92,7,92.68,5.49,126.36,58.88,57.74
H36750,H,60.7,27.34,11.4,63.78,7,95.44,5.55,116.58,56.06,59.74
L54517,L,60.99,25.24,19.65,64.33,2,92.14,5.68,96.38,52.46,60.44
L54518,L,61.68,26.9,16.75,61.35,5,93.3,5.73,107.52,55.5,59.11
L54519,L,54.02,9.1,8.0,74.4,4,96.8,0.0,104.38,16.31,91.04
L54520,L,56.89,11.81,4.1,63.4,2,98.36,0.05,120.92,21.24,88.87
L54521,L,55.22,9.75,5.2,70.38,7,97.92,0.11,105.5,17.6,90.47
M22202,M,53.01,9.1,2.3,78.5,3,99.08,0.16,102.22,16.52,91.19
L54523,L,55.9,12.72,3.45,67.04,3,98.62,0.24,125.36,23.1,87.62
L54524,L,57.19,13.33,3.55,62.54,7,98.58,0.29,127.28,24.27,86.93
L54525,L,57.29,16.16,7.65,60.97,4,96.94,0.35,148.62,29.41,83.83
L54526,L,56.07,12.95,4.75,66.98,4,98.1,0.4,123.38,23.72,86.87
L54527,L,53.83,10.51,9.85,76.1,5,96.06,0.45,105.74,19.41,88.4
H36762,H,56.29,11.62,7.95,67.29,2,96.82,0.51,110.04,21.47,87.46
L54529,L,53.95,11.04,8.2,76.13,6,96.72,0.64,105.66,20.61,87.59
L54530,L,56.4,11.96,3.3,67.47,5,98.68,0.69,108.38,22.31,87.13
L54531,L,56.62,13.09,8.4,66.36,6,96.64,0.75,115.96,24.41,85.46
M22212,M,56.94,13.1,7.5,65.45,6,97.0,0.8,114.4,24.5,85.4
L54533,L,53.44,10.24,3.65,79.23,6,98.54,0.88,94.54,19.47,88.14
M22214,M,57.25,14.73,10.75,64.09,4,95.7,0.93,123.98,27.58,83.27
L54535,L,55.03,11.57,5.9,73.62,6,97.64,1.01,99.96,22.02,86.37
L54536,L,58.8,16.0,9.0,58.65,6,96.4,1.07,129.06,30.03,81.95
L54537,L,56.62,14.08,4.1,67.31,7,98.36,1.12,115.54,26.67,84.02
M22218,M,54.18,11.4,10.2,77.25,7,95.92,1.17,96.18,21.92,85.68
M22219,M,56.4,14.56,8.35,68.32,7,96.66,1.25,116.64,27.69,82.81
L54540,L,55.43,12.8,10.5,72.85,6,95.8,1.33,102.1,24.64,83.96
L54541,L,56.7,13.78,4.6,68.21,6,98.16,1.39,107.04,26.47,83.53
L54542,L,55.42,13.1,4.7,73.15,7,98.12,1.44,102.08,25.3,84.0
L54543,L,58.13,16.7,10.8,62.25,4,95.68,1.49,126.04,31.84,80.01
L54544,L,58.33,17.57,9.9,61.32,5,96.04,1.55,131.44,33.45,79.19
L54545,L,48.86,9.9,3.0,97.9,2,98.8,1.6,81.94,19.78,86.61
H36780,H,56.58,14.16,5.1,69.47,4,97.96,1.65,104.22,27.48,82.44
M22227,M,59.23,20.64,3.35,57.63,6,98.66,1.79,149.38,39.26,76.46
M22228,M,55.52,13.1,9.5,74.45,4,96.2,1.87,92.4,25.85,82.39
M22229,M,55.23,13.24,9.65,75.68,4,96.14,1.95,92.12,26.21,82.04
M22230,M,58.1,17.6,7.8,63.95,4,96.88,2.03,121.3,34.13,78.1
L54551,L,57.36,17.32,4.95,66.94,7,98.02,2.11,118.24,33.72,78.43
L54552,L,57.99,17.16,4.05,65.07,3,98.38,2.16,114.86,33.49,78.53
L54553,L,56.89,16.14,12.15,69.58,6,95.14,2.21,107.06,31.74,78.49
L54554,L,59.48,19.4,4.25,59.25,5,98.3,2.27,128.38,37.65,76.21
M22235,M,56.8,17.11,9.35,69.79,3,96.26,2.32,112.54,33.62,77.62
L54556,L,58.15,17.98,13.5,65.06,2,94.6,2.4,115.82,35.27,76.22
L54557,L,60.13,20.54,13.6,57.18,3,94.56,2.45,132.38,39.93,73.77
L54558,L,59.62,20.62,5.7,59.09,6,97.72,2.51,132.56,40.15,74.34
M22239,M,60.13,19.86,5.8,57.92,6,97.68,2.56,124.54,38.84,74.88
L54560,L,54.6,14.12,12.95,80.09,4,94.82,2.64,84.46,28.66,79.09
L54561,L,58.27,18.86,5.05,65.32,3,97.98,2.69,116.1,37.22,75.5
L54562,L,55.38,15.32,9.15,77.24,4,96.34,2.75,90.56,30.94,78.12
M22243,M,59.63,19.52,14.25,60.74,6,94.3,2.8,117.2,38.56,73.7
L54564,L,56.75,17.69,6.4,71.86,2,97.44,2.88,104.68,35.37,75.92
M22245,M,60.29,22.28,7.5,57.61,5,97.0,2.93,135.3,43.65,71.56
M22246,M,57.48,16.99,13.65,70.2,4,94.54,3.01,95.08,34.28,75.47
H36801,H,59.77,20.43,10.8,60.94,3,95.68,3.09,117.66,40.55,72.46
M22248,M,55.98,17.5,15.05,75.95,2,93.98,3.23,96.48,35.48,74.3
L54569,L,55.88,18.05,6.2,76.33,6,97.52,3.31,99.14,36.55,74.49
M22250,M,59.09,20.38,13.3,64.31,7,94.68,3.36,112.2,40.8,71.55
L54571,L,56.49,18.14,10.45,74.68,7,95.82,3.44,96.1,36.9,73.63
M22252,M,59.22,20.3,12.55,64.45,4,94.98,3.49,108.44,40.84,71.34
M22253,M,57.82,19.57,9.7,69.92,6,96.12,3.57,102.68,39.62,72.07
L54574,L,59.58,20.46,10.85,63.72,6,95.66,3.65,105.58,41.32,70.95
M22255,M,58.29,20.62,6.95,68.29,4,97.22,3.71,107.44,41.67,71.06
L54576,L,57.74,20.13,10.1,70.73,7,95.96,3.79,102.52,40.9,70.96
L54577,L,56.04,18.05,16.2,77.83,4,93.52,3.84,86.94,37.23,72.09
M22258,M,59.58,21.13,16.3,64.34,3,93.48,3.89,105.56,42.82,69.17
L54579,L,57.57,20.7,14.45,71.75,7,94.22,3.97,103.04,42.14,69.54
M22260,M,57.76,20.63,13.55,71.34,2,94.58,4.03,101.06,42.1,69.54
L54581,L,61.11,25.3,14.7,57.8,4,94.12,4.11,131.98,50.56,65.04
M22262,M,60.39,23.36,11.8,61.47,2,95.28,4.16,116.26,47.15,66.93
L54583,L,61.74,24.87,8.95,56.36,4,96.42,4.24,124.72,49.97,65.64
L54584,L,59.23,20.93,16.05,67.18,4,93.58,4.29,95.46,42.97,68.32
M22265,M,59.62,21.84,9.15,65.58,6,96.34,4.35,101.0,44.67,68.06
L54586,L,59.49,23.46,10.3,65.52,6,95.88,4.43,112.3,47.67,66.28
H36821,H,61.27,25.24,15.4,58.73,2,93.84,4.48,122.94,50.94,64.03
L54588,L,63.39,26.62,10.65,51.29,7,95.74,4.61,128.04,53.57,62.92
L54589,L,51.92,18.4,10.75,95.0,5,95.7,4.67,76.88,38.91,70.14
L54590,L,56.88,21.06,11.85,76.82,2,95.26,4.72,90.14,43.75,67.5
L54591,L,61.63,26.27,11.95,58.12,3,95.22,4.77,124.1,53.15,62.68
L54592,L,58.61,22.88,15.05,70.41,6,93.98,4.83,99.94,47.15,65.27
M22273,M,58.97,23.44,12.15,69.08,7,95.14,4.88,102.72,48.22,64.92
L54594,L,59.02,23.23,12.3,69.34,2,95.08,4.96,99.18,47.94,64.88
L54595,L,60.97,24.82,14.4,62.04,5,94.24,5.01,107.98,50.85,63.11
M22276,M,61.57,25.8,9.5,59.7,4,96.2,5.07,113.84,52.68,62.57
M22277,M,61.03,25.69,14.65,61.9,3,94.14,5.15,111.9,52.59,61.95
M22278,M,62.11,25.6,18.8,58.55,7,92.48,5.23,107.94,52.54,61.4
L54599,L,60.09,24.97,15.95,66.11,4,93.62,5.31,103.84,51.5,62.04
L54600,L,60.51,26.08,10.05,64.31,3,95.98,5.36,110.94,53.56,61.5
M22281,M,63.56,28.36,18.15,52.92,4,92.74,5.41,123.84,57.72,58.5
L54602,L,63.52,27.51,16.3,53.8,3,93.48,5.49,115.22,56.28,59.24
L54603,L,62.76,28.46,19.4,56.12,7,92.24,5.55,122.74,58.07,57.93
M22284,M,60.38,24.25,10.5,66.62,3,95.8,5.6,91.1,50.58,62.46
M22285,M,57.32,23.06,10.65,78.02,7,95.74,5.68,84.02,48.56,63.29
M22286,M,58.85,39.53,45.8,64.83,5,81.68,8.76,91.84,73.59,41.1
L54607,L,53.22,7.98,3.0,77.71,4,98.8,0.0,96.48,14.29,92.55
M22288,M,49.93,5.98,8.1,90.21,4,96.76,0.05,83.88,10.8,93.69
L54609,L,54.01,8.8,5.25,75.1,6,97.9,0.13,99.0,15.94,91.24
M22290,M,57.07,12.08,1.35,63.16,7,99.46,0.19,119.88,21.9,88.54
M22291,M,57.62,16.25,1.5,59.47,7,99.4,0.27,150.64,29.47,84.58
L54612,L,55.79,11.82,0.65,68.29,4,99.74,0.35,115.88,21.62,88.43
M22293,M,49.61,6.68,2.75,92.31,5,98.9,0.4,82.06,12.47,92.69
L54614,L,55.59,10.99,7.9,69.9,6,96.84,0.48,106.56,20.31,88.1
L54615,L,55.71,11.78,3.0,69.31,5,98.8,0.53,111.48,21.78,87.74
L54616,L,56.02,12.06,2.1,68.32,6,99.16,0.59,112.14,22.36,87.44
L54617,L,52.59,9.42,8.2,81.64,5,96.72,0.64,94.54,17.7,89.05
L54618,L,53.81,8.96,4.3,77.87,2,98.28,0.69,87.94,16.93,89.72
L54619,L,56.11,12.59,3.4,68.36,3,98.64,0.75,112.66,23.52,86.41
L54620,L,53.81,9.8,9.5,77.85,4,96.2,0.8,92.3,18.58,88.16
M22301,M,58.5,16.26,3.6,58.72,6,98.56,0.85,136.34,30.23,82.82
L54622,L,54.75,12.02,10.75,74.04,3,95.7,0.93,105.82,22.74,85.69
H36857,H,54.98,12.43,1.85,73.23,2,99.26,0.99,107.58,23.54,86.07
L54624,L,59.54,17.14,11.1,55.73,2,95.56,1.12,135.92,32.14,80.58
L54625,L,55.72,13.84,10.2,70.73,3,95.92,1.17,113.66,26.31,83.48
L54626,L,58.31,16.43,8.3,60.74,7,96.68,1.23,129.58,31.01,81.21
M22307,M,54.03,11.54,6.4,78.08,5,97.44,1.28,95.14,22.31,85.64
L54628,L,56.87,13.68,5.55,67.56,7,97.78,1.36,106.56,26.25,83.6
L54629,L,57.95,15.72,2.65,63.04,5,98.94,1.41,120.16,29.96,81.93
L54630,L,57.53,14.65,2.75,65.22,5,98.9,1.47,111.02,28.12,82.73
L54631,L,56.76,15.34,11.85,67.73,7,95.26,1.52,116.36,29.42,81.07
L54632,L,55.79,13.12,8.95,72.39,3,96.42,1.57,98.78,25.52,83.2
H36867,H,57.99,16.8,11.05,63.2,4,95.58,1.63,124.04,32.19,79.55
L54634,L,57.93,17.1,4.3,63.75,2,98.28,1.76,123.52,32.9,79.6
M22315,M,55.8,15.32,10.4,72.19,7,95.84,1.81,110.94,29.76,80.46
M22316,M,58.8,18.23,6.55,60.73,4,97.38,1.89,128.34,35.08,78.02
L54637,L,56.95,15.07,8.7,68.96,3,96.52,1.97,103.8,29.52,80.42
M22318,M,58.42,18.93,11.8,62.18,5,95.28,2.03,131.46,36.51,76.51
L54639,L,56.21,14.32,8.95,72.39,2,96.42,2.11,95.82,28.35,80.72
L54640,L,58.4,16.88,4.05,63.81,5,98.38,2.16,112.1,33.0,78.77
L54641,L,54.04,13.72,9.15,80.59,6,96.34,2.21,91.58,27.4,80.96
L54642,L,54.76,14.4,11.25,77.95,4,95.5,2.27,94.86,28.69,80.0
H36877,H,57.52,18.68,12.35,66.56,7,95.06,2.32,124.16,36.44,75.9
L54644,L,57.42,17.93,6.6,67.78,7,97.36,2.45,115.3,35.27,76.8
M22325,M,59.59,20.54,12.7,59.23,2,94.92,2.51,132.0,40.01,73.71
H36880,H,53.7,13.66,7.85,83.22,2,96.86,2.59,83.22,27.77,80.16
H36881,H,58.77,18.56,8.1,63.87,5,96.76,2.72,112.46,36.72,75.39
L54648,L,57.51,17.98,6.35,69.01,2,97.46,2.85,106.6,35.86,75.73
L54649,L,56.88,17.1,7.45,71.8,2,97.02,2.91,99.14,34.34,76.27
L54650,L,60.94,22.53,7.55,55.33,6,96.98,2.96,135.84,44.15,71.25
L54651,L,60.52,22.36,11.65,57.07,2,95.34,3.01,133.9,43.92,70.85
M22332,M,56.92,17.33,13.75,72.19,4,94.5,3.07,97.34,34.95,75.02
M22333,M,61.56,25.14,12.9,52.63,3,94.84,3.15,151.68,49.06,67.89
L54654,L,51.68,15.26,14.05,91.82,2,94.38,3.23,84.38,31.44,76.42
H36889,H,61.2,23.19,8.15,55.36,5,96.74,3.28,133.58,45.74,69.76
L54656,L,59.13,20.69,11.4,64.26,3,95.44,3.41,113.44,41.42,71.32
M22337,M,58.81,20.45,15.5,65.68,6,93.8,3.47,110.76,41.06,70.99
L54658,L,59.46,20.52,7.65,63.69,4,96.94,3.55,108.58,41.28,71.5
M22339,M,58.88,19.33,8.75,66.49,2,96.5,3.6,98.66,39.21,72.32
M22340,M,58.29,19.87,11.9,68.57,3,95.24,3.68,102.0,40.28,71.31
H36895,H,59.31,20.3,7.05,65.15,7,97.18,3.76,102.32,41.17,71.19
M22342,M,59.4,23.56,15.3,63.72,5,93.88,3.89,125.2,47.17,67.1
L54663,L,57.15,19.12,16.45,73.99,4,93.42,3.97,91.02,39.32,70.75
M22344,M,62.43,25.43,16.55,52.88,7,93.38,4.03,133.04,50.7,64.94
L54665,L,58.41,22.02,9.7,68.74,5,96.12,4.11,109.5,44.69,68.47
L54666,L,57.88,20.43,12.8,71.54,4,94.88,4.16,96.3,41.91,69.45
L54667,L,56.9,21.04,12.9,74.83,6,94.84,4.21,101.34,43.07,68.75
L54668,L,59.31,23.68,10.0,65.41,3,96.0,4.27,117.9,47.86,66.54
M22349,M,56.38,19.96,14.1,77.57,5,94.36,4.32,91.02,41.27,69.32
M22350,M,57.11,20.7,11.25,75.0,6,95.5,4.4,94.14,42.7,68.73
L54671,L,62.83,27.92,9.4,52.04,4,96.24,4.48,142.2,55.73,62.24
M22352,M,62.9,26.45,13.5,52.72,5,94.6,4.53,129.18,53.17,63.0
L54673,L,61.12,27.39,11.65,58.71,6,95.34,4.61,137.36,54.96,62.13
L54674,L,61.35,26.05,10.75,58.78,7,95.7,4.67,125.12,52.62,63.28
L54675,L,58.89,22.66,8.85,69.12,2,96.46,4.72,100.18,46.62,66.37
L54676,L,61.06,25.44,14.95,60.48,7,94.02,4.77,118.28,51.68,63.12
M22357,M,60.85,25.76,17.05,61.27,3,93.18,4.83,119.86,52.3,62.49
M22358,M,57.08,21.84,12.2,76.48,7,95.12,4.91,91.96,45.39,66.27
L54679,L,57.2,21.54,10.35,76.53,6,95.86,4.99,87.52,44.94,66.52
L54680,L,62.15,27.97,10.45,56.52,2,95.82,5.04,131.0,56.54,60.6
L54681,L,58.86,22.98,13.55,70.51,5,94.58,5.09,94.4,47.66,64.63
H36916,H,58.7,22.92,16.65,71.29,7,93.34,5.15,92.9,47.62,64.23
M22363,M,58.98,23.06,14.9,70.77,3,94.04,5.28,90.72,48.05,63.92
L54684,L,59.9,26.58,16.05,66.16,7,93.58,5.36,115.78,54.46,60.45
L54685,L,60.59,26.09,15.15,64.26,4,93.94,5.41,109.72,53.65,60.84
L54686,L,61.16,26.85,11.25,62.12,7,95.5,5.47,113.82,55.08,60.4
L54687,L,57.74,23.64,10.35,75.68,7,95.86,5.52,91.6,49.38,63.23
M22368,M,58.09,23.6,14.45,74.7,3,94.22,5.57,89.6,49.38,62.72
L54689,L,63.39,46.98,49.6,45.11,3,80.16,8.65,147.64,86.82,34.32
L54690,L,61.24,41.84,45.7,55.28,7,81.72,8.71,108.28,77.67,39.18
L54691,L,53.7,9.02,5.0,75.54,7,98.0,0.0,104.22,16.18,91.41
M22372,M,53.25,8.76,2.1,77.42,7,99.16,0.05,101.52,15.77,91.8
L54693,L,44.24,4.12,6.25,110.99,3,97.5,0.13,75.02,7.56,95.33
L54694,L,53.4,8.64,8.35,77.48,2,96.66,0.19,97.32,15.71,90.93
M22375,M,57.84,15.3,5.45,59.1,5,97.82,0.24,143.3,27.72,85.12
M22376,M,59.37,15.34,0.6,54.13,5,99.76,0.32,139.72,27.89,85.35
L54697,L,56.42,13.02,8.75,65.74,5,96.5,0.4,123.5,23.85,86.4
L54698,L,55.68,11.56,4.85,69.22,7,98.06,0.45,111.6,21.3,87.96
L54699,L,48.48,6.77,6.95,96.56,2,97.22,0.51,81.98,12.78,91.9
L54700,L,55.38,10.56,3.05,71.17,6,98.78,0.56,101.58,19.63,88.76
M22381,M,56.34,12.02,8.15,67.34,3,96.74,0.61,110.74,22.32,86.8
L54702,L,58.36,15.58,1.3,58.91,2,99.48,0.69,134.68,28.81,84.08
M22383,M,58.29,13.79,3.4,60.26,6,98.64,0.75,119.26,25.67,85.33
L54704,L,54.08,10.26,6.55,76.82,3,97.38,0.83,94.98,19.43,87.98
H36939,H,57.86,14.92,7.65,61.69,3,96.94,0.88,125.86,27.85,83.55
L54706,L,53.98,10.89,8.9,77.56,4,96.44,1.01,96.0,20.81,86.68
L54707,L,56.81,14.5,4.0,66.25,6,98.4,1.07,119.8,27.35,83.79
M22388,M,52.82,10.01,6.1,82.4,6,97.56,1.12,88.16,19.37,87.47
L54709,L,57.0,12.52,4.25,67.09,3,98.3,1.2,100.74,23.98,85.19
M22390,M,54.88,13.58,6.35,74.06,3,97.46,1.25,110.94,25.94,83.89
H36945,H,58.46,18.18,11.5,59.76,3,95.4,1.33,140.94,34.27,79.05
M22392,M,54.94,12.42,10.75,75.24,5,95.7,1.47,96.78,24.13,83.92
L54713,L,56.85,14.11,2.9,68.14,2,98.84,1.55,105.88,27.27,82.98
L54714,L,58.16,16.62,3.0,62.59,2,98.8,1.6,122.96,31.83,80.58
L54715,L,55.15,12.88,3.1,75.01,3,98.76,1.65,95.98,25.2,83.78
L54716,L,41.39,23.24,40.2,117.33,5,83.92,4.71,76.58,39.25,66.94
L54717,L,59.99,21.46,6.3,54.52,5,97.48,1.76,155.5,40.69,75.5
M22398,M,57.94,15.07,8.4,64.97,2,96.64,1.81,106.0,29.31,80.88
L54719,L,57.49,14.9,6.55,66.9,7,97.38,1.89,103.54,29.12,81.0
M22400,M,56.09,13.64,9.65,72.53,5,96.14,1.95,94.14,26.92,81.68
M22401,M,57.04,16.3,3.8,68.25,6,98.48,2.03,112.36,31.8,79.67
M22402,M,58.98,18.8,7.95,60.65,4,96.82,2.11,127.82,36.37,76.81
L54723,L,58.41,17.81,11.1,63.4,4,95.56,2.19,118.92,34.7,77.17
L54724,L,58.78,17.77,9.2,62.36,2,96.32,2.24,116.9,34.7,77.25
L54725,L,52.06,12.53,7.3,88.28,3,97.08,2.29,83.02,25.37,82.0
H36960,H,58.48,17.74,12.4,63.83,5,95.04,2.35,114.68,34.78,76.68
L54727,L,58.98,17.66,10.65,62.67,6,95.74,2.48,110.4,34.82,76.57
L54728,L,58.09,18.5,4.75,65.5,2,98.1,2.53,117.1,36.38,76.27
L54729,L,57.44,18.16,10.85,68.12,5,95.66,2.59,114.08,35.84,75.82
M22410,M,57.35,16.49,8.95,69.45,5,96.42,2.64,99.68,32.92,77.36
M22411,M,58.36,17.48,12.1,65.81,5,95.16,2.72,104.42,34.8,75.95
L54732,L,57.96,18.58,13.25,66.96,3,94.7,2.8,111.9,36.85,74.65
L54733,L,58.31,18.46,5.35,66.02,3,97.86,2.85,109.3,36.71,75.4
M22414,M,60.32,21.27,13.45,57.91,7,94.62,2.91,127.82,41.82,71.93
L54735,L,60.97,24.08,6.6,54.56,7,97.36,2.99,147.64,46.97,69.88
L54736,L,59.01,18.37,6.7,64.36,4,97.32,3.04,103.42,36.79,74.85
M22417,M,55.01,16.1,13.8,79.45,3,94.48,3.09,89.6,32.8,76.03
M22418,M,60.4,21.54,10.95,58.53,3,95.62,3.17,123.92,42.65,71.23
M22419,M,60.94,23.81,9.1,55.84,4,96.36,3.25,139.5,46.81,69.18
M22420,M,60.71,23.45,8.25,57.12,5,96.7,3.33,135.14,46.27,69.37
L54741,L,60.64,22.59,6.4,58.1,5,97.44,3.41,126.56,44.83,70.12
M22422,M,61.25,25.08,6.5,54.96,7,97.4,3.47,144.4,49.35,67.74
M22423,M,54.34,16.49,6.65,83.3,3,97.34,3.55,83.42,34.07,75.21
M22424,M,60.98,42.18,43.8,47.96,2,82.48,6.63,158.02,75.63,44.55
M22425,M,55.22,17.52,10.95,80.39,4,95.62,3.71,86.86,36.11,73.43
L54746,L,57.78,20.04,7.1,70.63,5,97.16,3.79,101.66,40.72,71.35
M22427,M,46.83,15.2,14.2,110.9,4,94.32,3.84,76.8,32.12,74.84
L54748,L,57.73,20.19,16.35,71.26,4,93.46,3.92,99.94,41.16,69.94
L54749,L,63.2,44.87,42.45,40.32,5,83.02,6.97,168.7,80.89,41.36
H36984,H,55.67,18.95,14.55,79.37,2,94.18,4.03,90.54,39.09,70.94
L54751,L,58.31,20.2,7.8,70.2,3,96.88,4.16,93.92,41.5,70.15
L54752,L,57.35,19.79,11.9,73.9,4,95.24,4.21,90.72,40.83,69.97
L54753,L,58.44,22.08,11.0,69.21,5,95.6,4.27,106.3,44.99,67.87
L54754,L,60.22,22.31,13.1,63.19,6,94.76,4.32,104.54,45.48,67.31
L54755,L,60.51,24.74,17.2,61.18,7,93.12,4.37,122.42,49.91,64.58
M22436,M,60.48,24.33,16.3,61.68,2,93.48,4.43,117.94,49.24,64.9
L54757,L,59.8,21.52,17.45,65.74,4,93.02,4.51,94.6,44.3,67.09
L54758,L,57.78,20.9,15.55,73.2,4,93.78,4.56,91.26,43.27,67.69
L54759,L,61.29,28.04,13.65,57.78,7,94.54,4.61,142.32,56.12,61.35
L54760,L,60.49,26.8,8.75,61.35,7,96.5,4.67,132.3,53.97,62.81
M22441,M,62.43,28.18,9.85,54.21,5,96.06,4.72,139.52,56.52,61.32
H36996,H,60.73,25.72,16.0,61.59,6,93.6,4.8,120.38,52.21,62.69
L54763,L,61.01,26.45,12.25,60.78,3,95.1,4.93,122.8,53.68,62.07
L54764,L,61.19,24.28,12.35,61.46,2,95.06,4.99,104.04,49.87,63.86
L54765,L,62.34,27.82,12.45,55.94,3,95.02,5.04,129.54,56.27,60.54
L54766,L,59.6,24.16,13.55,67.37,2,94.58,5.09,102.78,49.77,63.57
L54767,L,62.34,28.96,9.65,55.77,6,96.14,5.15,136.3,58.46,59.51
L54768,L,53.55,20.62,10.75,90.34,4,95.7,5.2,80.46,43.58,66.74
L54769,L,56.68,22.26,14.85,78.97,3,94.06,5.25,88.04,46.58,64.72
M22450,M,62.11,27.44,17.95,57.93,2,92.82,5.31,120.86,55.94,59.62
M22451,M,64.2,46.48,44.1,41.56,6,82.36,8.39,148.52,85.58,36.02
M22452,M,60.58,25.55,10.25,64.78,6,95.9,5.47,104.22,52.75,61.67
L54773,L,64.76,48.52,48.4,39.24,5,80.64,8.55,160.4,89.43,33.35
L54774,L,54.72,9.62,2.0,71.74,3,99.2,0.0,107.62,17.25,91.17
H37009,H,56.73,11.46,1.1,64.12,5,99.56,0.05,118.34,20.61,89.48
L54776,L,54.69,9.86,5.35,72.42,3,97.86,0.19,105.34,17.91,90.14
L54777,L,47.09,5.44,5.45,100.98,7,97.82,0.24,79.28,10.06,93.94
L54778,L,55.63,11.53,2.55,68.78,7,98.98,0.29,115.02,21.04,88.64
L54779,L,51.79,8.12,9.65,83.89,3,96.14,0.35,91.78,14.99,90.85
M22460,M,54.24,10.05,3.75,74.72,3,98.5,0.4,102.7,18.52,89.56
L54781,L,57.88,16.94,3.9,59.08,5,98.44,0.48,151.02,30.97,83.16
L54782,L,52.79,8.78,2.0,80.86,7,99.2,0.53,91.5,16.41,90.53
L54783,L,57.2,12.66,2.1,63.97,5,99.16,0.59,115.32,23.44,86.9
L54784,L,53.87,10.57,3.2,76.67,4,98.72,0.64,101.98,19.76,88.52
H37019,H,48.29,7.16,2.3,97.72,3,99.08,0.69,81.12,13.71,91.53
M22466,M,58.28,16.6,8.55,59.2,4,96.58,0.83,140.0,30.81,82.08
M22467,M,56.65,13.0,9.7,66.9,2,96.12,0.91,111.56,24.44,84.99
L54788,L,54.21,9.74,4.85,77.23,5,98.06,0.99,87.04,18.7,88.19
L54789,L,56.48,13.57,9.95,67.72,7,96.02,1.04,113.4,25.64,84.1
M22470,M,56.3,14.13,5.05,68.28,7,97.98,1.09,116.94,26.72,83.95
L54791,L,54.87,11.7,2.2,74.7,6,99.12,1.17,97.62,22.45,86.21
M22472,M,53.01,10.58,11.3,81.86,6,95.48,1.23,90.06,20.52,86.16
L54793,L,57.0,15.5,3.45,66.0,2,98.62,1.31,122.1,29.43,82.32
L54794,L,57.69,15.96,3.55,63.62,6,98.58,1.36,123.64,30.33,81.76
L54795,L,57.6,15.99,2.65,64.1,5,98.94,1.41,122.84,30.46,81.68
M22476,M,57.28,14.5,2.75,66.15,7,98.9,1.47,110.16,27.85,82.86
L54797,L,56.09,15.96,9.9,69.82,4,96.04,1.55,121.72,30.58,80.63
M22478,M,59.7,17.65,3.0,56.77,5,98.8,1.6,129.04,33.67,79.67
L54799,L,57.66,16.79,3.15,64.56,6,98.74,1.68,123.18,32.23,80.21
L54800,L,54.92,14.42,9.25,75.34,2,96.3,1.73,106.82,28.06,81.58
L54801,L,57.32,14.96,6.35,67.02,3,97.46,1.79,106.6,29.09,81.25
M22482,M,57.63,13.4,5.45,66.95,3,97.82,1.84,92.46,26.35,82.6
L54803,L,53.92,13.24,4.6,80.08,4,98.16,1.92,94.48,26.16,82.62
L54804,L,57.29,17.3,7.7,66.7,2,96.92,1.97,121.14,33.51,78.53
L54805,L,56.63,14.8,9.8,70.4,6,96.08,2.03,100.92,29.11,80.41
H37040,H,59.68,19.62,10.9,57.74,7,95.64,2.08,134.02,37.8,75.85
L54807,L,58.46,17.84,12.15,63.33,6,95.14,2.21,118.5,34.79,76.96
L54808,L,55.99,14.98,4.25,73.46,3,98.3,2.27,97.78,29.72,80.18
M22489,M,61.14,22.96,7.35,51.97,7,97.06,2.32,153.38,44.1,72.57
L54810,L,57.37,16.62,9.5,68.39,6,96.2,2.4,106.08,32.85,77.83
L54811,L,58.74,19.68,4.6,62.36,3,98.16,2.45,127.48,38.4,75.43
L54812,L,54.44,14.22,12.7,80.09,5,94.92,2.51,88.48,28.67,79.38
L54813,L,58.91,18.83,4.8,62.64,5,98.08,2.56,118.02,37.01,75.9
M22494,M,58.02,18.02,13.9,66.29,5,94.44,2.61,111.52,35.61,75.58
L54815,L,57.82,17.7,14.05,67.45,4,94.38,2.69,107.52,35.16,75.63
L54816,L,55.29,15.66,6.15,77.37,7,97.54,2.75,93.48,31.57,78.11
H37051,H,59.12,21.5,12.25,61.5,2,95.1,2.8,133.7,42.1,72.13
L54818,L,56.13,17.77,10.5,74.16,2,95.8,2.93,105.02,35.59,75.29
L54819,L,59.02,19.41,7.6,63.6,6,96.96,2.99,112.92,38.59,73.97
L54820,L,57.02,17.9,11.7,71.45,4,95.32,3.04,102.36,35.94,74.78
M22501,M,60.8,23.6,12.8,55.8,4,94.88,3.09,141.64,46.24,69.41
M22502,M,57.23,17.44,14.95,71.48,3,94.02,3.17,95.48,35.3,74.51
H37057,H,59.89,22.44,11.1,60.13,2,95.56,3.25,129.94,44.35,70.21
L54824,L,60.08,21.31,8.35,60.54,2,96.66,3.39,117.68,42.5,71.14
L54825,L,56.68,17.64,8.45,74.28,2,96.62,3.44,91.84,36.0,74.28
L54826,L,52.75,16.45,12.55,88.57,7,94.98,3.49,86.52,33.93,74.79
L54827,L,55.84,18.57,6.65,77.12,2,97.34,3.55,97.96,37.78,73.35
L54828,L,58.46,18.0,6.75,68.6,7,97.3,3.6,88.64,36.84,73.71
H37063,H,56.92,18.21,9.85,73.99,4,96.06,3.65,91.24,37.28,73.07
L54830,L,61.71,25.78,16.1,54.26,6,93.56,3.79,142.26,51.03,65.3
M22511,M,59.84,19.67,15.2,63.96,3,93.92,3.84,94.72,40.14,70.73
L54832,L,61.82,24.54,15.35,55.03,5,93.86,3.92,129.12,48.96,66.15
L54833,L,59.76,23.07,7.45,63.06,6,97.02,3.97,119.04,46.4,68.11
M22514,M,59.12,22.46,8.55,65.77,2,96.58,4.03,113.8,45.37,68.41
L54835,L,58.39,20.44,12.7,69.58,3,94.92,4.11,96.92,41.87,69.58
L54836,L,59.25,24.43,11.8,64.83,3,95.28,4.16,126.42,49.08,65.96
L54837,L,57.57,20.14,10.9,72.98,5,95.64,4.21,93.22,41.46,69.76
M22518,M,62.02,26.65,16.0,54.62,5,93.6,4.27,137.98,53.19,63.27
L54839,L,59.65,23.64,15.15,64.58,3,93.94,4.35,115.36,47.9,65.84
M22520,M,63.81,26.42,10.25,49.09,2,95.9,4.4,130.72,52.96,63.7
L54841,L,59.12,21.56,15.4,67.97,6,93.84,4.48,96.5,44.35,67.33
M22522,M,57.97,21.2,8.5,72.3,4,96.6,4.53,93.96,43.76,68.2
L54843,L,62.03,27.54,10.65,55.48,4,95.74,4.61,137.3,55.23,62.09
H37078,H,61.09,26.58,8.75,59.41,2,96.5,4.67,129.68,53.57,63.01
L54845,L,60.61,24.52,10.0,62.59,3,96.0,4.8,110.94,50.06,64.37
M22526,M,61.73,27.26,14.1,57.57,5,94.36,4.85,130.08,55.03,61.37
L54847,L,60.31,25.78,14.25,63.51,5,94.3,4.93,118.36,52.47,62.47
L54848,L,60.21,24.21,18.35,64.84,2,92.66,4.99,104.78,49.73,63.33
L54849,L,63.23,44.72,40.45,44.44,5,83.82,8.04,143.52,81.98,38.88
L54850,L,60.54,24.68,10.55,63.91,2,95.78,5.09,105.7,50.71,63.4
M22531,M,61.6,28.22,12.65,58.69,2,94.94,5.15,131.32,57.12,59.88
M22532,M,51.72,19.98,15.8,97.06,6,93.68,5.23,77.22,42.46,66.74
M22533,M,61.49,25.7,17.95,60.95,6,92.82,5.31,107.72,52.8,61.19
L54854,L,61.1,27.96,14.1,61.47,3,94.36,5.39,124.58,56.96,59.34
L54855,L,62.06,27.67,13.2,58.51,3,94.72,5.44,119.74,56.51,59.54
L54856,L,62.11,28.76,14.3,58.02,4,94.28,5.49,127.16,58.52,58.32
L54857,L,62.46,29.79,17.4,56.51,4,93.04,5.55,133.76,60.45,56.94
M22538,M,63.08,29.83,18.5,54.54,2,92.6,5.6,131.98,60.58,56.66
L54859,L,59.59,25.14,12.65,69.18,3,94.94,5.68,97.5,52.28,61.23
L54860,L,63.15,28.12,10.75,55.69,6,95.7,5.73,115.3,57.7,58.61
L54861,L,62.51,28.28,17.85,58.01,5,92.86,5.79,116.26,58.05,57.61
M22542,M,63.02,29.8,10.95,55.7,6,95.62,5.84,126.44,60.83,56.81
L54863,L,61.48,28.64,17.1,61.88,4,93.16,5.92,117.48,58.85,57.02
M22544,M,63.24,28.52,18.2,56.09,4,92.72,5.97,112.94,58.71,56.88
L54865,L,63.48,29.04,15.35,55.33,2,93.86,6.05,114.94,59.74,56.49
M22546,M,61.98,27.54,17.45,61.43,2,93.02,6.11,103.88,57.13,57.47
M22547,M,53.44,38.28,45.6,85.71,7,81.76,9.19,79.74,71.9,41.11
L54868,L,54.4,9.95,5.0,72.68,4,98.0,0.0,110.66,17.83,90.58
L54869,L,56.22,9.96,0.1,66.62,7,99.96,0.05,107.04,17.92,90.92
M22550,M,54.17,9.44,3.2,74.13,5,98.72,0.11,104.54,17.06,90.93
M22551,M,57.27,14.58,2.35,61.21,4,99.06,0.19,139.6,26.38,86.2
H37106,H,55.38,9.85,8.5,70.38,6,96.6,0.27,102.52,17.99,89.62
L54873,L,48.87,6.55,1.75,94.92,7,99.3,0.4,82.08,12.25,92.9
H37108,H,55.68,10.54,6.85,69.73,7,97.26,0.45,103.4,19.46,88.68
L54875,L,56.0,13.68,6.1,67.56,7,97.56,0.59,125.16,25.27,85.58
H37110,H,59.06,16.97,1.2,55.61,3,99.52,0.64,146.04,31.23,82.98
L54877,L,57.49,13.6,7.45,63.2,7,97.02,0.77,118.2,25.35,85.03
L54878,L,57.28,12.13,6.55,64.89,5,97.38,0.83,105.58,22.79,86.3
M22559,M,57.02,12.79,6.65,65.66,7,97.34,0.88,110.02,24.04,85.55
M22560,M,58.46,18.5,1.8,58.15,3,99.28,0.96,151.96,34.39,80.71
H37115,H,56.8,12.8,9.95,67.0,6,96.02,1.04,106.76,24.26,84.8
M22562,M,53.56,11.22,2.2,79.44,2,99.12,1.17,95.62,21.6,86.63
H37117,H,51.28,9.66,10.35,88.37,6,95.86,1.25,84.48,18.91,87.0
M22564,M,54.84,12.11,7.6,75.44,3,96.96,1.39,96.2,23.47,84.73
L54885,L,59.5,16.83,9.75,57.39,6,96.1,1.47,125.72,32.02,80.08
L54886,L,53.85,12.36,7.85,79.22,6,96.86,1.52,96.56,24.09,84.13
H37121,H,54.33,11.6,2.95,78.15,3,98.82,1.57,88.58,22.78,85.17
L54888,L,54.05,13.2,4.2,78.85,6,98.32,1.71,98.78,25.82,83.26
L54889,L,57.95,15.66,5.3,64.42,7,97.88,1.76,111.9,30.3,80.8
M22570,M,58.81,18.42,9.4,60.29,4,96.24,1.81,131.6,35.31,77.78
L54891,L,60.08,19.56,3.55,55.67,3,98.58,1.89,137.18,37.46,77.13
L54892,L,57.37,15.24,6.65,67.33,4,97.34,1.95,105.18,29.79,80.55
M22573,M,49.1,10.7,11.75,98.25,7,95.3,2.0,79.04,21.72,83.96
L54894,L,57.7,16.99,5.9,65.85,4,97.64,2.08,115.74,33.1,78.7
L54895,L,60.45,18.8,10.0,55.7,2,96.0,2.13,125.24,36.41,76.53
M22576,M,59.4,18.61,9.1,59.6,2,96.36,2.19,123.96,36.14,76.65
L54897,L,59.68,20.05,4.25,58.22,3,98.3,2.27,133.3,38.82,75.63
H37132,H,58.84,18.11,9.35,62.29,5,96.26,2.32,117.74,35.41,76.72
H37133,H,57.42,15.68,10.6,68.91,4,95.76,2.45,97.3,31.23,78.42
H37134,H,58.43,18.19,13.85,64.71,7,94.46,2.59,112.92,35.88,75.5
L54901,L,59.32,18.76,12.1,61.87,3,95.16,2.72,113.3,37.08,74.81
L54902,L,59.61,22.0,13.2,59.45,5,94.72,2.77,137.58,42.95,71.66
L54903,L,55.0,16.03,13.3,78.48,5,94.68,2.83,95.0,32.33,76.85
M22584,M,59.08,18.99,12.4,63.2,6,95.04,2.88,111.88,37.7,74.15
L54905,L,54.95,15.6,8.55,79.4,3,96.58,2.96,88.68,31.73,77.36
M22586,M,54.76,16.29,7.65,79.9,3,96.94,3.01,93.22,33.03,76.69
M22587,M,56.36,17.0,13.8,74.35,7,94.48,3.09,94.94,34.41,75.23
L54908,L,59.9,21.27,5.95,60.36,7,97.62,3.17,122.4,42.16,71.98
H37143,H,61.29,24.48,8.05,54.21,3,96.78,3.23,144.98,47.98,68.75
L54910,L,59.36,21.13,14.3,63.04,6,94.28,3.36,117.84,42.14,70.78
L54911,L,58.05,17.76,13.4,69.42,4,94.64,3.41,91.52,36.18,73.74
L54912,L,60.09,21.08,7.5,60.96,4,97.0,3.47,114.0,42.18,71.23
L54913,L,59.41,20.78,14.6,63.66,3,94.16,3.52,111.42,41.73,70.64
L54914,L,56.71,18.07,12.7,74.46,2,94.92,3.57,92.2,36.93,73.12
L54915,L,60.62,24.66,15.8,57.97,7,93.68,3.63,138.32,48.8,66.77
H37150,H,61.43,22.76,13.9,56.32,6,94.44,3.68,120.88,45.48,68.51
M22597,M,52.4,16.26,9.15,91.12,3,96.34,3.81,78.3,34.0,74.46
M22598,M,63.0,26.88,10.3,49.71,7,95.88,3.89,146.86,53.13,64.62
L54919,L,58.53,19.7,12.45,68.95,5,95.02,3.97,93.72,40.35,70.63
L54920,L,60.38,23.36,15.55,60.97,7,93.78,4.03,119.26,46.98,66.9
L54921,L,60.08,21.99,14.65,62.9,7,94.14,4.08,107.56,44.6,68.07
M22602,M,62.39,26.88,13.75,52.71,4,94.5,4.13,142.26,53.43,63.65
L54923,L,56.85,19.74,15.9,75.63,6,93.64,4.21,91.0,40.74,69.61
L54924,L,62.68,27.68,17.0,51.86,3,93.2,4.27,145.28,55.03,62.25
L54925,L,60.61,22.86,17.1,61.57,5,93.16,4.32,108.4,46.47,66.42
M22606,M,59.97,24.47,14.2,63.17,6,94.32,4.37,120.96,49.42,65.12
M22607,M,62.64,27.18,16.35,52.96,2,93.46,4.45,137.22,54.39,62.26
L54928,L,60.05,25.45,15.5,63.02,3,93.8,4.53,125.1,51.38,63.69
L54929,L,57.8,22.01,11.6,72.7,4,95.36,4.59,99.48,45.28,67.03
L54930,L,61.2,26.72,10.7,58.84,3,95.72,4.64,131.28,53.79,62.75
M22611,M,61.93,24.73,14.8,57.54,7,94.08,4.69,113.16,50.29,63.99
M22612,M,55.71,20.37,15.95,81.41,5,93.62,4.77,85.04,42.58,67.57
M22613,M,59.3,25.06,10.1,67.02,3,95.96,4.85,115.82,51.09,63.74
M22614,M,61.04,24.78,11.25,61.51,5,95.5,4.93,109.36,50.68,63.67
M22615,M,62.82,26.94,13.4,54.63,4,94.64,5.01,122.44,54.66,61.3
L54936,L,62.82,44.76,47.55,46.02,5,80.98,8.09,143.16,82.11,38.0
M22617,M,57.71,22.52,12.65,74.89,2,94.94,5.15,91.06,46.9,64.99
L54938,L,58.3,23.38,18.8,72.76,5,92.48,5.23,95.38,48.55,63.39
L54939,L,64.43,45.64,43.9,40.78,5,82.44,8.28,143.84,83.93,37.08
M22620,M,61.01,24.25,10.0,63.42,6,96.0,5.33,96.22,50.25,63.21
H37175,H,58.13,23.94,16.15,73.78,5,93.54,5.41,95.9,49.79,62.66
M22622,M,56.62,10.95,2.0,64.53,6,99.2,0.0,115.6,19.63,89.99
L54943,L,59.62,34.39,36.15,42.8,6,85.54,3.08,177.2,57.16,61.65
M22624,M,54.52,10.08,3.25,72.71,3,98.7,0.13,108.5,18.23,90.29
H37179,H,56.47,14.69,7.4,64.0,6,97.04,0.21,140.94,26.6,85.53
L54946,L,58.21,14.22,7.65,58.79,5,96.94,0.35,131.76,25.92,85.58
H37181,H,58.25,14.85,7.75,58.53,7,96.9,0.4,135.58,27.13,84.86
M22628,M,49.07,6.82,10.0,94.59,4,96.0,0.53,81.0,12.91,91.48
L54949,L,55.1,11.56,6.15,71.82,6,97.54,0.61,108.84,21.51,87.4
L54950,L,55.22,10.05,1.25,72.38,7,99.5,0.67,95.36,18.86,89.11
L54951,L,52.94,9.54,3.35,80.68,6,98.66,0.72,93.18,18.01,89.22
H37186,H,56.56,12.57,4.45,66.92,7,98.22,0.77,111.28,23.51,86.25
L54953,L,52.42,8.92,8.7,83.49,2,96.52,0.91,84.78,17.14,88.75
L54954,L,54.3,10.86,8.8,76.27,3,96.48,0.96,96.48,20.68,86.86
L54955,L,53.94,11.44,4.9,77.43,2,98.04,1.01,100.46,21.79,86.59
M22636,M,57.17,15.02,11.0,64.74,7,95.6,1.07,123.5,28.29,82.62
L54957,L,53.62,9.84,7.15,79.83,3,97.14,1.15,85.1,19.09,87.44
L54958,L,56.27,13.35,6.25,69.18,5,97.5,1.2,108.34,25.45,84.25
L54959,L,52.05,10.46,5.35,85.32,5,97.86,1.25,89.82,20.34,86.79
L54960,L,52.05,9.8,2.45,85.85,4,99.02,1.31,83.3,19.22,87.53
L54961,L,56.51,14.08,11.55,68.61,3,95.38,1.36,110.26,26.97,82.64
M22642,M,56.5,13.34,11.65,69.23,5,95.34,1.41,103.16,25.71,83.15
L54963,L,54.42,11.68,9.8,77.51,6,96.08,1.49,90.94,22.83,84.62
L54964,L,58.32,19.66,3.9,60.32,4,98.44,1.55,148.26,37.21,77.91
L54965,L,58.67,15.32,3.0,61.49,7,98.8,1.6,111.86,29.5,81.75
L54966,L,57.52,16.51,3.1,65.04,7,98.76,1.65,121.72,31.69,80.54
L54967,L,58.86,17.0,7.2,60.4,4,97.12,1.71,122.56,32.63,79.55
M22648,M,56.46,15.5,6.3,69.6,7,97.48,1.76,112.74,30.03,80.84
L54969,L,57.31,15.14,7.45,67.18,6,97.02,1.84,106.9,29.48,80.83
L54970,L,53.97,13.0,11.55,79.95,4,95.38,1.89,93.18,25.72,82.2
L54971,L,58.55,17.76,10.65,62.02,2,95.74,1.95,123.76,34.32,77.88
H37206,H,57.64,16.1,10.75,66.2,5,95.7,2.0,110.5,31.4,79.22
L54973,L,58.53,16.6,4.0,63.4,7,98.4,2.13,110.28,32.47,79.1
M22654,M,58.87,20.51,5.1,60.5,7,97.96,2.19,139.9,39.54,75.35
H37209,H,55.19,14.2,4.25,76.6,5,98.3,2.27,92.68,28.33,80.87
L54976,L,58.54,20.3,6.5,62.55,6,97.4,2.4,133.88,39.44,74.83
L54977,L,58.28,17.11,12.6,65.24,4,94.96,2.45,107.52,33.79,76.94
L54978,L,53.45,14.6,6.7,83.3,2,97.32,2.51,92.84,29.35,79.64
L54979,L,59.88,18.16,9.8,59.62,2,96.08,2.56,111.28,35.8,76.0
M22660,M,57.76,17.99,4.9,67.2,6,98.04,2.61,111.68,35.57,76.5
L54981,L,59.9,20.48,9.05,58.91,5,96.38,2.69,126.86,40.13,73.64
L54982,L,59.29,22.79,10.15,60.06,5,95.94,2.75,144.98,44.34,71.32
M22663,M,58.07,18.7,13.25,66.5,3,94.7,2.8,112.74,37.08,74.54
M22664,M,58.7,19.87,5.4,64.07,5,97.84,2.88,119.4,39.27,74.07
L54985,L,55.5,16.08,9.55,77.26,7,96.18,2.96,91.72,32.58,76.83
L54986,L,60.76,21.19,5.65,56.86,4,97.74,3.01,124.18,41.81,72.5
M22667,M,59.33,21.45,5.75,61.82,6,97.7,3.07,127.02,42.35,72.12
L54988,L,56.86,18.62,11.9,72.04,2,95.24,3.15,105.94,37.37,73.83
M22669,M,58.23,18.45,10.0,67.62,5,96.0,3.2,101.54,37.14,74.03
L54990,L,48.41,14.09,9.15,103.86,4,96.34,3.28,78.36,29.42,77.81
M22671,M,59.41,19.75,7.25,63.42,2,97.1,3.33,107.32,39.64,72.79
L54992,L,56.59,18.24,11.4,74.18,2,95.44,3.41,97.32,37.03,73.52
L54993,L,59.72,20.83,7.5,62.34,4,97.0,3.47,112.5,41.73,71.45
L54994,L,52.92,16.71,14.6,87.99,7,94.16,3.52,87.74,34.43,74.29
M22675,M,56.23,17.82,13.7,76.24,7,94.52,3.57,90.86,36.48,73.24
L54996,L,58.8,19.94,6.85,66.68,5,97.26,3.65,102.46,40.38,71.82
H37231,H,55.19,17.47,15.95,80.52,5,93.62,3.71,86.5,36.03,72.98
L54998,L,50.15,15.67,8.2,99.26,2,96.72,3.84,76.04,32.97,75.02
L54999,L,61.46,23.23,13.3,56.84,4,94.68,3.89,119.78,46.59,67.59
M22680,M,56.61,19.14,16.4,75.73,4,93.44,3.95,92.52,39.32,70.8
L55001,L,55.3,18.18,7.55,81.01,3,96.98,4.03,84.84,37.7,72.34
H37236,H,61.02,22.69,11.65,59.31,2,95.34,4.08,111.86,45.86,67.75
L55003,L,60.14,25.94,16.9,61.23,7,93.24,4.21,136.08,51.85,63.96
L55004,L,59.46,22.33,16.0,65.59,6,93.6,4.27,106.9,45.44,67.15
M22685,M,58.88,21.84,14.1,68.03,3,94.36,4.32,102.58,44.63,67.64
L55006,L,63.03,29.25,10.25,50.38,6,95.9,4.4,154.4,58.02,61.16
M22687,M,60.88,24.44,17.35,60.38,7,93.06,4.45,117.64,49.46,64.63
M22688,M,59.37,22.52,9.5,66.84,6,96.2,4.53,102.64,46.14,66.91
L55009,L,57.97,20.92,17.65,72.74,7,92.94,4.61,89.88,43.35,67.33
H37244,H,60.49,22.95,8.75,63.28,4,96.5,4.67,101.5,47.07,66.26
M22691,M,60.09,25.05,13.0,64.12,7,94.8,4.8,115.86,51.0,63.6
L55012,L,60.89,23.89,10.15,62.26,3,95.94,4.88,103.68,49.02,64.71
L55013,L,59.21,24.48,15.25,67.96,3,93.9,4.93,109.48,50.14,63.54
L55014,L,61.03,26.36,17.35,60.97,5,93.06,4.99,120.86,53.59,61.5
L55015,L,60.13,23.8,12.45,65.55,3,95.02,5.04,100.38,49.06,64.15
L55016,L,59.39,24.03,17.55,68.18,2,92.98,5.09,102.08,49.55,63.29
L55017,L,58.27,23.19,16.65,72.66,7,93.34,5.15,95.7,48.11,63.99
L55018,L,62.88,27.9,13.75,54.65,2,94.5,5.2,125.84,56.62,59.92
L55019,L,62.91,27.61,12.85,54.9,2,94.86,5.25,122.28,56.17,60.13
L55020,L,59.6,23.67,18.95,68.46,6,92.42,5.31,94.12,49.17,62.91
L55021,L,61.62,27.88,14.05,59.61,7,94.38,5.36,123.82,56.79,59.48
L55022,L,58.95,24.02,10.15,70.94,4,95.94,5.41,95.38,49.93,63.2
M22703,M,62.77,28.52,10.25,55.74,3,95.9,5.47,125.0,58.08,59.0
L55024,L,61.37,27.29,14.4,61.51,5,94.24,5.55,115.26,55.97,59.48
L55025,L,57.13,22.6,18.5,78.6,4,92.6,5.6,82.36,47.63,63.14
M22706,M,59.96,25.71,10.6,67.54,3,95.76,5.65,102.16,53.27,61.0
L55027,L,64.21,29.92,10.75,51.14,3,95.7,5.73,128.24,60.93,57.0
H37262,H,60.99,26.78,16.85,63.96,2,93.26,5.79,106.34,55.37,59.06
M22709,M,63.66,44.74,48.1,46.33,6,80.76,8.92,123.28,83.13,35.79
M22710,M,55.94,9.2,9.0,67.75,4,96.4,0.0,102.54,16.49,90.86
L55031,L,57.11,12.04,8.15,62.63,7,96.74,0.08,121.86,21.68,88.18
L55032,L,55.1,9.78,1.25,70.86,7,99.5,0.13,105.3,17.69,90.76
L55033,L,58.04,14.68,9.35,58.51,7,96.26,0.19,139.34,26.56,85.41
L55034,L,54.7,10.02,4.45,72.54,3,98.22,0.24,105.42,18.26,89.94
M22715,M,54.16,8.91,0.55,75.15,6,99.78,0.29,96.04,16.33,91.19
L55036,L,56.56,11.67,5.7,65.82,6,97.72,0.37,113.06,21.39,87.99
L55037,L,56.64,12.06,7.8,65.57,4,96.88,0.43,114.84,22.15,87.29
L55038,L,57.89,14.36,9.9,60.32,6,96.04,0.48,130.4,26.36,84.87
M22719,M,57.66,12.8,7.0,62.1,4,97.2,0.53,117.0,23.62,86.42
L55040,L,57.1,12.99,4.15,64.26,3,98.34,0.61,117.5,24.06,86.33
L55041,L,55.95,12.72,7.25,68.54,2,97.1,0.67,115.76,23.66,86.11
M22722,M,57.7,15.68,10.35,61.26,4,95.86,0.72,135.84,29.03,83.01
M22723,M,55.91,13.52,3.5,68.79,2,98.6,0.8,119.22,25.26,85.42
L55044,L,58.63,17.52,6.65,57.74,7,97.34,0.88,145.6,32.51,81.32
L55045,L,57.92,15.42,4.75,61.44,4,98.1,0.93,128.66,28.83,83.24
L55046,L,57.28,15.31,7.85,63.9,2,96.86,0.99,127.42,28.7,82.89
L55047,L,56.91,12.64,6.95,66.73,5,97.22,1.04,105.42,23.99,85.23
H37282,H,57.3,14.96,9.05,64.42,4,96.38,1.09,122.16,28.2,82.81
M22729,M,52.49,10.6,2.3,83.65,7,99.08,1.23,90.98,20.57,87.03
M22730,M,59.65,16.99,9.45,56.15,2,96.22,1.31,130.46,32.12,80.38
L55051,L,59.52,17.84,2.6,56.48,7,98.96,1.39,135.56,33.73,80.1
L55052,L,56.32,13.62,9.7,69.79,6,96.12,1.44,105.04,26.24,83.03
L55053,L,57.29,14.13,9.8,66.44,7,96.08,1.49,106.6,27.22,82.42
L55054,L,56.21,14.11,2.9,70.34,4,98.84,1.55,106.76,27.27,82.98
L55055,L,51.18,10.8,10.0,89.5,4,96.0,1.6,85.96,21.39,85.1
H37290,H,59.43,17.21,7.1,58.14,7,97.16,1.65,124.7,32.95,79.51
L55057,L,58.34,18.81,11.35,61.6,6,95.46,1.79,136.0,35.99,77.3
L55058,L,58.43,17.77,6.45,62.02,2,97.42,1.84,126.36,34.19,78.58
M22739,M,56.79,15.76,4.55,68.87,2,98.18,1.89,111.3,30.65,80.44
H37294,H,58.01,17.72,5.7,63.99,6,97.72,1.97,123.54,34.27,78.35
L55061,L,57.64,16.1,12.95,66.6,4,94.82,2.11,108.06,31.53,78.73
H37296,H,55.12,13.3,9.05,76.85,5,96.38,2.16,88.0,26.59,81.48
H37297,H,58.53,18.23,13.3,63.18,4,94.68,2.29,119.72,35.59,76.29
L55064,L,58.41,37.06,40.55,54.72,4,83.78,5.43,147.5,64.92,52.63
L55065,L,56.65,16.52,6.65,71.24,3,97.34,2.48,104.4,32.75,78.0
M22746,M,48.21,12.23,12.75,102.59,2,94.9,2.53,80.48,25.13,81.09
L55067,L,56.8,17.31,6.9,70.84,7,97.24,2.61,107.6,34.36,76.9
L55068,L,57.05,16.3,11.0,70.7,7,95.6,2.67,97.94,32.61,77.26
M22749,M,60.11,23.58,9.1,56.76,5,96.36,2.72,150.82,45.73,70.78
L55070,L,54.43,14.8,11.25,80.95,6,95.5,2.8,86.54,30.09,78.23
L55071,L,58.13,18.36,14.35,66.67,4,94.26,2.85,108.74,36.54,74.59
M22752,M,57.64,18.87,8.45,68.32,7,96.62,2.91,112.3,37.52,74.58
L55073,L,59.75,19.91,11.6,60.84,2,95.36,2.99,115.92,39.48,73.12
M22754,M,57.31,18.02,5.7,70.39,2,97.72,3.04,102.96,36.16,75.27
L55075,L,59.81,21.86,6.85,60.17,7,97.26,3.12,128.44,43.15,71.5
L55076,L,60.54,22.92,5.95,57.34,4,97.62,3.17,134.72,45.12,70.5
L55077,L,59.76,22.36,7.05,60.52,7,97.18,3.23,130.08,44.17,70.76
L55078,L,59.98,21.66,14.15,60.32,7,94.34,3.28,123.06,43.0,70.52
L55079,L,60.9,23.12,8.25,56.64,2,96.7,3.33,132.28,45.69,69.67
L55080,L,54.25,16.11,10.35,83.2,4,95.86,3.39,84.1,33.18,75.6
L55081,L,61.0,21.44,12.45,57.53,4,95.02,3.44,116.3,42.81,70.47
M22762,M,60.12,22.28,14.55,60.36,2,94.18,3.49,123.0,44.38,69.37
L55083,L,60.13,21.92,11.7,60.79,7,95.32,3.57,118.3,43.83,69.77
M22764,M,54.72,17.16,6.8,81.97,3,97.28,3.63,86.42,35.36,74.39
M22765,M,59.85,22.04,11.95,62.23,5,95.22,3.71,116.7,44.23,69.28
L55086,L,61.29,24.11,7.1,56.54,4,97.16,3.79,129.44,48.03,67.7
L55087,L,54.28,18.1,15.2,83.85,6,93.92,3.84,89.76,37.31,72.14
L55088,L,56.42,18.38,12.3,76.56,6,95.08,3.89,87.9,37.89,72.04
L55089,L,58.3,21.46,16.4,68.77,3,93.44,3.95,108.8,43.49,68.72
M22770,M,57.28,18.42,11.5,73.99,6,95.4,4.0,84.68,38.11,71.8
L55091,L,59.58,21.46,11.65,64.87,7,95.34,4.08,104.04,43.66,68.84
L55092,L,59.85,23.4,15.75,63.2,2,93.7,4.13,117.96,47.2,66.56
L55093,L,61.41,23.04,13.85,58.23,6,94.46,4.19,111.7,46.61,66.94
H37328,H,60.08,23.5,16.95,62.75,6,93.22,4.24,116.0,47.5,66.07
H37329,H,59.7,21.9,16.2,65.4,2,93.52,4.37,100.74,44.8,67.23
L55096,L,60.06,22.8,9.45,64.2,4,96.22,4.51,104.44,46.59,66.75
L55097,L,60.68,24.28,14.55,61.56,4,94.18,4.56,114.28,49.32,64.77
L55098,L,60.29,24.16,14.65,63.17,6,94.14,4.61,112.7,49.18,64.72
L55099,L,60.48,24.0,13.75,62.8,5,94.5,4.67,109.92,48.95,64.82
L55100,L,62.2,26.48,13.85,55.86,4,94.46,4.72,126.24,53.47,62.44
L55101,L,61.72,26.24,17.95,57.83,3,92.82,4.77,123.78,53.11,62.1
L55102,L,61.15,24.4,11.05,60.9,6,95.58,4.83,108.64,49.88,64.3
M22783,M,61.39,25.89,14.15,59.56,2,94.34,4.88,119.0,52.61,62.52
H37338,H,62.36,26.51,15.3,56.2,2,93.88,4.96,120.78,53.81,61.64
M22785,M,58.03,22.33,17.55,73.68,2,92.98,5.09,90.34,46.5,64.81
L55106,L,63.39,44.8,44.7,44.35,6,82.12,8.17,140.9,82.28,38.04
L55107,L,61.4,26.18,14.8,60.71,7,94.08,5.23,113.52,53.57,61.28
L55108,L,61.15,26.74,12.9,61.48,4,94.84,5.28,117.14,54.64,60.83
M22789,M,58.71,23.3,12.0,71.8,2,95.2,5.33,91.78,48.54,63.86
L55110,L,61.91,28.24,19.15,58.63,2,92.34,5.41,125.1,57.5,58.51
L55111,L,61.33,26.0,10.25,61.95,6,95.9,5.47,106.78,53.55,61.27
L55112,L,61.7,27.03,11.35,60.38,3,95.46,5.52,113.36,55.47,60.09
L55113,L,55.21,22.17,11.45,85.32,5,95.42,5.57,82.16,46.82,64.3
M22794,M,59.74,23.96,18.55,69.07,4,92.58,5.63,89.02,50.09,61.85
M22795,M,63.68,28.2,14.7,53.7,6,94.12,5.71,115.72,57.79,58.22
L55116,L,61.82,28.96,12.85,60.02,3,94.86,5.79,122.6,59.26,57.51
L55117,L,60.6,25.37,18.95,66.22,3,92.42,5.84,94.36,52.9,59.98
L55118,L,59.16,25.5,11.05,71.3,6,95.58,5.89,96.22,53.21,60.5
L55119,L,63.07,28.69,14.15,56.5,4,94.34,5.95,115.14,58.98,57.2
M22800,M,54.7,10.0,6.0,71.6,7,97.6,0.0,110.64,17.92,90.44
M22801,M,55.27,9.96,9.15,69.97,5,96.34,0.08,107.78,17.96,89.94
L55122,L,56.34,11.93,0.3,65.63,4,99.88,0.16,120.24,21.59,88.86
L55123,L,51.73,7.89,1.4,83.71,5,99.44,0.21,93.06,14.41,92.23
L55124,L,56.72,13.05,9.5,64.18,6,96.2,0.27,126.28,23.73,86.65
L55125,L,53.27,9.01,7.6,78.24,2,96.96,0.32,97.5,16.56,90.32
L55126,L,55.36,10.02,3.7,70.79,4,98.52,0.37,101.52,18.43,89.67
L55127,L,56.73,12.66,3.8,64.97,3,98.48,0.43,119.52,23.23,87.15
L55128,L,56.01,11.29,1.9,68.31,6,99.24,0.48,108.38,20.85,88.43
M22809,M,54.76,10.7,5.0,73.1,6,98.0,0.53,104.18,19.86,88.51
L55130,L,54.87,10.84,8.15,72.98,2,96.74,0.61,103.36,20.21,87.85
M22811,M,50.93,8.12,5.25,88.09,3,97.9,0.67,85.86,15.41,90.44
M22812,M,56.3,12.46,7.4,67.77,7,97.04,0.75,111.4,23.29,86.12
L55133,L,56.87,11.68,5.55,66.51,3,97.78,0.83,102.54,21.99,86.8
L55134,L,56.83,13.12,2.65,66.14,4,98.94,0.88,112.88,24.63,85.66
M22815,M,58.98,16.82,8.75,57.09,6,96.5,0.93,138.4,31.34,81.59
H37370,H,56.12,12.54,5.9,69.38,3,97.64,1.01,106.26,23.76,85.5
H37371,H,47.15,7.56,4.15,103.22,2,98.34,1.15,75.8,15.02,89.78
L55138,L,58.4,16.31,11.4,60.69,4,95.44,1.28,127.34,30.87,80.86
L55139,L,55.43,12.08,9.5,73.21,6,96.2,1.33,96.3,23.34,84.71
H37374,H,56.86,14.81,5.6,67.14,5,97.76,1.39,115.02,28.31,82.51
L55141,L,60.31,19.31,5.85,53.54,3,97.66,1.52,143.28,36.54,78.1
L55142,L,58.8,16.47,8.95,60.36,7,96.42,1.57,121.44,31.52,80.2
L55143,L,56.85,14.86,7.05,68.07,6,97.18,1.63,110.0,28.69,81.69
L55144,L,58.18,15.09,4.15,63.6,2,98.34,1.68,108.86,29.18,81.63
L55145,L,57.64,14.02,12.25,66.19,6,95.1,1.73,99.88,27.34,81.64
L55146,L,55.69,14.34,4.35,72.93,5,98.26,1.79,103.84,27.97,82.01
M22827,M,55.36,13.67,9.45,74.62,2,96.22,1.84,97.78,26.84,81.95
L55148,L,52.8,11.56,10.6,84.77,7,95.76,1.92,82.62,23.16,83.52
L55149,L,54.32,13.12,8.7,78.99,7,96.52,1.97,91.82,26.02,82.17
M22830,M,60.4,18.23,4.8,55.73,5,98.08,2.03,123.14,35.25,77.84
L55151,L,58.92,17.84,6.95,61.33,6,97.22,2.11,120.3,34.66,77.76
L55152,L,59.1,20.2,6.05,59.75,4,97.58,2.16,137.74,38.96,75.59
L55153,L,55.01,14.07,5.15,77.07,4,97.94,2.21,93.04,28.02,81.05
L55154,L,57.31,16.4,10.25,68.2,7,95.9,2.27,107.36,32.28,78.3
M22835,M,57.08,16.54,13.35,69.13,6,94.66,2.32,107.56,32.59,77.73
H37390,H,59.4,19.15,13.5,60.18,3,94.6,2.4,123.5,37.38,75.16
L55157,L,59.79,22.35,5.75,57.73,5,97.7,2.53,145.56,43.28,72.72
L55158,L,58.37,21.14,8.85,63.43,4,96.46,2.59,136.6,41.17,73.36
M22839,M,59.19,17.07,8.95,62.87,3,96.42,2.64,101.76,33.95,76.85
M22840,M,58.16,18.06,12.1,66.22,5,95.16,2.72,109.3,35.83,75.44
L55161,L,59.12,17.5,7.25,63.5,3,97.1,2.8,101.7,34.93,76.21
L55162,L,58.55,19.21,9.35,64.8,6,96.26,2.85,114.96,38.06,74.33
L55163,L,56.97,16.97,8.45,71.56,4,96.62,2.91,98.02,34.11,76.29
L55164,L,57.77,17.6,11.55,68.7,6,95.38,2.96,100.8,35.32,75.27
L55165,L,57.98,17.57,13.65,68.22,4,94.54,3.01,99.0,35.31,74.95
L55166,L,57.35,17.83,9.75,70.44,2,96.1,3.07,100.74,35.85,74.97
H37401,H,58.84,19.43,9.85,64.73,2,96.06,3.12,110.38,38.8,73.37
L55168,L,59.03,18.48,6.1,65.06,3,97.56,3.25,99.52,37.27,74.25
L55169,L,59.91,19.4,7.2,61.8,5,97.12,3.31,104.4,38.97,73.18
M22850,M,54.45,16.36,14.3,82.27,6,94.28,3.36,86.38,33.59,75.06
L55171,L,58.54,20.07,7.45,66.67,4,97.02,3.44,108.68,40.35,72.2
M22852,M,53.98,16.95,6.55,84.12,4,97.38,3.49,88.84,34.83,74.94
L55173,L,57.81,18.7,9.7,70.4,3,96.12,3.57,95.7,38.05,72.86
L55174,L,60.35,21.76,11.8,60.32,4,95.28,3.63,115.48,43.6,69.76
L55175,L,55.29,18.24,9.9,79.68,7,96.04,3.68,93.12,37.37,72.96
M22856,M,59.38,21.58,10.0,64.16,4,96.0,3.73,112.98,43.42,69.82
M22857,M,41.85,28.86,40.15,121.07,4,83.94,6.81,73.6,52.0,56.36
L55178,L,61.6,24.6,8.3,55.65,6,96.68,3.89,130.58,49.05,66.86
M22859,M,57.91,19.59,11.4,71.05,2,95.44,3.95,94.34,40.13,70.9
M22860,M,60.53,25.4,8.55,59.45,2,96.58,4.03,135.46,50.65,65.76
L55181,L,61.62,24.87,8.7,56.26,2,96.52,4.11,127.88,49.8,66.02
M22862,M,54.74,18.23,7.8,83.44,6,96.88,4.16,83.02,37.96,71.92
M22863,M,63.23,29.54,15.95,48.93,4,93.62,4.24,160.08,58.35,60.75
L55184,L,59.55,23.96,10.1,64.67,2,95.96,4.32,118.66,48.44,66.13
L55185,L,60.42,22.44,9.2,62.63,2,96.32,4.37,104.14,45.79,67.44
L55186,L,60.7,24.78,17.3,60.71,2,93.08,4.43,121.24,50.04,64.4
M22867,M,57.82,20.54,8.4,72.93,7,96.64,4.48,90.08,42.51,68.94
L55188,L,61.55,23.96,16.55,58.72,3,93.38,4.56,110.48,48.73,64.86
H37423,H,51.21,18.29,17.65,97.3,5,92.94,4.61,78.18,38.65,69.68
L55190,L,63.08,29.52,17.9,51.39,3,92.84,4.75,148.66,58.94,59.25
L55191,L,61.63,25.22,10.0,58.74,4,96.0,4.8,115.14,51.32,63.74
M22872,M,62.45,28.58,13.1,54.46,2,94.76,4.85,139.7,57.41,60.28
M22873,M,62.14,27.48,9.25,56.36,7,96.3,4.93,129.44,55.52,61.45
L55194,L,60.81,26.09,18.4,61.96,5,92.64,5.01,118.4,53.14,61.56
M22875,M,60.02,24.58,18.5,65.61,5,92.6,5.07,106.16,50.49,62.77
M22876,M,61.73,25.79,13.65,59.46,3,94.54,5.15,111.74,52.77,61.96
L55197,L,60.79,25.5,10.8,63.15,3,95.68,5.23,108.96,52.36,62.29
L55198,L,55.45,21.72,12.9,83.59,2,94.84,5.28,84.78,45.63,65.33
L55199,L,58.62,23.68,10.0,71.91,4,96.0,5.33,94.9,49.21,63.73
H37434,H,58.03,23.14,16.1,74.43,4,93.56,5.39,90.2,48.31,63.46
M22881,M,61.39,25.21,18.35,62.34,6,92.66,5.52,99.18,52.2,61.02
L55202,L,62.33,27.75,12.5,58.18,2,95.0,5.6,116.42,56.86,59.12
H37437,H,63.03,27.64,11.6,56.03,4,95.36,5.65,113.34,56.72,59.17
L55204,L,61.78,27.04,18.85,61.13,2,92.46,5.79,107.26,55.81,58.63
M22885,M,62.87,30.2,17.95,56.0,3,92.82,5.84,129.84,61.55,55.75
L55206,L,63.3,45.31,49.1,47.3,7,80.36,8.92,128.38,84.16,35.17
L55207,L,62.98,29.15,18.2,56.68,5,92.72,5.97,118.3,59.83,56.32
L55208,L,61.93,29.28,16.3,60.41,5,93.48,6.03,119.62,60.14,56.25
M22889,M,53.29,8.82,3.0,77.04,5,98.8,0.0,103.18,15.82,91.79
L55210,L,55.4,10.79,4.15,69.1,6,98.34,0.08,114.2,19.44,89.7
L55211,L,54.59,8.5,4.25,73.25,7,98.3,0.13,95.8,15.4,91.61
L55212,L,56.6,12.18,3.35,64.71,5,98.66,0.19,121.32,22.08,88.25
L55213,L,55.66,10.42,7.45,69.04,7,97.02,0.24,107.3,18.98,89.28
L55214,L,54.57,10.08,4.55,73.16,3,98.18,0.29,104.88,18.44,89.74
L55215,L,49.59,5.96,7.65,92.52,7,96.94,0.35,77.6,11.13,92.98
L55216,L,56.2,12.72,0.75,66.64,7,99.7,0.4,121.4,23.32,87.47
L55217,L,54.18,9.88,1.85,75.21,4,99.26,0.45,100.26,18.29,89.76
L55218,L,55.94,13.34,8.95,67.63,2,96.42,0.51,124.32,24.56,85.81
L55219,L,54.93,9.63,2.05,73.18,4,99.18,0.56,94.8,17.97,89.69
L55220,L,55.89,11.66,7.15,69.07,6,97.14,0.61,108.56,21.69,87.21
H37455,H,56.92,14.12,9.25,64.49,6,96.3,0.67,125.62,26.16,84.66
L55222,L,56.27,13.68,4.5,67.46,2,98.2,0.8,119.92,25.53,85.19
L55223,L,56.33,11.51,7.6,68.54,3,96.96,0.85,101.32,21.72,86.68
L55224,L,57.05,12.24,10.7,65.93,7,95.72,0.91,105.02,23.1,85.57
M22905,M,58.2,16.66,9.8,59.97,2,96.08,0.96,137.52,31.07,81.56
L55226,L,56.76,13.47,8.95,66.82,4,96.42,1.04,112.22,25.47,84.29
L55227,L,56.94,12.83,2.05,66.74,6,99.18,1.09,105.66,24.39,85.42
L55228,L,57.72,13.76,11.15,63.77,6,95.54,1.15,110.86,26.13,83.53
H37463,H,55.01,11.22,8.25,74.59,2,96.7,1.2,93.08,21.65,85.95
L55230,L,58.11,16.77,7.5,61.66,7,97.0,1.33,130.22,31.76,80.7
L55231,L,54.52,10.96,4.6,77.12,5,98.16,1.39,87.44,21.41,86.06
L55232,L,58.2,15.74,2.7,62.28,6,98.92,1.44,119.46,30.05,81.82
L55233,L,51.22,9.91,10.8,89.4,6,95.68,1.49,81.14,19.65,86.11
L55234,L,58.29,16.61,11.9,61.94,3,95.24,1.55,123.9,31.75,79.84
H37469,H,57.03,15.08,10.0,67.26,3,96.0,1.6,112.12,29.05,81.27
L55236,L,57.13,16.05,4.25,66.92,7,98.3,1.73,116.78,30.97,80.62
L55237,L,56.47,14.66,5.35,70.12,6,97.86,1.79,105.38,28.55,81.62
L55238,L,57.02,16.74,8.45,67.38,3,96.62,1.84,120.1,32.35,79.3
L55239,L,56.72,15.1,4.55,69.45,2,98.18,1.89,106.2,29.48,81.02
H37474,H,58.44,16.92,4.65,62.84,3,98.14,1.95,117.12,32.79,79.25
M22921,M,58.02,16.59,10.9,64.96,7,95.64,2.08,112.1,32.38,78.56
M22922,M,59.65,20.01,6.05,57.95,4,97.58,2.16,135.38,38.6,75.77
M22923,M,56.95,15.82,10.2,69.64,5,95.92,2.24,103.82,31.2,78.9
L55244,L,56.38,15.66,6.35,71.97,6,97.46,2.32,101.52,31.02,79.22
M22925,M,55.36,13.7,11.45,76.65,3,95.42,2.37,86.0,27.56,80.33
L55246,L,52.57,12.68,11.6,87.06,2,95.36,2.45,79.96,25.86,81.01
M22927,M,58.13,17.47,8.7,65.76,5,96.52,2.51,109.4,34.5,76.87
M22928,M,55.52,16.56,13.85,75.52,4,94.46,2.59,103.92,32.97,76.96
M22929,M,52.71,13.52,6.0,86.99,4,97.6,2.67,81.7,27.63,80.25
M22930,M,52.92,13.99,12.15,86.35,7,95.14,2.75,83.34,28.57,79.01
L55251,L,56.22,15.86,10.3,74.37,3,95.88,2.83,91.92,32.01,77.31
H37486,H,60.23,19.44,6.4,59.03,7,97.44,2.88,113.9,38.51,74.35
L55253,L,57.71,18.22,5.65,68.79,5,97.74,3.01,104.56,36.48,75.17
L55254,L,56.71,17.92,14.75,72.59,3,94.1,3.07,102.42,36.03,74.38
L55255,L,60.63,20.11,7.85,58.24,3,96.86,3.12,113.32,40.01,72.97
L55256,L,60.78,21.52,12.95,57.24,7,94.82,3.17,123.2,42.61,71.06
L55257,L,58.11,19.6,15.05,67.55,7,93.98,3.23,110.34,39.24,72.42
L55258,L,57.83,17.64,6.15,69.73,2,97.54,3.28,93.82,35.79,74.93
L55259,L,58.51,19.02,7.25,66.89,4,97.1,3.33,102.76,38.34,73.44
H37494,H,59.97,21.06,9.35,61.07,7,96.26,3.39,115.84,42.05,71.27
L55261,L,61.22,23.94,11.6,55.83,6,95.36,3.52,134.12,47.38,68.11
H37496,H,60.32,22.27,6.7,59.96,4,97.32,3.57,120.84,44.46,69.95
L55263,L,60.24,21.67,6.95,61.07,4,97.22,3.71,113.16,43.55,70.12
L55264,L,59.65,22.38,12.05,62.96,2,95.18,3.76,118.46,44.89,68.83
L55265,L,61.92,23.89,7.15,54.6,4,97.14,3.81,126.22,47.67,67.82
L55266,L,60.06,20.98,7.25,62.66,6,97.1,3.87,104.26,42.51,70.29
L55267,L,60.36,21.91,16.35,61.34,3,93.46,3.92,110.12,44.25,68.4
L55268,L,61.73,23.34,15.45,56.13,4,93.82,3.97,118.52,46.89,67.06
L55269,L,57.14,19.66,16.55,73.97,3,93.38,4.03,94.12,40.35,70.12
L55270,L,53.79,17.99,10.65,86.5,7,95.74,4.08,84.2,37.43,72.06
L55271,L,61.64,26.62,15.75,55.44,7,93.7,4.13,141.3,52.98,63.67
M22952,M,59.69,22.76,12.85,64.27,3,94.86,4.19,111.86,46.12,67.28
L55273,L,59.81,21.72,16.0,64.69,5,93.6,4.27,101.62,44.36,67.68
H37508,H,57.67,20.16,10.1,73.02,5,95.96,4.32,90.84,41.63,69.54
L55275,L,60.28,25.44,14.35,61.93,7,94.26,4.45,126.46,51.25,64.03
M22956,M,59.44,22.87,14.45,66.32,7,94.22,4.51,105.9,46.72,66.18
L55277,L,61.03,24.14,12.6,60.53,5,94.96,4.59,112.04,49.09,65.02
L55278,L,60.39,23.67,17.7,63.16,7,92.92,4.64,108.0,48.32,64.79
L55279,L,58.95,21.7,8.8,69.3,7,96.48,4.69,93.06,44.87,67.3
L55280,L,57.86,21.19,17.9,73.5,7,92.84,4.75,89.24,44.02,66.71
L55281,L,59.59,23.83,14.0,66.44,7,94.4,4.8,106.74,48.81,64.6
L55282,L,61.89,26.06,17.1,57.62,6,93.16,4.85,120.26,52.88,62.14
M22963,M,61.72,25.12,9.2,58.89,5,96.32,4.91,111.78,51.26,63.64
L55284,L,57.98,22.84,9.35,73.18,5,96.26,4.99,96.84,47.27,65.46
L55285,L,61.19,27.3,14.45,60.15,2,94.22,5.04,126.92,55.33,60.81
M22966,M,59.5,22.88,17.55,68.36,3,92.98,5.09,92.72,47.48,64.32
H37521,H,62.59,27.77,13.7,55.62,2,94.52,5.17,125.8,56.35,60.11
M22968,M,59.58,24.34,10.95,68.18,5,95.62,5.31,99.54,50.38,63.1
L55289,L,56.56,22.74,16.1,79.68,4,93.56,5.39,89.02,47.6,63.82
H37524,H,51.96,20.94,18.2,96.58,7,92.72,5.44,79.82,44.46,65.07
M22971,M,60.67,39.99,41.45,57.65,3,83.42,8.57,97.26,74.19,41.61
M22972,M,56.01,11.28,8.0,66.46,6,96.8,0.0,119.04,20.21,89.1
L55293,L,55.86,11.64,3.15,67.13,5,98.74,0.08,120.38,20.97,89.04
H37528,H,40.83,3.78,9.25,122.91,2,96.3,0.13,76.92,6.94,95.34
L55295,L,57.4,15.1,8.5,60.8,6,96.6,0.27,141.74,27.4,84.91
L55296,L,48.19,5.86,5.6,97.27,6,97.76,0.32,79.28,10.91,93.34
L55297,L,56.96,13.0,0.7,63.8,2,99.72,0.37,123.12,23.77,87.3
L55298,L,54.95,9.53,5.8,72.64,2,97.68,0.43,96.96,17.62,89.75
L55299,L,58.14,15.24,7.9,59.03,3,96.84,0.48,137.06,27.93,84.29
L55300,L,51.88,8.2,1.0,84.25,5,99.6,0.53,88.14,15.38,91.15
L55301,L,51.07,8.51,6.1,87.1,5,97.56,0.59,90.54,16.0,90.22
M22982,M,55.41,13.52,4.2,69.89,2,98.32,0.64,123.46,25.05,85.78
H37537,H,55.76,11.36,2.35,70.07,3,99.06,0.72,103.9,21.28,87.69
L55304,L,55.14,12.81,7.6,72.0,3,96.96,0.85,113.36,24.05,85.51
L55305,L,56.89,14.67,10.7,65.26,6,95.72,0.91,124.64,27.45,83.39
L55306,L,57.22,12.36,3.8,65.47,4,98.48,0.96,104.46,23.37,86.02
M22987,M,54.13,11.49,4.9,76.76,7,98.04,1.01,100.6,21.88,86.54
L55308,L,54.52,11.1,7.05,75.9,3,97.18,1.09,95.18,21.29,86.46
L55309,L,56.17,13.24,5.15,69.38,3,97.94,1.15,108.8,25.19,84.6
H37544,H,58.08,14.38,11.25,62.46,6,95.5,1.2,114.06,27.29,82.83
H37545,H,58.65,16.4,2.5,60.0,7,99.0,1.33,126.48,31.09,81.54
M22992,M,58.43,16.9,4.75,61.0,7,98.1,1.47,127.78,32.16,80.51
L55313,L,57.4,16.16,6.9,65.22,4,97.24,1.55,121.52,30.94,80.75
L55314,L,54.79,12.9,8.0,76.05,6,96.8,1.6,97.8,25.16,83.42
L55315,L,56.24,14.04,6.1,70.68,2,97.56,1.65,103.68,27.26,82.45
M22996,M,57.47,15.05,9.2,66.18,4,96.32,1.71,108.88,29.14,81.1
H37551,H,55.72,13.46,8.35,73.27,4,96.66,1.79,96.8,26.4,82.39
L55318,L,59.42,19.48,8.6,58.06,6,96.56,1.92,136.92,37.37,76.62
L55319,L,56.36,15.47,7.7,70.82,7,96.92,1.97,107.82,30.24,80.16
L55320,L,55.15,13.08,12.8,76.36,5,94.88,2.03,89.16,26.02,81.66
L55321,L,59.07,18.72,6.9,60.29,4,97.24,2.08,127.66,36.19,77.06
M23002,M,58.33,18.85,12.0,62.98,5,95.2,2.13,128.56,36.5,76.28
L55323,L,57.99,16.74,4.15,65.48,4,98.34,2.21,110.34,32.82,78.75
M23004,M,57.63,17.48,9.25,66.56,4,96.3,2.27,115.52,34.2,77.44
M23005,M,55.12,15.07,13.4,76.72,4,94.64,2.35,97.9,29.99,78.97
L55326,L,57.42,15.23,8.55,69.04,3,96.58,2.43,94.26,30.38,79.1
L55327,L,58.73,17.69,9.65,63.5,7,96.14,2.48,110.94,34.86,76.64
M23008,M,58.19,17.48,13.75,65.66,5,94.5,2.53,108.76,34.54,76.29
M23009,M,59.17,20.44,6.9,61.13,2,97.24,2.61,129.34,39.96,74.1
M23010,M,59.3,18.4,14.05,62.0,6,94.38,2.69,111.08,36.41,75.0
L55331,L,58.7,18.55,5.2,64.33,2,97.92,2.77,111.24,36.77,75.55
L55332,L,59.25,19.9,7.3,61.95,6,97.08,2.83,120.16,39.27,73.98
L55333,L,58.31,19.24,9.4,65.73,2,96.24,2.88,114.94,38.15,74.23
L55334,L,60.03,21.83,12.5,58.74,3,95.0,2.93,132.06,42.85,71.46
L55335,L,61.69,22.06,14.6,53.12,4,94.16,2.99,130.46,43.34,70.9
L55336,L,56.49,16.84,11.7,73.78,2,95.32,3.04,94.68,34.06,75.72
L55337,L,58.68,21.0,11.8,64.4,4,95.28,3.09,123.76,41.58,71.84
L55338,L,60.16,19.64,9.9,60.18,6,96.04,3.15,109.6,39.2,73.12
H37573,H,56.16,17.4,7.0,75.25,4,97.2,3.2,95.98,35.26,75.27
M23020,M,57.2,17.58,7.25,72.11,6,97.1,3.33,92.96,35.74,74.74
H37575,H,55.89,17.79,15.4,76.81,7,93.84,3.41,94.68,36.23,73.52
L55342,L,58.08,19.39,10.65,69.0,3,95.74,3.55,101.48,39.26,72.21
L55343,L,58.14,19.9,12.75,68.75,4,94.9,3.6,104.28,40.25,71.4
L55344,L,59.69,21.18,6.85,63.01,2,97.26,3.65,111.24,42.62,70.7
L55345,L,58.58,19.42,10.95,67.89,4,95.62,3.71,97.44,39.52,71.73
L55346,L,57.9,19.13,11.05,70.59,5,95.58,3.76,94.86,39.07,71.84
H37581,H,61.6,23.22,12.15,56.04,3,95.14,3.81,121.26,46.46,67.93
L55348,L,56.84,19.49,16.4,74.76,6,93.44,3.95,95.0,39.95,70.49
M23029,M,56.1,18.58,11.5,77.96,3,95.4,4.0,87.5,38.38,71.66
L55350,L,59.44,23.66,12.65,64.27,6,94.94,4.08,121.84,47.6,66.77
H37585,H,57.77,21.02,16.75,71.54,4,93.3,4.13,101.82,42.94,68.59
L55352,L,58.57,20.02,12.0,69.79,3,95.2,4.27,89.72,41.32,69.61
H37587,H,60.07,22.21,11.1,63.74,4,95.56,4.32,103.94,45.3,67.6
L55354,L,62.06,26.44,10.35,55.33,6,95.86,4.45,132.02,53.04,63.54
M23035,M,61.04,23.82,12.45,60.34,5,95.02,4.51,111.3,48.42,65.53
L55356,L,59.4,23.76,16.6,66.32,7,93.36,4.59,111.28,48.42,64.96
L55357,L,61.28,25.14,10.7,59.38,2,95.72,4.64,118.58,50.97,64.17
L55358,L,62.6,27.1,11.8,54.05,5,95.28,4.69,131.24,54.55,62.16
L55359,L,59.64,23.09,16.9,66.46,3,93.24,4.75,102.0,47.42,65.11
M23040,M,58.88,24.98,14.0,68.31,3,94.4,4.8,116.92,50.87,63.57
L55361,L,55.78,20.56,15.15,81.47,7,93.94,4.88,84.1,43.06,67.19
M23042,M,58.55,22.98,17.25,70.96,7,93.1,4.93,98.38,47.45,64.68
L55363,L,61.51,26.86,15.4,59.17,4,93.84,5.01,123.64,54.53,61.17
L55364,L,51.5,19.62,9.5,97.39,3,96.2,5.07,78.28,41.62,68.11
L55365,L,60.14,25.61,18.6,64.9,3,92.56,5.12,113.08,52.41,61.69
L55366,L,56.23,21.87,16.7,80.41,5,93.32,5.17,87.34,45.78,65.1
L55367,L,61.81,27.26,16.8,58.77,4,93.28,5.23,121.56,55.5,60.12
M23048,M,60.67,25.54,15.9,63.73,5,93.64,5.28,108.2,52.49,61.61
L55369,L,54.17,21.33,14.05,88.48,4,94.38,5.36,81.66,45.05,65.35
M23050,M,59.51,25.54,10.15,68.23,4,95.94,5.41,106.8,52.66,61.83
M23051,M,59.46,23.93,15.3,69.54,4,93.88,5.49,92.2,49.88,62.55
L55372,L,65.38,48.02,41.45,37.44,7,83.42,8.57,154.98,88.57,34.42
L55373,L,56.07,22.46,10.55,82.42,5,95.78,5.63,82.06,47.4,63.99
L55374,L,62.64,28.46,13.65,57.07,5,94.54,5.68,119.92,58.24,58.15
L55375,L,63.42,45.68,46.75,45.96,3,81.3,8.73,135.32,84.57,35.57
L55376,L,59.9,25.76,10.85,68.22,5,95.66,5.79,99.64,53.53,60.58
M23057,M,61.86,28.94,11.95,60.13,6,95.22,5.84,121.24,59.3,57.47
M23058,M,63.66,29.98,20.1,53.71,6,91.96,5.92,125.28,61.27,55.51
L55379,L,58.47,39.75,48.25,66.97,3,80.7,9.0,88.74,74.29,40.03
L55380,L,56.25,10.6,7.0,66.0,5,97.2,0.0,113.32,19.0,89.8
M23061,M,50.48,6.44,6.1,88.08,2,97.56,0.05,86.72,11.6,93.48
L55382,L,52.86,8.5,2.25,79.2,6,99.1,0.13,98.18,15.4,91.81
M23063,M,55.77,10.58,7.35,68.36,3,97.06,0.19,109.66,19.21,89.29
L55384,L,51.82,7.75,0.5,83.68,4,99.8,0.27,90.62,14.23,92.3
M23065,M,56.31,12.78,5.6,65.91,4,97.76,0.32,123.52,23.32,87.14
L55386,L,55.87,12.08,3.75,68.11,2,98.5,0.4,116.66,22.15,87.75
L55387,L,55.17,12.01,4.85,70.74,5,98.06,0.45,115.9,22.1,87.56
L55388,L,56.07,12.52,3.95,67.59,6,98.42,0.51,117.54,23.08,87.05
L55389,L,57.38,13.4,2.05,62.85,2,99.18,0.56,121.62,24.74,86.31
H37624,H,53.88,9.19,5.15,77.2,5,97.94,0.61,91.52,17.25,89.63
L55391,L,53.46,10.56,10.4,78.47,4,95.84,0.75,100.1,19.89,87.52
H37626,H,58.56,14.62,8.5,59.14,6,96.6,0.8,124.38,27.23,83.93
M23073,M,55.52,11.18,8.75,71.81,2,96.5,0.93,97.96,21.22,86.65
L55394,L,57.89,14.49,7.9,62.3,5,96.84,1.01,119.42,27.26,83.55
L55395,L,57.29,13.98,7.0,64.86,6,97.2,1.07,114.94,26.4,83.96
L55396,L,58.32,18.84,9.1,59.08,3,96.36,1.12,151.2,35.18,79.26
L55397,L,55.37,12.8,10.2,72.45,6,95.92,1.17,105.74,24.43,84.42
L55398,L,56.77,13.13,7.3,67.68,6,97.08,1.23,105.3,25.09,84.27
L55399,L,56.55,12.42,2.4,68.99,7,99.04,1.28,98.68,23.88,85.26
M23080,M,55.93,12.8,7.5,71.15,7,97.0,1.33,101.42,24.64,84.26
M23081,M,57.81,14.99,2.65,63.91,6,98.94,1.41,114.56,28.66,82.58
L55402,L,53.14,11.46,5.8,82.02,5,97.68,1.49,90.9,22.43,85.22
L55403,L,59.4,18.36,11.9,57.27,4,95.24,1.55,136.38,34.88,78.27
L55404,L,57.03,13.6,3.0,68.0,2,98.8,1.6,100.32,26.41,83.29
L55405,L,56.56,14.11,5.1,69.54,6,97.96,1.65,103.84,27.39,82.49
L55406,L,58.7,20.47,12.2,59.22,6,95.12,1.71,150.58,38.86,75.94
M23087,M,56.8,18.13,11.3,67.14,2,95.48,1.76,133.28,34.73,77.98
M23088,M,58.37,17.84,10.45,62.18,5,95.82,1.84,127.04,34.32,78.11
L55409,L,53.85,12.61,9.6,80.65,7,96.16,1.92,89.58,25.04,82.68
L55410,L,53.95,12.64,8.7,80.48,6,96.52,1.97,88.52,25.17,82.6
L55411,L,58.63,18.28,11.8,61.81,6,95.28,2.03,125.98,35.34,77.1
L55412,L,60.04,18.66,9.9,56.97,4,96.04,2.08,125.92,36.1,76.8
M23093,M,58.31,17.2,5.0,63.85,4,98.0,2.13,115.38,33.54,78.46
L55414,L,57.16,16.57,6.15,68.42,7,97.54,2.21,110.08,32.5,78.71
M23095,M,58.55,19.52,9.25,62.39,4,96.3,2.27,130.66,37.88,75.6
L55416,L,57.84,17.32,9.4,66.24,7,96.24,2.35,112.16,34.02,77.36
L55417,L,53.56,13.7,12.5,82.95,5,95.0,2.4,87.92,27.61,80.15
L55418,L,57.65,18.68,13.6,66.61,6,94.56,2.45,120.98,36.61,75.43
L55419,L,60.33,19.92,11.7,56.99,5,95.32,2.51,125.98,38.89,74.37
L55420,L,58.3,18.06,5.8,65.12,5,97.68,2.56,112.66,35.62,76.49
M23101,M,49.39,12.84,8.9,98.53,4,96.44,2.61,81.98,26.34,80.72
M23102,M,55.45,15.5,11.05,76.7,2,95.58,2.69,93.18,31.21,77.9
H37657,H,60.2,21.94,5.2,57.48,2,97.92,2.77,136.38,42.86,72.5
L55424,L,58.26,18.42,12.45,66.39,3,95.02,2.91,107.84,36.71,74.59
M23105,M,61.37,41.03,35.55,44.64,4,85.78,5.96,163.26,72.72,48.16
L55426,L,57.83,19.1,14.7,68.05,2,94.12,3.04,110.84,38.09,73.4
L55427,L,55.55,16.28,13.8,77.51,3,94.48,3.09,90.26,33.11,75.88
L55428,L,59.35,20.46,9.9,62.57,7,96.04,3.15,117.32,40.68,72.38
L55429,L,58.42,19.55,14.0,66.43,2,94.4,3.2,110.08,39.11,72.65
M23110,M,60.37,21.06,8.1,59.17,4,96.76,3.25,118.28,41.88,71.74
L55431,L,51.92,15.3,15.25,91.4,5,93.9,3.33,82.02,31.66,75.98
L55432,L,58.03,19.19,8.35,68.66,2,96.66,3.39,103.5,38.69,73.05
L55433,L,56.75,18.07,11.45,73.82,4,95.42,3.44,95.14,36.76,73.59
M23114,M,57.28,19.76,8.55,71.37,2,96.58,3.49,106.7,39.85,72.23
L55435,L,57.65,18.5,14.7,71.05,2,94.12,3.57,94.32,37.69,72.54
H37670,H,61.64,25.08,7.8,54.26,7,96.88,3.63,140.32,49.56,67.18
M23117,M,58.13,19.83,9.05,69.44,4,96.38,3.76,100.14,40.32,71.41
L55438,L,58.0,21.44,12.2,69.38,4,95.12,3.84,111.44,43.32,69.44
L55439,L,59.97,21.28,11.3,62.91,5,95.48,3.89,106.22,43.09,69.54
H37674,H,62.05,23.84,16.4,54.68,2,93.44,3.95,122.64,47.75,66.59
H37675,H,60.72,24.34,10.65,59.53,3,95.74,4.08,125.48,48.81,66.37
L55442,L,53.78,18.62,14.9,86.74,4,94.04,4.21,86.22,38.72,70.72
H37677,H,57.0,20.45,12.0,74.97,2,95.2,4.27,95.28,42.08,69.23
M23124,M,61.62,25.58,16.25,57.06,5,93.5,4.4,126.94,51.43,63.86
H37679,H,55.97,20.44,13.4,79.33,5,94.64,4.48,91.82,42.33,68.53
L55446,L,55.73,19.87,17.65,80.97,7,92.94,4.61,84.56,41.47,68.27
L55447,L,59.84,23.08,17.75,65.46,3,92.9,4.67,103.4,47.29,65.25
M23128,M,60.45,24.11,16.85,63.04,6,93.26,4.72,109.64,49.21,64.27
H37683,H,56.77,22.0,10.0,77.05,7,96.0,4.8,96.02,45.53,66.63
M23130,M,60.47,24.4,18.25,63.65,6,92.7,4.93,107.14,50.01,63.31
L55451,L,63.59,27.82,11.4,51.54,2,95.44,5.01,128.38,56.23,60.72
L55452,L,62.86,28.35,14.5,53.98,7,94.2,5.07,132.46,57.26,59.79
M23133,M,56.75,20.91,11.6,78.9,7,95.36,5.12,80.14,43.99,66.61
L55454,L,58.98,22.9,18.75,70.55,5,92.5,5.2,91.2,47.66,63.9
M23135,M,57.88,22.08,13.85,74.96,2,94.46,5.25,85.0,46.26,64.98
L55456,L,62.86,29.2,18.0,54.6,4,92.8,5.33,133.28,59.12,57.97
H37691,H,64.23,30.11,16.1,49.64,7,93.56,5.39,137.48,60.82,57.21
L55458,L,61.9,28.16,11.35,59.12,4,95.46,5.52,122.08,57.49,59.08
L55459,L,57.03,23.07,19.45,78.62,3,92.22,5.57,86.86,48.44,62.69
L55460,L,60.01,26.66,16.55,66.77,6,93.38,5.63,110.24,54.93,59.63
H37695,H,61.28,26.74,18.65,62.58,2,92.54,5.68,107.98,55.15,59.2
M23142,M,59.7,25.84,11.9,68.98,6,95.24,5.81,99.96,53.71,60.33
H37697,H,60.13,25.93,13.05,67.78,7,94.78,5.89,98.3,53.97,59.92
L55464,L,52.97,8.32,7.0,78.39,5,97.2,0.0,99.62,14.92,91.84
L55465,L,56.87,13.34,8.1,62.68,3,96.76,0.05,133.14,23.97,87.1
M23146,M,52.7,8.52,0.2,79.64,3,99.92,0.11,99.16,15.41,92.06
L55467,L,54.14,10.09,8.35,74.21,4,96.66,0.19,107.9,18.31,89.63
M23148,M,53.4,9.17,6.45,77.42,7,97.42,0.24,100.4,16.74,90.5
L55469,L,56.9,11.91,7.6,64.34,3,96.96,0.32,115.72,21.75,87.72
M23150,M,52.98,10.07,0.7,78.92,5,99.72,0.37,105.18,18.52,89.92
L55471,L,52.52,8.08,3.85,81.81,3,98.46,0.45,88.14,15.07,91.17
H37706,H,56.77,11.5,5.95,65.7,2,97.62,0.51,108.38,21.25,87.77
M23153,M,55.41,13.02,10.2,70.14,5,95.92,0.64,119.46,24.15,85.62
M23154,M,55.62,11.78,5.35,70.36,4,97.86,0.72,107.5,22.04,87.01
L55475,L,52.59,8.98,9.5,82.46,7,96.2,0.8,87.38,17.1,88.9
L55476,L,57.06,12.31,6.6,65.64,4,97.36,0.85,106.72,23.15,86.06
M23157,M,54.81,11.0,5.7,74.25,2,97.72,0.91,98.1,20.86,87.19
H37712,H,57.22,14.36,8.85,64.57,3,96.46,0.99,119.9,26.99,83.65
L55479,L,54.44,11.31,6.1,76.19,4,97.56,1.12,96.34,21.7,86.3
L55480,L,55.64,12.92,8.2,71.44,3,96.72,1.17,106.36,24.65,84.51
M23161,M,54.45,12.2,5.3,76.1,3,97.88,1.23,101.08,23.44,85.3
L55482,L,54.59,11.7,8.45,76.2,5,96.62,1.31,95.02,22.62,85.23
L55483,L,56.64,14.33,4.55,68.04,5,98.18,1.36,112.08,27.41,83.12
M23164,M,56.67,16.92,7.65,66.84,4,96.94,1.41,131.52,32.11,80.35
H37719,H,58.6,15.48,10.8,61.26,4,95.68,1.49,115.6,29.64,81.11
M23166,M,56.29,15.5,12.05,69.7,4,95.18,1.63,115.98,29.86,80.61
M23167,M,58.51,37.54,41.2,51.33,3,83.52,4.71,167.44,64.88,54.03
L55488,L,58.62,16.68,9.35,61.71,2,96.26,1.79,118.62,32.18,79.4
M23169,M,57.84,15.57,6.45,65.17,7,97.42,1.84,109.58,30.25,80.55
L55490,L,57.84,15.68,8.6,65.41,5,96.56,1.92,108.7,30.55,80.02
M23171,M,60.37,19.1,9.7,55.2,2,96.12,1.97,131.3,36.73,76.72
M23172,M,57.06,15.78,6.85,68.56,5,97.26,2.05,107.58,30.9,79.76
M23173,M,57.8,17.62,9.0,65.39,7,96.4,2.13,119.48,34.3,77.68
L55494,L,54.18,14.29,5.15,79.81,7,97.94,2.21,95.98,28.43,80.84
H37729,H,58.85,16.98,5.25,62.61,2,97.9,2.27,109.84,33.31,78.29
L55496,L,58.41,17.2,12.5,64.55,4,95.0,2.4,109.26,33.88,77.01
L55497,L,55.5,14.96,11.6,75.87,2,95.36,2.45,94.14,29.93,78.97
H37732,H,57.04,17.34,6.7,69.58,2,97.32,2.51,109.9,34.28,77.18
L55499,L,59.7,19.34,13.95,59.98,7,94.42,2.64,119.26,38.03,74.31
M23180,M,58.88,20.01,10.05,62.65,6,95.98,2.69,124.46,39.28,73.97
L55501,L,59.13,20.82,11.2,61.69,3,95.52,2.77,128.84,40.84,72.91
L55502,L,60.33,19.7,8.3,58.35,2,96.68,2.83,117.08,38.91,74.06
H37737,H,59.09,18.74,8.4,63.28,5,96.64,2.88,109.86,37.25,74.77
M23184,M,60.1,20.54,9.65,59.43,2,96.14,3.01,119.88,40.65,72.69
M23185,M,58.65,18.98,12.8,65.51,2,94.88,3.09,107.6,37.95,73.56
H37740,H,58.4,18.07,13.95,67.12,2,94.42,3.17,98.86,36.42,74.05
M23187,M,62.47,24.2,13.2,50.6,2,94.72,3.31,139.28,47.57,68.28
L55508,L,61.53,23.21,12.35,54.64,2,95.06,3.39,130.9,45.91,69.04
L55509,L,60.14,22.72,7.45,59.84,4,97.02,3.44,127.68,45.1,69.83
L55510,L,59.03,20.23,8.55,65.14,7,96.58,3.49,108.1,40.7,71.81
M23191,M,60.73,22.82,8.65,58.19,2,96.54,3.55,125.24,45.4,69.34
L55512,L,58.83,21.88,14.8,65.51,4,94.08,3.63,118.58,43.83,69.35
M23193,M,59.64,23.16,13.9,62.27,5,94.44,3.68,126.54,46.2,68.15
M23194,M,60.0,23.1,16.05,61.4,6,93.58,3.76,123.78,46.19,67.78
M23195,M,48.72,15.5,12.2,104.25,7,95.12,3.84,76.6,32.65,74.77
L55516,L,60.32,23.96,11.35,60.47,6,95.46,3.92,126.58,47.93,67.06
M23197,M,58.34,20.74,14.45,69.08,6,94.22,3.97,102.38,42.23,69.49
L55518,L,56.24,19.28,11.6,77.36,7,95.36,4.05,91.8,39.72,70.87
M23199,M,59.8,22.4,15.7,63.75,5,93.72,4.11,110.58,45.36,67.54
M23200,M,60.17,22.08,7.85,62.96,5,96.86,4.19,105.8,44.91,68.39
L55521,L,56.32,20.2,12.0,77.45,2,95.2,4.27,94.22,41.63,69.45
L55522,L,59.88,23.11,14.1,63.94,5,94.36,4.32,111.4,46.91,66.49
H37757,H,61.01,25.17,10.2,59.26,7,95.92,4.37,125.14,50.67,64.9
L55524,L,58.65,23.62,12.45,68.64,2,95.02,4.51,112.98,48.07,65.71
H37759,H,60.44,22.66,8.55,63.17,7,96.58,4.56,101.6,46.4,66.82
L55526,L,58.98,23.01,11.8,68.55,3,95.28,4.69,103.42,47.2,65.83
L55527,L,58.11,22.02,16.9,72.24,2,93.24,4.75,95.5,45.49,66.07
M23208,M,61.27,25.08,11.0,60.06,5,95.6,4.8,114.44,51.05,63.78
M23209,M,60.85,23.04,15.15,62.83,4,93.94,4.88,96.94,47.5,64.97
M23210,M,62.47,26.9,11.3,55.65,7,95.48,4.96,123.84,54.53,61.69
M23211,M,58.13,21.67,16.45,73.46,6,93.42,5.04,86.12,45.25,65.65
L55532,L,61.06,24.58,14.6,62.26,4,94.16,5.12,103.62,50.57,63.01
L55533,L,61.83,29.42,11.7,57.39,2,95.32,5.17,140.04,59.31,58.83
L55534,L,62.65,28.26,10.8,55.37,7,95.68,5.23,128.4,57.29,59.82
L55535,L,61.08,27.52,17.9,61.34,3,92.84,5.28,123.44,56.03,59.64
M23216,M,63.44,30.85,15.0,51.78,5,94.0,5.33,145.68,62.08,56.8
L55537,L,62.93,42.82,42.15,47.84,7,83.14,8.41,120.3,79.04,39.44
L55538,L,54.48,9.35,1.0,72.68,7,99.6,0.0,105.74,16.76,91.52
M23219,M,54.87,10.76,8.1,70.87,2,96.76,0.05,115.3,19.35,89.41
L55540,L,54.74,9.35,4.25,72.32,2,98.3,0.13,102.4,16.93,90.84
L55541,L,56.11,11.64,2.35,66.68,7,99.06,0.19,117.6,21.09,88.85
L55542,L,57.58,16.34,6.45,59.48,7,97.42,0.24,152.06,29.6,84.07
L55543,L,54.31,12.13,6.55,73.04,7,97.38,0.29,121.64,22.11,87.7
L55544,L,57.07,13.29,1.65,63.16,5,99.34,0.35,125.92,24.26,87.01
M23225,M,54.88,10.35,8.75,72.38,2,96.5,0.4,104.22,19.06,88.8
M23226,M,50.82,7.14,9.9,88.23,2,96.04,0.48,82.32,13.41,91.35
L55547,L,57.4,14.16,8.05,62.42,7,96.78,0.56,127.6,26.08,85.03
L55548,L,55.36,12.36,4.15,70.52,2,98.34,0.61,114.88,22.94,86.89
L55549,L,49.33,7.15,1.25,94.08,4,99.5,0.67,80.26,13.66,91.71
L55550,L,54.03,10.56,10.35,76.42,2,95.86,0.72,99.88,19.84,87.6
L55551,L,50.49,7.74,10.45,90.18,4,95.82,0.77,81.02,14.87,89.98
M23232,M,56.86,13.68,5.55,65.56,2,97.78,0.83,118.56,25.57,85.01
M23233,M,58.2,15.34,7.7,60.43,4,96.92,0.91,128.24,28.66,83.09
L55554,L,60.28,18.81,4.85,51.84,7,98.06,0.99,151.3,34.97,80.06
M23235,M,58.03,15.17,7.95,61.62,6,96.82,1.04,124.08,28.51,82.87
L55556,L,58.84,15.68,5.1,58.86,4,97.96,1.12,125.28,29.54,82.48
L55557,L,58.88,16.1,8.2,58.75,4,96.72,1.17,127.32,30.34,81.66
M23238,M,59.01,19.08,5.3,57.01,3,97.88,1.23,149.82,35.76,79.14
L55559,L,54.76,11.9,7.45,75.5,4,97.02,1.31,96.38,22.98,85.15
L55560,L,52.68,10.5,7.55,83.55,7,96.98,1.36,86.92,20.56,86.25
H37795,H,56.32,13.82,6.65,69.59,4,97.34,1.41,107.2,26.56,83.23
L55562,L,53.72,11.46,11.9,80.22,7,95.24,1.55,88.98,22.52,84.46
M23243,M,57.04,13.6,4.0,67.95,2,98.4,1.6,100.3,26.41,83.19
L55564,L,57.79,15.82,7.15,64.59,2,97.14,1.68,115.2,30.48,80.68
H37799,H,56.2,14.9,3.25,70.7,7,98.7,1.73,108.86,28.91,81.75
M23246,M,57.25,14.88,12.5,67.61,6,95.0,1.87,104.22,29.03,80.5
L55567,L,59.53,17.64,7.65,58.73,5,96.94,1.95,121.42,34.09,78.3
L55568,L,59.38,17.62,9.75,59.44,7,96.1,2.0,120.3,34.13,77.96
L55569,L,57.12,16.08,5.85,68.21,3,97.66,2.05,109.9,31.44,79.59
M23250,M,60.62,21.8,5.95,53.5,7,97.62,2.11,149.56,41.74,74.32
L55571,L,58.75,17.24,5.1,62.53,6,97.96,2.19,113.86,33.67,78.28
M23252,M,57.66,16.57,4.2,66.82,7,98.32,2.24,108.84,32.55,78.83
L55573,L,58.83,17.84,12.35,62.48,5,95.06,2.32,115.56,34.92,76.67
M23254,M,56.88,16.64,8.45,69.98,5,96.62,2.37,107.52,32.85,77.98
M23255,M,58.18,18.56,4.6,64.87,2,98.16,2.45,119.26,36.39,76.44
H37810,H,56.67,15.92,13.75,71.69,2,94.5,2.53,98.46,31.76,77.68
L55577,L,54.91,14.6,6.0,78.9,2,97.6,2.67,87.28,29.56,79.29
L55578,L,41.97,26.18,43.1,117.76,4,82.76,5.72,76.54,45.81,61.35
L55579,L,61.29,23.17,5.2,53.12,7,97.92,2.77,144.68,45.06,71.41
L55580,L,57.87,18.66,13.3,67.32,4,94.68,2.83,112.06,37.03,74.5
H37815,H,55.92,16.59,11.4,75.26,7,95.44,2.88,97.02,33.4,76.4
L55582,L,60.45,22.14,6.65,57.43,2,97.34,3.01,132.2,43.51,71.55
L55583,L,59.17,20.48,6.75,62.86,2,97.3,3.07,119.44,40.6,72.89
L55584,L,58.02,18.51,14.85,68.0,3,94.06,3.12,104.1,37.14,73.7
M23265,M,58.97,19.94,8.95,64.23,5,96.42,3.17,113.08,39.78,72.87
M23266,M,61.1,21.08,9.1,56.66,2,96.36,3.25,117.48,41.93,71.62
L55587,L,61.0,22.52,8.25,56.59,5,96.7,3.33,127.34,44.61,70.2
M23268,M,57.93,18.41,13.35,69.4,5,94.66,3.39,97.44,37.3,73.24
L55589,L,53.82,17.12,9.5,84.49,3,96.2,3.47,91.02,35.1,74.57
L55590,L,58.43,21.68,13.6,66.56,7,94.56,3.52,119.96,43.34,69.93
L55591,L,59.25,20.15,9.7,64.73,7,96.12,3.57,105.32,40.65,71.56
M23272,M,61.96,23.3,9.8,54.05,4,96.08,3.63,125.68,46.38,68.58
M23273,M,60.47,23.54,6.95,59.33,5,97.22,3.71,127.84,46.91,68.43
L55594,L,54.45,16.38,16.1,83.91,4,93.56,3.79,77.04,34.18,73.73
M23275,M,60.45,24.77,9.2,59.32,4,96.32,3.84,134.68,49.28,66.76
M23276,M,58.34,19.58,16.35,69.46,7,93.46,3.92,94.3,40.09,70.48
H37831,H,56.7,19.68,11.5,75.36,6,95.4,4.0,95.48,40.35,70.67
L55598,L,52.96,18.2,11.75,89.45,2,95.3,4.13,85.82,37.88,71.62
L55599,L,60.88,22.54,12.85,60.28,7,94.86,4.19,108.42,45.71,67.48
L55600,L,59.27,22.15,13.95,66.23,6,94.42,4.24,106.32,45.08,67.58
L55601,L,60.06,21.96,16.05,63.82,2,93.58,4.29,102.52,44.81,67.4
H37836,H,63.8,28.79,10.15,47.76,6,95.94,4.35,150.86,57.13,61.73
L55603,L,60.91,24.99,14.4,60.1,5,94.24,4.48,121.44,50.49,64.36
L55604,L,62.02,24.78,16.5,56.61,4,93.4,4.53,117.0,50.17,64.2
L55605,L,59.35,23.36,10.6,66.67,3,95.76,4.59,108.14,47.7,65.92
L55606,L,58.53,22.9,10.7,69.95,5,95.72,4.64,104.36,46.94,66.18
L55607,L,60.38,25.6,15.8,62.45,6,93.68,4.69,122.3,51.86,63.1
M23288,M,55.75,21.24,12.9,80.73,3,94.84,4.75,92.54,44.1,67.16
L55609,L,59.48,24.48,9.05,66.61,2,96.38,4.83,111.54,50.01,64.43
L55610,L,63.51,28.94,15.15,50.73,6,93.94,4.88,140.48,58.08,59.69
H37845,H,63.28,28.45,13.25,51.98,2,94.7,4.93,135.68,57.27,60.18
L55612,L,60.33,25.18,15.5,64.26,7,93.8,5.07,110.54,51.56,62.53
M23293,M,60.91,27.54,16.6,61.28,7,93.36,5.12,127.42,55.86,60.17
M23294,M,58.78,22.88,12.75,71.26,7,94.9,5.2,91.28,47.61,64.52
M23295,M,60.83,25.36,17.9,63.27,5,92.84,5.28,106.58,52.18,61.56
L55616,L,63.08,28.9,19.05,54.1,2,92.38,5.36,130.02,58.62,58.06
L55617,L,65.9,47.72,49.15,35.19,4,80.34,8.41,155.42,87.82,34.35
L55618,L,61.77,27.1,13.25,59.9,7,94.7,5.47,114.98,55.52,59.98
L55619,L,59.39,25.21,12.35,69.24,4,95.06,5.52,101.94,52.2,61.62
L55620,L,57.06,14.0,1.0,61.5,7,99.6,0.0,139.4,25.09,87.35
L55621,L,53.34,7.81,2.1,77.6,7,99.16,0.05,93.8,14.07,92.65
L55622,L,55.04,10.07,1.2,70.82,2,99.52,0.11,108.34,18.18,90.57
M23303,M,52.9,8.56,2.3,79.12,3,99.08,0.16,97.96,15.54,91.68
M23304,M,50.81,6.94,9.45,87.43,5,96.22,0.24,86.16,12.75,92.2
M23305,M,54.93,10.18,0.6,71.96,5,99.76,0.32,104.62,18.66,89.97
L55626,L,55.88,11.72,4.75,68.24,7,98.1,0.4,113.84,21.52,87.96
L55627,L,56.57,13.84,3.85,65.03,3,98.46,0.45,128.58,25.37,86.02
L55628,L,55.86,11.82,6.95,68.69,6,97.22,0.51,112.24,21.83,87.38
L55629,L,52.52,8.63,2.05,81.94,5,99.18,0.56,90.1,16.18,90.58
L55630,L,55.0,12.89,6.15,71.5,6,97.54,0.61,119.58,23.88,86.22
L55631,L,56.86,12.62,10.25,65.44,7,95.9,0.67,113.7,23.48,85.9
M23312,M,55.8,11.54,1.35,69.83,5,99.46,0.72,105.24,21.59,87.63
L55633,L,55.14,11.68,6.5,72.36,6,97.4,0.8,105.48,21.94,86.78
L55634,L,55.81,12.64,2.6,69.78,2,98.96,0.85,111.04,23.73,86.17
L55635,L,58.28,17.6,2.7,59.0,6,98.92,0.91,146.12,32.69,81.57
L55636,L,55.43,12.53,3.8,71.54,7,98.48,0.96,108.32,23.68,85.86
L55637,L,57.87,14.42,9.9,62.44,2,96.04,1.01,118.86,27.13,83.42
L55638,L,52.69,9.9,11.0,82.7,7,95.6,1.07,88.66,19.1,87.22
L55639,L,54.23,10.74,8.1,77.18,6,96.76,1.12,92.02,20.67,86.62
L55640,L,58.35,17.2,5.2,60.0,3,97.92,1.17,136.84,32.31,80.98
L55641,L,57.33,14.5,8.3,65.05,3,96.68,1.23,115.52,27.56,82.94
M23322,M,56.59,15.02,7.4,67.54,4,97.04,1.28,119.42,28.54,82.43
M23323,M,57.99,15.36,5.55,62.87,7,97.78,1.36,118.42,29.25,82.1
H37878,H,54.29,11.2,11.7,78.0,2,95.32,1.44,88.44,21.9,85.0
M23325,M,57.3,14.84,11.95,66.33,6,95.22,1.57,110.5,28.61,81.35
L55646,L,57.48,14.56,11.1,66.17,4,95.56,1.65,106.18,28.2,81.48
L55647,L,54.12,12.2,12.2,79.1,4,95.12,1.71,90.68,24.03,83.35
H37882,H,57.69,15.06,10.3,65.62,7,95.88,1.76,107.46,29.22,80.84
M23329,M,60.5,21.7,6.55,53.15,5,97.38,1.89,153.8,41.31,74.9
L55650,L,57.91,15.42,3.7,65.49,6,98.52,1.97,105.28,30.15,80.61
L55651,L,59.89,17.68,11.8,57.76,2,95.28,2.03,119.44,34.27,77.63
L55652,L,55.56,15.69,8.9,73.86,3,96.44,2.08,108.28,30.77,79.57
M23333,M,58.59,17.18,8.0,62.91,6,96.8,2.13,114.8,33.5,78.19
M23334,M,57.32,17.79,7.15,67.26,5,97.14,2.21,119.66,34.7,77.51
M23335,M,56.92,16.3,13.3,69.7,4,94.68,2.29,106.54,32.14,78.01
L55656,L,56.6,15.17,11.45,71.66,6,95.42,2.37,96.1,30.21,79.0
H37891,H,56.75,15.66,9.55,71.12,2,96.18,2.43,98.58,31.14,78.62
M23338,M,60.17,22.88,10.8,56.26,7,95.68,2.56,148.68,44.26,71.67
L55659,L,56.29,16.27,10.95,73.21,3,95.62,2.64,99.34,32.52,77.37
L55660,L,58.53,16.98,14.05,65.36,5,94.38,2.69,100.74,33.86,76.28
M23341,M,56.88,15.49,13.15,72.0,4,94.74,2.75,89.9,31.26,77.56
L55662,L,58.06,18.01,9.3,67.0,6,96.28,2.83,106.6,35.87,75.48
L55663,L,56.69,16.52,14.4,72.64,7,94.24,2.88,95.36,33.26,76.17
L55664,L,59.97,21.38,13.5,59.16,7,94.6,2.93,128.54,42.04,71.76
L55665,L,59.26,20.94,9.6,62.03,2,96.16,2.99,124.8,41.32,72.41
M23346,M,58.57,19.17,7.7,65.46,2,96.92,3.04,110.42,38.22,74.04
L55667,L,60.25,21.88,11.85,58.66,6,95.26,3.12,128.04,43.19,70.98
L55668,L,60.41,20.32,6.95,59.09,5,97.22,3.17,114.1,40.46,72.73
L55669,L,59.37,21.26,13.05,62.42,2,94.78,3.23,121.82,42.2,71.14
M23350,M,60.84,24.52,13.15,55.94,2,94.74,3.28,144.68,48.11,68.07
L55671,L,57.8,19.73,15.3,69.09,2,93.88,3.36,108.78,39.64,71.93
M23352,M,58.81,19.94,10.4,65.73,2,95.84,3.41,107.88,40.08,72.09
M23353,M,58.23,19.7,10.55,68.15,6,95.78,3.49,105.0,39.76,72.08
L55674,L,58.58,19.9,14.7,67.15,5,94.12,3.57,104.24,40.2,71.28
L55675,L,56.8,17.66,12.8,74.57,2,94.88,3.63,87.56,36.26,73.34
M23356,M,54.71,16.69,9.9,82.46,6,96.04,3.68,81.52,34.59,74.35
M23357,M,59.27,19.83,16.05,65.54,3,93.58,3.76,98.58,40.32,70.71
L55678,L,59.79,20.97,15.2,63.46,7,93.92,3.84,105.18,42.47,69.57
L55679,L,57.29,19.23,14.3,73.14,7,94.28,3.89,93.5,39.42,71.07
L55680,L,56.54,19.42,14.4,75.84,5,94.24,3.95,94.82,39.82,70.76
L55681,L,58.49,20.65,12.5,68.72,4,95.0,4.0,100.82,42.1,69.7
H37916,H,62.94,26.14,10.6,50.88,2,95.76,4.05,137.38,52.0,64.83
L55683,L,60.34,22.78,15.85,62.01,3,93.66,4.19,111.16,46.16,66.96
L55684,L,61.12,23.04,8.95,59.43,7,96.42,4.24,110.98,46.7,67.28
L55685,L,59.56,22.53,8.05,65.24,5,96.78,4.29,107.8,45.84,67.69
L55686,L,57.0,34.86,44.15,68.07,6,82.34,7.35,88.8,63.44,49.17
L55687,L,59.86,23.15,11.25,64.32,7,95.5,4.4,109.96,47.09,66.53
M23368,M,57.57,21.68,17.35,73.11,6,93.06,4.45,100.18,44.53,67.09
M23369,M,54.88,19.23,10.5,83.89,3,95.8,4.53,82.4,40.22,69.77
L55690,L,60.59,24.92,17.65,61.74,3,92.94,4.61,118.28,50.52,63.75
L55691,L,61.04,25.05,11.75,60.32,4,95.3,4.67,117.54,50.83,64.08
H37926,H,59.81,23.21,15.85,65.69,3,93.66,4.72,103.32,47.6,65.17
M23373,M,60.95,23.68,12.1,62.06,7,95.16,4.85,102.56,48.62,64.77
L55694,L,61.49,26.58,14.25,59.06,2,94.3,4.93,123.14,53.9,61.76
L55695,L,61.61,26.31,16.35,59.0,2,93.46,4.99,119.66,53.5,61.64
L55696,L,60.45,22.84,12.45,64.93,6,95.02,5.04,92.34,47.35,65.0
M23377,M,61.35,28.98,14.55,58.96,7,94.18,5.09,138.98,58.42,59.15
M23378,M,58.35,22.3,14.7,72.9,3,94.12,5.17,87.82,46.54,64.91
L55699,L,62.24,26.78,17.85,57.61,3,92.86,5.25,116.6,54.69,60.36
M23380,M,60.51,28.4,13.95,62.95,3,94.42,5.31,130.66,57.64,59.17
L55701,L,63.03,28.76,11.1,54.42,7,95.56,5.39,128.32,58.4,58.92
H37936,H,53.26,7.45,3.0,77.82,4,98.8,0.0,92.22,13.35,93.02
H37937,H,54.9,10.82,7.25,71.04,2,97.1,0.13,113.98,19.57,89.22
L55704,L,55.93,12.35,2.5,67.23,7,99.0,0.27,121.76,22.47,87.98
L55705,L,57.3,14.04,8.6,61.88,2,96.56,0.32,132.16,25.56,85.72
L55706,L,57.03,14.1,6.7,63.0,2,97.32,0.37,131.82,25.74,85.71
L55707,L,55.2,10.63,0.8,71.24,4,99.68,0.43,105.42,19.6,89.27
L55708,L,55.53,10.39,6.9,70.4,6,97.24,0.48,101.84,19.23,88.73
M23389,M,55.45,13.45,5.0,69.38,6,98.0,0.53,125.24,24.79,86.04
M23390,M,54.19,9.79,1.15,75.86,5,99.54,0.61,95.9,18.33,89.49
L55711,L,56.69,13.7,8.3,65.6,2,96.68,0.69,121.98,25.45,85.06
L55712,L,58.7,16.12,4.4,57.69,5,98.24,0.75,137.3,29.83,83.15
M23393,M,56.58,12.68,3.5,66.91,4,98.6,0.8,111.5,23.74,86.18
M23394,M,57.56,13.46,6.65,63.47,4,97.34,0.88,114.68,25.25,84.95
L55715,L,55.56,14.08,10.8,70.31,4,95.68,0.96,120.54,26.46,83.77
M23396,M,57.39,14.39,2.9,64.1,5,98.84,1.01,119.32,27.08,84.14
L55717,L,53.05,10.83,2.05,81.08,6,99.18,1.09,95.0,20.8,87.21
L55718,L,55.76,12.86,6.15,70.97,5,97.54,1.15,106.36,24.52,84.83
L55719,L,56.27,13.65,9.25,69.02,6,96.3,1.2,110.74,25.99,83.68
L55720,L,53.86,11.08,11.35,78.81,5,95.46,1.25,92.34,21.46,85.63
L55721,L,53.18,10.22,9.45,81.79,4,96.22,1.31,85.16,19.98,86.45
H37956,H,56.52,12.9,6.55,69.15,3,97.38,1.36,100.84,24.86,84.2
M23403,M,58.81,16.66,9.8,59.92,2,96.08,1.49,124.7,31.75,80.16
H37958,H,49.5,9.97,8.95,95.56,5,96.42,1.57,82.22,19.87,86.02
L55725,L,52.64,12.02,11.2,84.29,7,95.52,1.71,91.32,23.71,83.61
L55726,L,54.01,12.38,12.3,79.61,2,95.08,1.76,91.12,24.43,83.04
M23407,M,54.79,11.52,12.4,77.54,7,95.04,1.81,81.92,22.94,83.66
L55728,L,56.16,14.76,7.55,71.52,3,96.98,1.89,104.16,28.85,81.03
L55729,L,56.51,15.14,4.65,70.33,5,98.14,1.95,105.56,29.61,80.84
L55730,L,58.06,17.38,11.75,64.11,7,95.3,2.0,120.12,33.69,77.98
M23411,M,58.1,18.41,9.85,63.64,6,96.06,2.05,127.14,35.61,77.1
L55732,L,58.05,17.52,11.0,64.59,3,95.6,2.13,118.34,34.12,77.57
M23413,M,55.29,16.11,6.1,75.0,4,97.56,2.19,109.62,31.66,79.19
L55734,L,56.38,15.27,6.25,71.96,2,97.5,2.27,99.64,30.26,79.71
L55735,L,56.38,16.26,10.35,71.67,5,95.86,2.32,106.32,32.09,78.28
L55736,L,58.0,17.27,9.45,65.82,4,96.22,2.37,110.98,33.97,77.32
L55737,L,58.32,19.36,12.55,63.87,4,94.98,2.43,126.02,37.78,75.0
M23418,M,57.89,17.76,9.65,66.37,6,96.14,2.48,112.7,34.99,76.58
L55739,L,57.77,17.68,10.8,67.11,6,95.68,2.56,110.38,34.94,76.33
L55740,L,59.45,19.19,13.9,60.81,6,94.44,2.61,118.96,37.72,74.52
L55741,L,60.61,19.1,14.0,57.05,5,94.4,2.67,115.44,37.62,74.45
L55742,L,60.4,21.26,7.1,56.92,2,97.16,2.72,131.82,41.56,73.07
L55743,L,58.29,17.5,9.2,66.25,4,96.32,2.77,103.4,34.88,76.09
M23424,M,56.69,16.16,11.3,72.62,5,95.48,2.83,93.68,32.55,76.94
L55745,L,58.6,17.84,13.45,65.53,3,94.62,2.91,102.78,35.68,75.0
M23426,M,54.85,15.53,12.55,79.78,7,94.98,2.96,88.22,31.6,77.03
L55747,L,58.43,20.57,13.7,65.26,3,94.52,3.04,121.82,40.73,72.18
L55748,L,55.87,16.68,9.8,76.21,3,96.08,3.09,93.02,33.83,75.92
L55749,L,54.97,16.31,13.9,79.69,5,94.44,3.15,90.14,33.24,75.7
H37984,H,58.11,18.58,15.0,67.96,5,94.0,3.2,102.7,37.36,73.42
L55751,L,47.83,13.92,14.25,106.14,2,94.3,3.33,76.64,29.2,77.31
M23432,M,58.12,18.96,15.35,68.47,2,93.86,3.39,101.58,38.29,72.55
L55753,L,57.24,18.5,6.5,72.05,6,97.4,3.47,97.32,37.57,73.63
L55754,L,60.23,24.04,12.6,59.18,7,94.96,3.52,136.28,47.55,67.92
M23435,M,57.04,18.0,13.7,73.4,4,94.52,3.57,91.16,36.8,73.08
L55756,L,58.94,20.84,14.85,65.73,5,94.06,3.65,109.46,41.99,70.21
L55757,L,59.31,21.92,9.95,64.14,4,96.02,3.71,116.44,44.0,69.59
L55758,L,59.56,21.46,11.05,63.72,6,95.58,3.76,111.18,43.24,69.76
M23439,M,57.71,19.24,14.15,71.38,7,94.34,3.81,94.8,39.33,71.29
L55760,L,57.64,19.33,10.3,71.88,4,95.88,3.89,93.82,39.6,71.39
M23441,M,60.64,23.29,7.4,59.81,3,97.04,3.95,120.18,46.76,67.99
M23442,M,62.11,45.08,37.55,44.16,6,84.98,7.03,170.68,81.34,41.52
L55763,L,60.91,21.82,12.7,60.24,3,94.92,4.11,104.46,44.33,68.35
L55764,L,61.45,24.4,13.8,57.3,7,94.48,4.16,123.2,49.03,65.78
M23445,M,62.27,24.76,7.9,54.52,2,96.84,4.21,123.76,49.74,65.91
H38000,H,60.57,22.26,11.05,61.92,7,95.58,4.29,104.22,45.35,67.63
M23447,M,58.3,21.86,17.3,70.42,5,93.08,4.43,101.14,44.8,67.02
L55768,L,61.91,24.62,17.45,56.94,5,93.02,4.51,116.5,49.86,64.31
M23449,M,59.75,25.68,9.55,64.06,6,96.18,4.56,126.76,51.83,64.01
L55770,L,59.56,22.8,8.7,66.45,2,96.52,4.64,102.14,46.76,66.47
L55771,L,58.91,22.43,14.8,69.08,5,94.08,4.69,98.92,46.17,66.05
M23452,M,61.53,25.36,12.9,58.82,5,94.84,4.75,117.6,51.5,63.47
M23453,M,59.13,23.13,12.05,68.48,5,95.18,4.83,101.22,47.59,65.34
L55774,L,62.78,27.7,17.2,53.95,5,93.12,4.91,130.92,55.88,60.53
M23455,M,58.94,22.6,18.3,69.9,2,92.68,4.96,94.28,46.82,64.84
L55776,L,63.36,29.24,17.45,51.73,6,93.02,5.04,139.54,58.83,58.76
L55777,L,62.21,27.03,13.55,56.98,5,94.58,5.09,122.2,54.92,61.0
L55778,L,61.28,26.02,11.65,60.89,5,95.34,5.15,114.16,53.17,61.96
L55779,L,61.6,25.67,15.75,60.16,7,93.7,5.2,109.8,52.63,61.71
L55780,L,62.02,25.84,18.85,58.83,6,92.46,5.25,109.3,52.98,61.12
H38015,H,63.19,27.64,17.95,54.13,7,92.82,5.31,120.98,56.3,59.44
L55782,L,57.96,24.24,17.2,74.33,2,93.12,5.44,97.98,50.37,62.21
H38017,H,63.04,28.76,18.3,54.82,2,92.68,5.49,125.88,58.52,57.92
L55784,L,64.45,29.9,16.55,49.9,2,93.38,5.63,130.14,60.75,56.71
L55785,L,59.62,25.36,15.65,68.97,3,93.74,5.68,99.26,52.68,60.73
M23466,M,61.55,26.5,11.75,62.0,4,95.3,5.73,104.5,54.79,59.96
L55787,L,62.68,29.94,11.9,56.68,6,95.24,5.81,128.66,61.05,56.66
L55788,L,63.68,45.25,41.0,45.82,6,83.6,8.87,128.58,83.98,36.18
L55789,L,62.19,42.89,45.1,52.31,2,81.96,8.92,110.5,79.81,37.74
L55790,L,54.28,9.57,7.0,73.26,6,97.2,0.0,107.82,17.16,90.72
L55791,L,55.64,11.54,6.1,67.83,4,97.56,0.05,120.44,20.74,88.91
L55792,L,56.15,11.44,9.2,66.33,4,96.32,0.11,117.82,20.65,88.54
M23473,M,56.79,13.1,1.3,63.5,7,99.48,0.16,129.02,23.69,87.7
L55794,L,52.66,9.0,1.45,80.05,4,99.42,0.24,100.02,16.43,91.16
L55795,L,57.22,12.66,4.55,62.77,3,98.18,0.29,121.84,23.06,87.43
L55796,L,57.67,12.64,5.65,61.43,7,97.74,0.35,119.9,23.1,87.19
L55797,L,55.2,12.52,5.75,70.19,7,97.7,0.4,121.18,22.96,87.15
L55798,L,50.89,7.58,0.85,87.66,3,99.66,0.45,86.38,14.17,91.92
H38033,H,56.03,11.47,8.95,68.26,3,96.42,0.51,109.2,21.2,87.49
L55800,L,56.25,12.52,4.2,67.49,7,98.32,0.64,114.3,23.25,86.67
M23481,M,56.95,15.23,4.3,63.93,4,98.28,0.69,133.82,28.18,84.09
L55802,L,56.96,12.9,9.45,65.4,5,96.22,0.77,113.34,24.1,85.46
M23483,M,56.45,13.88,4.55,66.86,7,98.18,0.83,120.72,25.93,84.93
H38038,H,56.33,12.65,5.7,68.18,2,97.72,0.91,109.2,23.82,85.71
L55805,L,54.42,11.5,10.95,75.85,2,95.62,1.04,99.64,21.93,85.86
L55806,L,57.82,15.71,2.05,62.25,2,99.18,1.09,127.44,29.54,82.84
L55807,L,58.69,14.89,6.15,59.9,7,97.54,1.15,118.54,28.15,83.02
L55808,L,52.92,11.35,7.25,81.68,4,97.1,1.2,96.94,21.87,85.94
H38043,H,55.75,13.54,2.35,71.08,5,99.06,1.25,109.34,25.85,84.33
L55810,L,58.61,18.51,7.6,59.3,5,96.96,1.39,142.22,34.94,79.0
H38045,H,56.7,13.57,2.7,68.52,5,98.92,1.44,104.12,26.15,83.77
L55812,L,55.63,13.6,5.95,72.7,7,97.62,1.57,102.8,26.37,83.07
L55813,L,59.39,18.3,10.05,57.65,7,95.98,1.63,134.12,34.88,78.3
L55814,L,58.35,15.84,10.15,62.63,6,95.94,1.68,114.62,30.53,80.36
L55815,L,54.15,12.02,8.25,79.19,4,96.7,1.73,88.68,23.76,83.83
L55816,L,53.93,12.18,7.35,80.06,7,97.06,1.79,89.06,24.11,83.64
L55817,L,57.84,15.44,11.45,65.23,6,95.42,1.84,108.58,30.02,80.16
L55818,L,56.25,14.66,4.55,71.27,5,98.18,1.89,103.24,28.67,81.42
L55819,L,59.05,19.84,10.65,59.28,4,95.74,1.95,139.68,38.04,76.02
L55820,L,59.12,17.88,8.75,60.21,7,96.5,2.0,122.66,34.58,77.83
M23501,M,59.52,18.31,9.85,58.84,6,96.06,2.05,124.4,35.43,77.19
M23502,M,56.17,15.55,5.0,72.02,6,98.0,2.13,105.12,30.58,79.94
L55823,L,58.42,20.22,5.15,62.29,4,97.94,2.21,137.56,39.05,75.53
M23504,M,58.55,16.35,13.25,63.98,3,94.7,2.27,105.26,32.19,78.05
M23505,M,57.93,15.92,10.4,66.64,2,95.84,2.35,100.84,31.51,78.51
L55826,L,57.94,18.26,9.55,65.72,2,96.18,2.43,117.74,35.81,76.29
L55827,L,57.52,17.07,8.65,67.97,2,96.54,2.48,107.6,33.74,77.31
M23508,M,58.34,19.15,10.75,64.32,7,95.7,2.53,121.96,37.54,75.09
L55829,L,60.61,23.29,5.9,54.76,4,97.64,2.61,150.16,45.07,71.65
H38064,H,54.23,14.85,14.0,81.12,4,94.4,2.67,90.22,30.01,78.26
M23511,M,57.39,17.15,12.25,69.62,5,95.1,2.8,101.28,34.3,76.03
H38066,H,58.98,19.02,10.4,63.54,4,95.84,2.88,112.22,37.74,74.33
M23513,M,60.96,23.52,13.65,54.99,7,94.54,3.01,142.5,45.98,69.62
M23514,M,59.51,20.98,11.8,61.56,6,95.28,3.09,122.42,41.54,71.86
L55835,L,62.11,24.67,7.95,51.06,5,96.82,3.17,146.56,48.25,68.73
M23516,M,55.93,16.53,6.05,76.58,7,97.58,3.23,88.74,33.73,76.08
L55837,L,60.04,21.42,10.2,60.34,6,95.92,3.31,120.42,42.6,71.07
L55838,L,59.01,19.18,6.3,65.21,2,97.48,3.36,102.72,38.65,73.33
L55839,L,60.83,24.14,7.4,56.68,7,97.04,3.41,138.7,47.61,68.63
L55840,L,62.05,23.42,15.5,53.04,5,93.8,3.47,130.1,46.39,68.32
L55841,L,57.05,19.01,7.6,72.65,5,96.96,3.52,100.46,38.55,72.93
L55842,L,58.99,19.94,15.7,65.73,5,93.72,3.57,104.08,40.29,71.14
L55843,L,56.76,18.23,10.8,74.44,7,95.68,3.63,92.22,37.29,73.02
H38078,H,61.42,25.76,11.9,54.87,2,95.24,3.68,144.9,50.86,66.02
L55845,L,61.42,24.09,10.15,56.2,2,95.94,3.81,128.5,48.03,67.35
L55846,L,60.87,22.22,12.25,59.24,7,95.1,3.87,113.14,44.75,68.67
M23527,M,60.23,23.28,14.35,61.11,3,94.26,3.92,121.3,46.72,67.37
L55848,L,59.64,23.48,11.5,63.36,3,95.4,4.0,121.84,47.16,67.27
M23529,M,60.15,25.24,9.6,60.93,3,96.16,4.05,134.02,50.38,65.74
L55850,L,58.64,20.0,12.75,69.05,4,94.9,4.13,92.42,41.1,69.91
L55851,L,59.44,22.01,14.85,65.5,7,94.06,4.19,106.2,44.77,67.76
L55852,L,62.67,25.3,9.95,52.95,3,96.02,4.24,126.84,50.73,65.16
L55853,L,60.09,23.53,13.05,62.94,2,94.78,4.29,115.08,47.63,66.29
M23534,M,59.65,20.32,13.15,66.24,4,94.74,4.35,88.76,41.94,69.02
H38089,H,57.41,20.63,11.3,74.09,3,95.48,4.43,92.56,42.6,68.71
M23536,M,60.01,24.28,17.55,63.86,6,92.98,4.56,115.2,49.32,64.47
M23537,M,58.0,21.14,9.7,72.63,6,96.12,4.64,91.08,43.8,67.85
L55858,L,60.28,25.28,14.85,63.06,7,94.06,4.72,119.28,51.32,63.41
L55859,L,61.18,27.87,9.95,58.86,4,96.02,4.77,137.52,56.02,61.45
L55860,L,60.69,24.38,11.05,62.51,3,95.58,4.83,109.08,49.83,64.32
L55861,L,59.13,22.14,14.15,69.18,4,94.34,4.88,92.1,45.89,65.88
M23542,M,62.86,26.42,18.25,54.44,4,92.7,4.93,120.06,53.64,61.49
L55863,L,61.58,27.02,10.4,58.84,6,95.84,5.01,124.74,54.79,61.54
L55864,L,59.59,25.3,17.5,66.75,5,93.0,5.07,112.56,51.79,62.22
H38099,H,60.58,25.71,17.6,63.34,3,92.96,5.12,113.28,52.59,61.7
M23546,M,59.46,23.66,9.85,68.72,2,96.06,5.25,95.42,49.09,63.97
M23547,M,59.66,24.72,13.0,67.84,2,94.8,5.33,101.88,51.1,62.48
L55868,L,61.51,27.97,18.15,60.17,5,92.74,5.41,123.46,57.01,58.86
L55869,L,60.69,26.3,14.25,64.0,5,94.3,5.47,110.06,54.09,60.6
L55870,L,63.95,42.66,48.35,44.82,7,80.66,8.52,115.26,78.9,38.68
L55871,L,54.37,9.05,4.0,73.22,7,98.4,0.0,103.5,16.22,91.49
L55872,L,54.02,8.14,2.1,75.08,2,99.16,0.05,95.46,14.65,92.36
M23553,M,54.07,10.32,2.2,74.04,3,99.12,0.11,111.68,18.63,90.25
L55874,L,51.51,7.01,1.35,84.8,5,99.46,0.19,86.92,12.8,93.09
M23555,M,55.47,11.82,9.45,68.99,7,96.22,0.24,118.76,21.49,87.83
L55876,L,56.79,13.41,0.6,63.95,3,99.76,0.32,127.86,24.44,87.08
L55877,L,55.52,9.5,7.7,70.5,7,96.92,0.37,97.1,17.49,89.74
H38112,H,56.55,12.83,0.8,65.48,3,99.68,0.43,121.16,23.54,87.3
M23559,M,53.54,10.2,9.05,77.65,3,96.38,0.56,101.3,19.0,88.47
M23560,M,56.6,12.87,6.2,66.11,6,97.52,0.64,116.62,23.88,86.16
M23561,M,56.47,11.76,4.35,67.42,6,98.26,0.72,106.12,21.99,87.13
L55882,L,52.08,8.15,10.5,84.62,2,95.8,0.8,81.48,15.62,89.54
M23563,M,59.27,15.38,10.6,56.51,5,95.76,0.85,128.28,28.66,82.9
L55884,L,57.31,12.8,1.75,64.85,4,99.3,0.93,108.5,24.13,85.89
L55885,L,57.2,16.06,5.85,63.82,2,97.66,0.99,133.54,30.04,82.42
L55886,L,58.74,16.37,10.95,58.56,6,95.62,1.04,132.7,30.66,81.49
L55887,L,56.82,13.71,6.05,66.7,4,97.58,1.09,112.82,25.95,84.23
M23568,M,58.44,16.94,10.15,59.73,4,95.94,1.15,135.28,31.82,80.78
L55889,L,55.41,12.58,8.3,72.61,2,96.68,1.23,102.76,24.11,84.66
L55890,L,53.52,11.86,2.4,79.67,4,99.04,1.28,98.44,22.89,85.75
L55891,L,53.28,11.18,3.5,81.06,7,98.6,1.33,92.06,21.72,86.12
L55892,L,54.52,12.18,2.6,76.51,5,98.96,1.39,97.24,23.6,85.17
L55893,L,50.72,10.34,2.7,90.68,2,98.92,1.44,86.54,20.37,86.66
M23574,M,57.66,14.76,2.8,64.82,5,98.88,1.49,111.08,28.35,82.56
L55895,L,57.78,14.0,7.95,65.1,3,96.82,1.57,103.04,27.08,82.52
M23576,M,53.84,12.7,11.05,79.5,6,95.58,1.63,96.94,24.84,83.22
L55897,L,57.47,15.7,12.2,65.85,2,95.12,1.71,114.08,30.3,80.22
L55898,L,57.02,15.1,4.3,67.9,4,98.28,1.76,108.78,29.31,81.39
L55899,L,57.92,16.22,9.4,64.44,2,96.24,1.81,115.22,31.37,79.75
L55900,L,56.48,14.62,8.5,70.39,2,96.6,1.87,103.28,28.59,81.12
L55901,L,54.87,13.43,12.6,76.73,7,94.96,1.92,94.78,26.52,81.64
L55902,L,59.34,18.52,7.7,59.04,7,96.92,1.97,128.12,35.7,77.43
L55903,L,56.31,14.68,9.8,71.56,3,96.08,2.03,100.36,28.89,80.52
M23584,M,57.32,15.99,12.9,67.66,3,94.84,2.08,108.26,31.3,78.9
M23585,M,57.38,17.01,12.05,67.25,4,95.18,2.16,114.5,33.23,77.86
L55906,L,56.79,14.97,13.2,70.61,2,94.72,2.24,97.24,29.68,79.36
L55907,L,57.73,16.5,6.3,66.8,5,97.48,2.29,107.02,32.5,78.53
M23588,M,59.29,16.57,8.4,61.62,4,96.64,2.35,104.16,32.67,78.13
L55909,L,60.05,20.73,6.55,57.23,4,97.38,2.43,134.64,40.24,74.37
H38144,H,56.95,15.92,6.65,70.49,5,97.34,2.48,99.18,31.68,78.54
H38145,H,58.31,19.49,8.9,64.55,6,96.44,2.61,122.92,38.26,74.76
L55912,L,52.96,14.14,10.15,86.13,3,95.94,2.75,84.48,28.84,79.07
M23593,M,59.09,19.52,8.25,62.59,2,96.7,2.8,117.94,38.56,74.3
L55914,L,59.98,19.02,5.4,60.09,4,97.84,2.88,110.84,37.74,74.83
L55915,L,60.54,20.7,12.5,57.55,3,95.0,2.93,122.36,40.83,72.47
L55916,L,58.66,19.01,12.6,65.04,5,94.96,2.99,110.22,37.87,73.83
L55917,L,57.77,18.3,9.7,68.65,3,96.12,3.04,104.52,36.66,74.62
L55918,L,58.2,18.45,9.8,67.32,2,96.08,3.09,104.02,37.01,74.33
H38153,H,59.74,18.84,13.9,62.03,3,94.44,3.15,103.78,37.77,73.43
M23600,M,57.8,18.31,15.15,69.49,6,93.94,3.28,99.26,37.0,73.43
L55921,L,58.4,20.38,12.3,66.71,5,95.08,3.36,113.16,40.8,71.65
L55922,L,59.49,19.99,12.4,63.35,2,95.04,3.41,107.34,40.17,71.85
H38157,H,61.64,23.18,8.5,54.56,2,96.6,3.47,128.66,45.95,69.24
M23604,M,54.88,16.55,11.75,81.62,4,95.3,3.6,81.96,34.24,74.5
L55925,L,60.6,22.62,9.9,59.24,5,96.04,3.68,120.82,45.21,69.04
L55926,L,58.96,22.33,15.0,65.24,7,94.0,3.73,119.56,44.76,68.65
L55927,L,59.37,21.86,13.1,64.27,2,94.76,3.79,114.08,44.0,69.12
L55928,L,61.18,21.42,8.2,58.49,2,96.72,3.84,106.88,43.27,69.86
L55929,L,56.97,18.28,14.3,74.71,5,94.28,3.89,86.34,37.71,71.93
L55930,L,55.77,19.54,7.4,78.43,2,97.04,3.95,96.88,40.04,71.35
M23611,M,60.08,22.5,7.5,62.35,6,97.0,4.0,113.44,45.41,68.54
M23612,M,60.27,26.22,14.65,60.14,7,94.14,4.08,141.1,52.17,64.29
M23613,M,57.56,20.76,14.8,72.47,7,94.08,4.16,99.34,42.49,68.96
L55934,L,57.97,20.34,8.95,71.58,2,96.42,4.24,93.7,41.86,69.7
M23615,M,58.81,20.86,15.05,68.67,5,93.98,4.29,95.44,42.84,68.49
L55936,L,56.29,19.67,10.2,78.22,4,95.92,4.37,87.62,40.82,69.83
L55937,L,58.88,22.01,10.3,68.35,5,95.88,4.43,101.54,45.07,67.58
M23618,M,60.99,26.69,13.4,58.96,5,94.64,4.48,134.92,53.53,62.93
M23619,M,62.45,26.93,11.55,54.13,7,95.38,4.56,133.04,54.07,62.69
M23620,M,61.96,25.52,8.7,56.84,3,96.52,4.64,120.64,51.64,64.03
L55941,L,61.69,26.61,15.85,57.54,6,93.66,4.72,127.94,53.7,62.13
H38176,H,55.82,20.32,17.95,81.04,7,92.82,4.77,84.48,42.49,67.41
L55943,L,59.19,23.9,11.2,68.2,4,95.52,4.91,105.46,49.07,64.53
L55944,L,59.0,23.23,11.3,69.39,7,95.48,4.96,99.2,47.94,64.98
L55945,L,62.95,27.39,18.4,53.96,3,92.64,5.01,125.86,55.47,60.4
L55946,L,62.91,27.88,15.5,54.06,4,93.8,5.07,128.6,56.4,60.11
L55947,L,62.68,28.74,11.6,54.63,5,95.36,5.12,134.6,58.01,59.59
M23628,M,62.98,28.92,11.7,53.69,7,95.32,5.17,134.46,58.41,59.28
M23629,M,61.78,26.06,17.85,59.57,4,92.86,5.25,111.44,53.39,61.01
L55950,L,58.55,24.2,17.0,71.9,6,93.2,5.33,99.2,50.16,62.56
L55951,L,60.7,25.91,19.1,63.84,5,92.36,5.39,108.72,53.29,60.67
L55952,L,53.41,7.22,6.0,77.44,2,97.6,0.0,90.22,12.95,92.93
L55953,L,53.99,9.56,6.1,74.47,2,97.56,0.05,106.9,17.2,90.68
M23634,M,56.63,13.2,7.2,63.8,6,97.12,0.11,131.16,23.79,87.17
H38189,H,54.85,10.24,2.35,71.68,6,99.06,0.19,108.12,18.58,90.1
L55956,L,57.68,14.11,2.6,60.54,3,98.96,0.32,132.24,25.7,86.25
H38191,H,55.87,10.82,1.7,68.64,6,99.32,0.37,107.22,19.87,89.15
L55958,L,56.41,12.77,0.95,66.32,2,99.62,0.51,119.08,23.53,87.13
M23639,M,58.0,14.56,3.05,60.17,2,98.78,0.56,129.98,26.8,85.17
M23640,M,58.41,14.94,9.2,58.88,5,96.32,0.64,130.74,27.6,84.0
L55961,L,55.22,12.74,4.35,71.23,2,98.26,0.72,115.64,23.74,86.25
L55962,L,56.68,13.5,6.45,66.05,2,97.42,0.77,118.52,25.17,85.22
M23643,M,59.68,13.93,8.55,55.74,2,96.58,0.83,116.68,26.02,84.48
L55964,L,57.11,13.54,2.7,65.08,3,98.92,0.91,115.34,25.43,85.2
L55965,L,53.43,9.66,10.8,79.87,2,95.68,0.96,88.08,18.53,87.74
L55966,L,59.13,15.72,6.9,57.44,5,97.24,1.01,127.52,29.46,82.56
M23647,M,53.47,10.73,9.0,79.59,6,96.4,1.07,94.18,20.58,86.68
L55968,L,58.37,16.74,5.15,60.08,2,97.94,1.15,133.78,31.46,81.46
L55969,L,56.94,14.58,9.25,66.26,3,96.3,1.2,117.22,27.65,82.85
L55970,L,57.89,14.74,4.35,63.13,4,98.26,1.25,116.0,28.0,83.06
M23651,M,57.92,15.3,11.45,62.95,6,95.42,1.31,119.24,29.08,81.7
L55972,L,57.92,16.96,11.6,62.42,7,95.36,1.39,130.76,32.16,79.99
L55973,L,52.69,10.8,4.7,83.7,5,98.12,1.44,87.44,21.18,86.06
M23654,M,56.89,13.58,8.8,68.06,5,96.48,1.49,102.74,26.24,83.01
L55975,L,57.54,14.57,7.95,65.67,6,96.82,1.57,107.98,28.12,82.0
L55976,L,52.69,10.83,7.05,84.38,7,97.18,1.63,83.52,21.48,85.3
L55977,L,56.05,12.84,5.15,72.03,3,97.94,1.68,93.78,25.15,83.55
L55978,L,57.57,16.88,11.25,65.01,7,95.5,1.73,122.78,32.45,79.18
L55979,L,57.59,15.68,10.35,65.76,7,95.86,1.79,112.04,30.38,80.2
L55980,L,57.6,17.32,8.45,65.09,3,96.62,1.84,123.9,33.38,78.78
L55981,L,57.47,14.78,7.55,67.01,3,96.98,1.89,102.56,28.9,81.01
L55982,L,57.01,16.62,7.65,67.89,5,96.94,1.95,116.68,32.26,79.21
L55983,L,57.62,18.15,5.75,65.22,3,97.7,2.0,126.92,35.07,77.89
M23664,M,61.04,21.34,5.85,52.08,6,97.66,2.05,146.5,40.85,74.88
M23665,M,58.02,17.05,9.0,64.92,3,96.4,2.13,114.58,33.27,78.2
L55986,L,54.86,15.22,9.15,76.99,6,96.34,2.21,102.44,30.08,79.62
M23667,M,56.21,15.0,11.25,72.7,2,95.5,2.27,97.68,29.77,79.46
L55988,L,58.59,19.07,9.4,62.77,4,96.24,2.35,125.12,37.16,75.79
L55989,L,57.83,18.02,4.5,66.14,4,98.2,2.4,116.66,35.36,77.07
M23670,M,56.11,15.56,4.6,73.47,5,98.16,2.45,98.1,31.01,79.13
L55991,L,56.94,16.55,13.75,70.42,6,94.5,2.53,103.08,32.88,77.12
M23672,M,59.85,18.24,8.85,59.78,4,96.46,2.59,111.36,35.97,75.96
L55993,L,55.36,15.38,6.0,76.96,5,97.6,2.67,92.86,30.95,78.59
L55994,L,58.78,20.96,7.1,62.62,3,97.16,2.72,131.64,41.03,73.34
H38229,H,59.23,22.07,10.2,60.72,3,95.92,2.77,138.7,43.08,71.89
M23676,M,59.53,20.17,9.45,61.16,7,96.22,2.91,120.1,39.85,73.32
H38231,H,60.33,22.34,9.6,57.63,2,96.16,2.99,134.52,43.83,71.15
M23678,M,58.96,21.36,7.85,63.37,2,96.86,3.12,125.62,42.25,71.85
H38233,H,60.97,21.82,14.0,56.54,3,94.4,3.2,124.78,43.19,70.61
L56000,L,58.18,20.0,10.25,67.55,7,95.9,3.33,111.02,40.09,72.27
H38235,H,57.19,18.61,14.35,71.84,3,94.26,3.39,100.06,37.66,72.96
L56002,L,59.68,22.98,12.6,61.61,4,94.96,3.52,128.64,45.67,68.86
M23683,M,59.96,25.07,12.7,59.82,6,94.92,3.57,143.74,49.48,66.84
M23684,M,54.93,17.08,15.85,81.41,6,93.66,3.65,84.98,35.27,73.47
M23685,M,58.67,21.52,7.0,66.64,7,97.2,3.73,113.56,43.33,70.17
M23686,M,59.68,23.42,11.15,62.54,5,95.54,3.81,125.5,46.82,67.85
L56007,L,60.09,24.16,9.3,61.07,7,96.28,3.89,129.06,48.24,67.16
L56008,L,58.34,20.79,10.4,68.96,3,95.84,3.95,103.34,42.28,69.93
M23689,M,60.12,23.02,10.5,61.94,5,95.8,4.0,117.58,46.35,67.77
H38244,H,60.78,22.94,15.65,60.03,5,93.74,4.08,114.2,46.3,67.12
H38245,H,56.62,19.34,9.9,76.63,2,96.04,4.21,88.12,40.02,70.57
L56012,L,57.86,21.56,12.15,71.77,6,95.14,4.35,101.22,44.18,68.0
L56013,L,59.7,23.52,9.25,64.69,4,96.3,4.4,113.18,47.76,66.4
L56014,L,60.57,24.91,11.35,61.2,5,95.46,4.45,121.86,50.31,64.8
H38249,H,62.8,26.9,9.45,52.75,7,96.22,4.51,133.48,53.94,63.07
L56016,L,57.36,21.12,16.7,74.84,4,93.32,4.64,91.76,43.75,67.17
M23697,M,59.87,23.7,13.8,65.15,2,94.48,4.69,107.8,48.46,65.01
L56018,L,63.16,28.0,8.95,52.0,4,96.42,4.77,135.8,56.25,61.44
M23699,M,62.4,24.23,10.05,56.68,5,95.98,4.83,105.52,49.57,64.56
M23700,M,60.08,23.97,17.2,65.11,5,93.12,4.91,104.84,49.2,63.87
L56021,L,60.69,24.78,17.35,62.91,5,93.06,4.99,108.72,50.76,62.91
L56022,L,60.96,26.02,16.45,61.59,3,93.42,5.04,117.04,53.05,61.75
H38257,H,59.97,24.78,9.55,65.81,4,96.18,5.09,107.28,50.89,63.41
H38258,H,58.94,23.38,13.8,70.56,2,94.48,5.23,94.5,48.55,63.89
M23705,M,63.41,30.86,10.05,51.97,2,95.98,5.36,145.16,62.12,57.22
M23706,M,63.84,46.92,40.2,42.79,7,83.92,8.44,151.3,86.43,35.88
L56027,L,56.0,10.88,8.0,66.71,7,96.8,0.0,115.86,19.49,89.45
M23708,M,56.16,11.36,7.1,66.12,2,97.16,0.05,118.32,20.43,88.97
L56029,L,53.92,8.07,1.25,75.76,4,99.5,0.13,93.32,14.64,92.29
L56030,L,55.51,11.36,0.35,68.87,6,99.86,0.19,116.22,20.6,89.29
M23711,M,54.38,9.5,4.45,73.9,7,98.22,0.24,101.66,17.32,90.41
L56032,L,54.44,10.93,3.6,73.28,3,98.56,0.32,111.3,20.01,89.0
L56033,L,56.2,11.4,5.7,67.2,7,97.72,0.37,111.36,20.9,88.23
M23714,M,56.62,11.73,6.8,65.79,6,97.28,0.43,112.26,21.57,87.68
L56035,L,53.38,8.54,9.95,78.83,3,96.02,0.51,89.44,15.96,90.01
M23716,M,58.32,17.6,9.05,57.55,6,96.38,0.56,153.94,32.27,81.84
L56037,L,52.37,8.5,3.2,82.85,7,98.72,0.64,87.44,16.04,90.38
L56038,L,55.86,10.46,6.3,70.07,5,97.48,0.69,97.12,19.62,88.17
L56039,L,56.63,13.34,7.4,66.18,4,97.04,0.75,117.94,24.86,85.34
M23720,M,56.24,11.72,5.5,68.54,3,97.8,0.8,104.36,22.03,86.83
L56041,L,54.43,11.32,3.65,75.29,7,98.54,0.88,101.78,21.4,87.18
M23722,M,55.37,13.23,7.75,71.29,4,96.9,0.93,114.56,24.89,84.91
L56043,L,52.95,10.22,8.9,81.44,7,96.44,1.01,92.02,19.6,87.28
M23724,M,55.29,11.9,11.0,72.75,7,95.6,1.07,101.08,22.69,85.42
L56045,L,59.51,15.89,11.15,56.56,4,95.54,1.15,125.4,29.94,81.62
H38280,H,57.74,13.5,2.25,64.05,7,99.1,1.2,107.52,25.72,84.51
L56047,L,55.71,14.48,5.5,71.06,7,97.8,1.33,115.12,27.64,82.96
L56048,L,57.37,15.78,10.6,64.91,2,95.76,1.39,122.12,30.06,81.14
L56049,L,56.38,13.7,10.7,69.55,6,95.72,1.44,105.56,26.38,82.86
M23730,M,59.21,16.88,7.8,58.46,4,96.88,1.49,125.96,32.15,80.16
M23731,M,56.09,14.52,6.95,70.64,3,97.22,1.57,109.56,28.03,82.15
M23732,M,55.37,14.48,6.1,73.46,2,97.56,1.65,108.48,28.06,82.05
H38287,H,56.29,14.3,6.25,70.7,7,97.5,1.73,103.94,27.83,81.99
L56054,L,58.1,16.92,5.5,63.69,5,97.8,1.87,119.46,32.71,79.36
H38289,H,59.77,18.51,11.6,57.34,7,95.36,1.92,128.64,35.62,77.19
M23736,M,53.81,12.46,10.85,81.37,5,95.66,2.05,85.44,24.94,82.34
M23737,M,58.15,17.85,12.0,64.08,4,95.2,2.13,120.8,34.71,77.18
L56058,L,53.26,13.36,12.15,83.42,4,95.14,2.21,89.84,26.77,80.97
L56059,L,57.33,16.68,8.25,68.01,3,96.7,2.27,109.54,32.77,78.26
L56060,L,58.39,16.91,10.35,64.45,5,95.86,2.32,108.76,33.26,77.7
H38295,H,57.55,16.6,9.45,67.7,3,96.22,2.37,106.2,32.76,77.93
L56062,L,59.76,19.94,7.7,58.93,5,96.92,2.51,126.96,38.94,74.75
M23743,M,57.63,17.2,6.8,67.85,2,97.28,2.56,106.78,34.09,77.15
L56064,L,57.75,16.02,4.95,68.34,5,98.02,2.64,95.34,32.07,78.19
M23745,M,59.1,18.8,7.05,62.5,7,97.18,2.69,114.56,37.13,75.34
L56066,L,57.08,17.5,11.2,70.4,5,95.52,2.77,105.06,34.88,75.89
L56067,L,57.91,17.88,14.3,67.56,6,94.28,2.83,105.8,35.64,75.1
M23748,M,57.97,18.42,7.4,67.29,6,97.04,2.88,108.8,36.67,75.17
M23749,M,49.93,13.66,13.55,97.62,2,94.58,2.96,79.98,28.24,78.61
L56070,L,56.9,17.67,11.7,71.96,5,95.32,3.04,100.72,35.54,74.98
M23751,M,56.01,16.36,10.8,75.87,3,95.68,3.09,90.22,33.25,76.11
L56072,L,59.1,20.27,5.95,63.62,2,97.62,3.17,115.5,40.37,72.88
L56073,L,60.68,21.3,15.05,57.9,5,93.98,3.23,120.42,42.29,70.9
M23754,M,58.19,19.34,12.15,67.63,3,95.14,3.28,106.92,38.83,72.81
H38309,H,59.52,20.1,6.3,63.0,5,97.48,3.36,109.42,40.31,72.5
L56076,L,57.09,18.45,6.55,72.67,6,97.38,3.49,96.56,37.52,73.6
M23757,M,58.04,19.54,11.65,69.08,3,95.34,3.55,102.74,39.53,71.98
L56078,L,58.78,20.56,13.8,66.32,2,94.48,3.63,108.04,41.45,70.64
M23759,M,56.25,17.96,14.9,76.52,7,94.04,3.68,89.6,36.88,72.71
M23760,M,58.18,18.63,14.05,69.89,4,94.38,3.76,90.48,38.17,71.99
L56081,L,60.27,24.04,10.2,60.28,6,95.92,3.84,129.12,47.98,67.31
H38316,H,59.23,23.26,10.3,64.47,5,95.88,3.89,123.04,46.63,67.87
M23763,M,61.42,24.56,14.55,56.82,7,94.18,4.03,127.44,49.13,65.93
L56084,L,58.57,21.87,9.7,68.26,3,96.12,4.11,108.08,44.42,68.61
L56085,L,61.52,26.28,14.8,56.11,7,94.08,4.16,138.1,52.39,64.0
L56086,L,58.57,21.24,9.9,68.98,6,96.04,4.21,100.64,43.43,68.87
M23767,M,61.37,23.72,9.0,58.34,5,96.4,4.27,115.48,47.95,66.59
L56088,L,59.8,24.12,8.15,63.84,4,96.74,4.35,118.96,48.75,66.12
L56089,L,59.7,23.3,11.25,64.8,6,95.5,4.4,111.38,47.36,66.4
L56090,L,59.45,22.61,9.35,66.19,5,96.26,4.45,105.0,46.19,67.06
L56091,L,56.27,19.47,10.45,78.92,5,95.82,4.51,83.06,40.63,69.63
L56092,L,61.08,24.6,13.55,60.0,3,94.58,4.56,116.32,49.9,64.58
M23773,M,60.55,25.56,10.65,61.57,7,95.74,4.61,123.54,51.69,63.86
M23774,M,60.1,26.4,12.8,63.0,3,94.88,4.69,129.08,53.29,62.69
L56095,L,61.95,27.84,9.95,56.23,6,96.02,4.77,136.26,55.98,61.47
L56096,L,49.44,18.4,9.05,104.15,3,96.38,4.83,76.74,39.12,69.88
M23777,M,60.24,24.12,12.15,64.39,6,95.14,4.88,106.38,49.43,64.31
L56098,L,62.17,27.68,10.3,56.26,4,95.88,4.96,130.44,55.92,61.09
L56099,L,58.0,22.04,15.4,73.63,2,93.84,5.01,89.86,45.88,65.49
L56100,L,60.93,26.65,12.5,61.47,3,95.0,5.07,121.52,54.21,61.51
L56101,L,58.99,23.68,18.6,69.81,5,92.56,5.12,99.26,48.96,63.42
L56102,L,62.46,26.17,15.7,56.86,7,93.72,5.17,113.18,53.48,61.34
M23783,M,63.04,27.0,15.8,54.65,6,93.68,5.23,117.86,55.05,60.44
H38338,H,60.75,26.47,12.95,63.11,2,94.82,5.31,114.94,54.19,61.0
M23785,M,62.67,26.94,10.2,56.78,3,95.92,5.44,113.1,55.21,60.49
M23786,M,61.98,46.46,48.35,49.72,4,80.66,8.52,148.38,85.71,35.27
M23787,M,57.26,23.05,18.5,77.92,6,92.6,5.6,85.78,48.43,62.73
L56108,L,61.11,27.42,14.65,62.84,5,94.14,5.68,113.62,56.36,59.0
M23789,M,59.87,26.15,13.75,67.92,2,94.5,5.73,104.0,54.16,60.08
L56110,L,54.14,9.85,8.0,73.62,6,96.8,0.0,110.22,17.65,90.37
L56111,L,56.19,10.14,4.1,66.63,4,98.36,0.05,108.48,18.23,90.37
L56112,L,55.67,11.22,5.2,68.09,7,97.92,0.11,116.68,20.25,89.14
M23793,M,54.71,10.9,2.3,71.75,2,99.08,0.16,114.28,19.75,89.58
L56114,L,53.97,9.65,6.45,75.23,5,97.42,0.24,103.42,17.59,90.08
L56115,L,51.12,7.6,7.55,86.25,5,96.98,0.29,89.82,14.0,91.66
L56116,L,56.07,11.54,8.65,67.48,6,96.54,0.35,113.3,21.12,87.88
M23797,M,57.95,14.35,2.75,59.82,6,98.9,0.4,132.0,26.23,85.81
M23798,M,55.46,11.69,0.9,70.0,5,99.64,0.48,112.34,21.56,88.17
M23799,M,56.76,12.88,7.05,65.26,2,97.18,0.56,118.28,23.8,86.28
H38354,H,49.56,6.74,1.2,93.38,3,99.52,0.64,77.3,12.9,92.15
M23801,M,54.66,10.37,8.45,74.56,6,96.62,0.77,96.3,19.57,87.82
L56122,L,46.12,6.81,5.6,106.0,5,97.76,0.85,77.76,13.29,91.09
M23803,M,56.93,13.82,8.7,65.54,2,96.52,0.91,117.78,25.92,84.35
L56124,L,56.7,12.51,5.85,67.3,3,97.66,0.99,105.82,23.68,85.6
L56125,L,54.32,11.57,5.95,76.17,3,97.62,1.04,100.38,22.06,86.29
M23806,M,51.36,9.41,9.05,87.6,5,96.38,1.09,85.92,18.25,87.78
M23807,M,57.19,13.07,6.2,66.06,2,97.52,1.17,105.44,24.92,84.57
M23808,M,56.83,14.24,2.35,67.03,5,99.06,1.25,113.46,27.11,83.7
L56129,L,59.81,19.08,6.5,54.66,2,97.4,1.33,146.28,35.88,78.74
L56130,L,57.91,16.66,9.6,62.62,6,96.16,1.39,128.38,31.62,80.45
L56131,L,52.96,11.42,8.7,82.44,4,96.52,1.44,92.06,22.3,85.1
M23812,M,57.17,15.1,9.8,66.35,3,96.08,1.49,114.56,28.97,81.55
L56133,L,56.68,13.72,2.95,69.04,3,98.82,1.57,102.36,26.59,83.26
L56134,L,57.77,17.13,8.05,63.78,3,96.78,1.63,126.94,32.77,79.56
M23815,M,59.17,18.82,12.15,58.34,5,95.14,1.68,137.3,35.86,77.5
L56136,L,59.36,19.63,8.3,57.59,7,96.68,1.76,141.76,37.42,76.94
L56137,L,59.42,18.87,4.4,57.97,3,98.24,1.81,134.36,36.12,77.87
M23818,M,53.86,12.52,8.5,80.44,3,96.6,1.87,90.08,24.82,83.01
L56139,L,58.52,17.46,8.65,62.27,6,96.54,1.95,121.4,33.78,78.35
L56140,L,53.1,12.18,4.75,83.76,2,98.1,2.0,85.34,24.36,83.34
M23821,M,58.89,17.41,12.85,61.45,4,94.86,2.05,118.06,33.82,77.7
L56142,L,55.71,13.95,11.0,74.43,4,95.6,2.13,92.96,27.72,80.78
M23823,M,54.91,14.16,12.1,77.27,5,95.16,2.19,94.54,28.16,80.34
M23824,M,58.36,18.02,6.25,63.79,5,97.5,2.27,118.92,35.19,77.25
L56145,L,57.87,18.22,13.4,65.69,7,94.64,2.35,119.32,35.63,76.15
L56146,L,55.89,14.78,12.5,74.41,4,95.0,2.4,93.32,29.53,79.18
L56147,L,57.4,17.46,9.6,68.07,4,96.16,2.45,111.52,34.41,76.93
L56148,L,58.66,20.17,7.7,62.62,5,96.92,2.51,130.28,39.34,74.55
L56149,L,59.56,20.18,7.8,59.71,2,96.88,2.56,127.92,39.42,74.39
L56150,L,57.02,17.19,8.9,70.16,7,96.44,2.61,106.3,34.13,76.82
L56151,L,57.97,16.92,13.0,67.24,7,94.8,2.67,101.68,33.73,76.5
M23832,M,58.88,20.64,8.1,62.43,4,96.76,2.72,128.9,40.44,73.53
L56153,L,57.61,20.48,7.25,67.21,5,97.1,2.8,127.58,40.26,73.55
L56154,L,58.76,19.16,13.35,64.12,2,94.66,2.85,114.28,37.97,73.97
H38389,H,56.1,17.27,9.45,74.41,7,96.22,2.91,101.62,34.65,75.92
L56156,L,58.08,17.77,9.7,67.86,5,96.12,3.04,99.9,35.72,75.09
M23837,M,57.83,17.08,6.8,69.26,7,97.28,3.09,93.52,34.55,75.86
L56158,L,59.68,20.77,10.95,61.36,7,95.62,3.17,118.7,41.26,71.93
M23839,M,61.24,22.46,11.05,55.37,2,95.58,3.23,128.84,44.35,70.27
L56160,L,58.7,20.52,9.2,65.39,2,96.32,3.31,115.06,40.98,71.97
L56161,L,58.92,19.93,14.3,65.13,2,94.28,3.36,108.84,39.99,71.85
L56162,L,61.7,25.26,6.4,53.12,5,97.44,3.41,146.5,49.62,67.72
M23843,M,62.55,23.18,10.5,51.46,6,95.8,3.47,127.42,45.95,69.04
L56164,L,60.53,25.74,13.65,57.43,4,94.54,3.55,148.92,50.64,66.22
L56165,L,58.0,21.38,11.75,68.51,2,95.3,3.6,116.28,42.89,70.18
M23846,M,60.11,21.94,10.85,61.18,7,95.66,3.65,116.66,43.96,69.63
L56167,L,58.2,20.15,15.0,68.92,7,94.0,3.73,103.2,40.86,70.6
L56168,L,54.7,17.51,10.1,82.5,2,95.96,3.79,85.7,36.2,73.32
L56169,L,59.94,23.57,8.2,61.67,2,96.72,3.84,125.78,47.13,67.94
L56170,L,59.65,21.28,10.3,64.01,6,95.88,3.89,106.66,43.09,69.64
M23851,M,58.18,19.19,7.4,70.31,7,97.04,3.95,90.76,39.41,71.66
H38406,H,60.43,21.38,7.55,61.81,2,96.98,4.03,103.4,43.44,69.47
M23853,M,57.93,21.86,14.8,70.67,2,94.08,4.16,107.64,44.46,67.97
M23854,M,52.95,17.8,16.95,90.1,2,93.22,4.24,80.2,37.29,71.18
L56175,L,60.41,23.88,10.1,61.76,6,95.96,4.32,116.88,48.3,66.2
L56176,L,59.51,22.4,17.2,65.8,6,93.12,4.37,105.0,45.7,66.68
M23857,M,58.56,23.01,16.3,68.95,7,93.48,4.43,109.98,46.86,66.09
L56178,L,60.72,24.22,9.45,61.24,3,96.22,4.51,114.94,49.14,65.47
L56179,L,60.42,23.53,12.55,62.83,5,94.98,4.56,108.64,47.97,65.64
L56180,L,60.46,25.36,14.65,61.97,7,94.14,4.61,122.06,51.33,63.64
L56181,L,60.42,23.98,15.75,63.01,2,93.7,4.67,109.8,48.91,64.64
L56182,L,60.81,23.31,12.85,62.19,7,94.86,4.72,102.74,47.78,65.38
L56183,L,62.84,26.6,8.95,53.8,2,96.42,4.77,125.04,53.74,62.69
M23864,M,60.05,23.06,12.05,65.37,2,95.18,4.83,99.36,47.46,65.41
L56185,L,63.06,29.24,13.2,52.23,6,94.72,4.91,142.94,58.66,59.54
L56186,L,61.96,25.33,12.3,58.18,3,95.08,4.96,111.94,51.71,63.0
L56187,L,62.51,26.59,14.4,55.86,3,94.24,5.01,120.06,54.03,61.52
M23868,M,61.74,25.8,11.5,59.1,4,95.4,5.07,113.6,52.68,62.37
L56189,L,59.81,24.04,10.65,66.93,7,95.74,5.15,100.38,49.63,63.83
L56190,L,61.88,25.6,14.75,59.25,7,94.1,5.2,108.82,52.5,61.88
M23871,M,60.64,24.74,12.85,64.13,7,94.86,5.25,102.4,51.01,62.7
L56192,L,58.19,22.5,16.0,74.0,7,93.6,5.33,86.1,47.11,64.18
H38427,H,62.17,26.91,13.1,58.3,3,94.76,5.39,114.7,55.08,60.38
M23874,M,63.71,46.88,43.35,43.56,3,82.66,8.52,149.4,86.47,35.39
L56195,L,62.47,44.22,40.5,49.44,6,83.8,8.6,128.02,81.81,37.85
L56196,L,63.04,45.14,47.6,47.23,5,80.96,8.65,133.32,83.5,36.18
M23877,M,63.5,30.12,13.7,53.39,3,94.52,5.71,131.38,61.24,56.6
L56198,L,60.01,41.21,46.85,60.14,2,81.26,8.79,103.1,76.64,39.42
L56199,L,52.81,7.82,9.0,79.19,2,96.4,0.0,95.84,14.03,92.09
L56200,L,54.46,8.54,3.1,73.38,6,98.76,0.05,98.06,15.37,91.9
M23881,M,54.76,8.97,1.2,72.32,3,99.52,0.11,99.92,16.21,91.56
L56202,L,54.68,12.21,3.35,71.3,5,98.66,0.19,124.16,22.12,88.23
L56203,L,52.44,8.44,9.45,81.08,2,96.22,0.24,95.92,15.44,90.85
L56204,L,57.45,12.26,0.55,62.17,2,99.78,0.29,118.32,22.34,88.19
L56205,L,56.43,10.02,3.65,66.99,6,98.54,0.35,100.6,18.39,89.75
M23886,M,52.93,8.22,6.75,80.14,2,97.3,0.4,89.9,15.25,90.9
M23887,M,56.52,12.44,5.9,65.98,3,97.64,0.48,116.88,22.91,87.0
L56208,L,57.33,13.86,8.05,62.82,3,96.78,0.56,125.3,25.55,85.3
L56209,L,56.11,11.54,4.15,68.38,2,98.34,0.61,107.26,21.46,87.63
M23890,M,57.33,13.08,1.25,63.61,4,99.5,0.67,116.66,24.28,86.4
H38445,H,51.75,8.22,5.4,85.54,7,97.84,0.75,83.66,15.67,90.13
L56212,L,52.91,9.84,10.65,81.23,5,95.74,0.88,92.06,18.76,87.8
L56213,L,57.88,13.05,7.75,62.78,7,96.9,0.93,109.72,24.58,85.07
H38448,H,55.04,14.51,8.85,72.0,7,96.46,0.99,124.1,27.26,83.51
M23895,M,53.07,10.28,7.1,81.41,3,97.16,1.12,90.02,19.86,87.12
L56216,L,56.24,13.02,9.25,69.44,7,96.3,1.2,105.78,24.87,84.24
L56217,L,50.82,9.86,2.35,89.87,7,99.06,1.25,86.72,19.27,87.63
L56218,L,44.15,7.64,4.45,114.08,4,98.22,1.31,76.96,15.36,89.26
M23899,M,59.01,17.06,2.55,58.52,3,98.98,1.36,130.62,32.3,80.88
L56220,L,56.06,13.57,11.7,70.72,4,95.32,1.44,105.0,26.15,82.87
L56221,L,59.63,19.86,2.8,55.52,4,98.88,1.49,149.18,37.49,77.99
M23902,M,55.47,12.86,2.9,73.52,6,98.84,1.55,97.78,25.03,84.1
L56223,L,59.28,14.88,9.05,59.71,2,96.38,1.63,106.86,28.74,81.47
L56224,L,58.83,15.02,10.15,61.39,2,95.94,1.68,107.36,29.05,81.1
L56225,L,55.62,13.85,12.25,73.23,3,95.1,1.73,101.26,27.03,81.79
L56226,L,54.79,12.39,11.35,77.01,6,95.46,1.79,89.48,24.47,83.06
L56227,L,57.41,14.87,11.45,66.96,7,95.42,1.84,104.56,28.99,80.68
M23908,M,59.19,18.3,9.55,59.35,4,96.18,1.89,128.4,35.22,77.65
L56229,L,56.73,14.5,5.7,70.0,3,97.72,1.97,99.5,28.49,81.24
M23910,M,56.49,13.93,4.8,71.33,2,98.08,2.03,94.12,27.54,81.69
L56231,L,52.88,12.47,4.95,84.76,2,98.02,2.11,85.6,25.03,82.78
M23912,M,51.76,12.0,13.05,89.05,4,94.78,2.16,82.22,24.26,82.24
M23913,M,55.68,14.77,9.2,74.52,2,96.32,2.24,97.16,29.32,79.94
M23914,M,57.47,16.51,9.35,67.8,4,96.26,2.32,106.82,32.54,78.15
H38469,H,52.57,12.98,11.5,86.71,6,95.4,2.4,83.48,26.31,80.9
L56236,L,59.04,18.08,4.75,62.46,3,98.1,2.53,112.4,35.62,76.65
M23917,M,55.37,16.38,7.85,76.11,5,96.86,2.59,102.72,32.66,77.71
M23918,M,60.7,22.3,7.0,55.15,4,97.2,2.67,140.92,43.36,72.29
L56239,L,53.82,14.64,11.15,82.93,3,95.54,2.75,87.3,29.73,78.53
H38474,H,59.0,19.85,14.25,62.73,7,94.3,2.8,120.66,39.14,73.41
M23921,M,53.19,15.3,14.5,85.5,5,94.2,2.93,89.26,31.15,77.11
L56242,L,57.45,17.87,7.65,69.87,2,96.94,3.01,102.12,35.85,75.28
L56243,L,59.8,19.12,14.75,61.39,2,94.1,3.07,107.78,38.18,73.3
L56244,L,53.83,15.66,7.85,83.82,6,96.86,3.12,87.06,32.04,76.96
H38479,H,48.81,13.84,12.95,102.18,3,94.82,3.17,78.24,28.85,77.93
L56246,L,56.62,17.5,6.2,74.05,7,97.52,3.31,93.72,35.56,74.99
L56247,L,61.12,24.23,14.3,55.43,4,94.28,3.36,140.22,47.7,68.0
H38482,H,54.79,17.82,14.4,80.59,7,94.24,3.41,96.4,36.27,73.6
M23929,M,56.57,17.66,7.65,75.07,6,96.94,3.55,89.76,36.17,74.06
L56250,L,60.31,22.18,8.8,60.26,7,96.48,3.63,118.94,44.37,69.68
L56251,L,60.34,24.54,12.9,59.18,5,94.84,3.68,136.58,48.66,67.02
H38486,H,55.44,18.0,15.0,79.5,6,94.0,3.73,89.8,37.01,72.53
L56253,L,56.77,19.4,15.25,74.75,7,93.9,3.87,96.18,39.69,70.9
M23934,M,58.79,22.08,13.35,66.66,4,94.66,3.92,113.68,44.57,68.54
L56255,L,59.58,21.0,15.5,64.8,4,93.8,4.0,102.12,42.73,69.09
L56256,L,60.11,23.24,9.6,62.08,5,96.16,4.05,118.08,46.8,67.53
L56257,L,55.98,18.84,14.7,78.68,5,94.12,4.11,87.44,39.0,70.82
L56258,L,58.89,21.4,12.8,67.6,6,94.88,4.16,102.72,43.65,68.57
H38493,H,59.12,23.24,10.9,66.08,5,95.64,4.21,115.88,47.01,66.98
L56260,L,54.69,19.39,8.15,83.76,6,96.74,4.35,88.18,40.28,70.35
L56261,L,59.73,21.98,11.25,65.36,5,95.5,4.4,100.74,44.98,67.58
L56262,L,62.96,25.76,9.35,52.57,5,96.26,4.45,125.38,51.83,64.24
M23943,M,59.64,22.44,8.45,65.83,2,96.62,4.51,102.22,45.96,67.16
L56264,L,62.86,47.61,44.6,42.5,6,82.16,7.59,177.32,86.58,37.07
H38499,H,62.35,27.42,14.7,54.54,4,94.12,4.64,135.3,55.05,61.73
L56266,L,61.59,25.24,12.95,58.78,6,94.82,4.77,115.96,51.32,63.5
L56267,L,57.96,21.38,16.05,73.36,5,93.58,4.83,88.82,44.46,66.51
M23948,M,58.3,21.36,9.15,72.42,5,96.34,4.88,87.04,44.5,67.08
L56269,L,53.63,19.96,13.3,89.47,5,94.68,4.96,80.38,42.07,67.71
M23950,M,57.21,22.29,9.4,76.2,6,96.24,5.01,92.94,46.33,65.87
M23951,M,57.04,23.06,18.55,76.72,3,92.58,5.09,97.5,47.8,64.06
L56272,L,60.0,24.12,9.7,66.34,3,96.12,5.17,100.16,49.81,63.78
M23953,M,58.01,23.33,12.8,73.78,3,94.88,5.23,95.38,48.46,64.04
M23954,M,63.03,30.62,12.95,53.19,3,94.82,5.31,145.0,61.63,57.28
L56275,L,61.84,27.58,11.1,59.11,5,95.56,5.39,120.56,56.29,59.97
L56276,L,58.2,24.04,10.2,73.58,2,95.92,5.44,96.04,50.01,63.09
L56277,L,59.28,25.7,11.3,69.25,6,95.48,5.49,106.64,53.06,61.35
L56278,L,55.63,12.45,4.0,67.18,4,98.4,0.0,128.96,22.32,88.44
H38513,H,55.56,13.24,8.1,67.23,7,96.76,0.05,134.14,23.79,87.19
L56280,L,56.16,13.94,5.35,65.33,3,97.86,0.19,135.92,25.21,86.48
H38515,H,53.21,8.57,0.45,78.37,5,99.82,0.24,95.86,15.67,91.64
L56282,L,55.68,10.67,7.7,69.37,3,96.92,0.37,106.28,19.6,88.68
L56283,L,55.79,11.53,3.8,68.74,4,98.48,0.43,111.8,21.21,88.16
M23964,M,54.98,13.39,6.9,70.81,4,97.24,0.48,126.6,24.61,86.04
M23965,M,53.22,10.4,10.05,78.65,5,95.98,0.56,103.34,19.36,88.19
L56286,L,50.74,7.37,1.2,89.02,5,99.52,0.64,80.68,14.02,91.59
M23967,M,53.59,9.66,6.3,78.27,7,97.48,0.69,93.84,18.19,88.89
M23968,M,56.91,12.02,9.45,65.99,7,96.22,0.77,106.4,22.53,86.24
L56289,L,55.94,12.49,7.6,69.41,3,96.96,0.85,109.66,23.46,85.8
M23970,M,57.8,14.97,6.7,61.96,5,97.32,0.91,125.78,27.98,83.52
L56291,L,58.45,15.71,2.85,59.69,2,98.86,0.99,129.02,29.41,83.04
M23972,M,56.6,12.7,2.95,67.75,4,98.82,1.04,106.24,24.08,85.59
L56293,L,52.88,10.48,9.1,81.96,2,96.36,1.12,91.88,20.22,86.74
L56294,L,56.84,13.27,6.2,67.16,3,97.52,1.17,107.52,25.28,84.4
M23975,M,57.36,15.73,5.3,64.34,7,97.88,1.23,125.28,29.75,82.14
H38530,H,54.33,11.94,6.45,76.98,3,97.42,1.31,97.38,23.07,85.21
M23977,M,57.15,15.97,5.7,65.76,7,97.72,1.44,122.7,30.46,81.32
L56298,L,56.5,15.08,6.85,68.76,4,97.26,1.52,114.72,28.97,81.79
M23979,M,54.39,12.1,2.95,77.7,4,98.82,1.57,92.5,23.68,84.72
L56300,L,56.67,14.64,3.1,68.93,6,98.76,1.65,107.9,28.33,82.22
L56301,L,58.6,16.6,11.2,61.5,4,95.52,1.71,119.72,31.91,79.51
L56302,L,55.98,15.58,8.3,71.21,5,96.68,1.76,114.0,30.16,80.57
L56303,L,57.76,16.14,11.4,65.03,6,95.44,1.81,114.84,31.23,79.62
L56304,L,58.35,18.2,8.5,62.2,5,96.6,1.87,129.32,34.99,77.92
L56305,L,56.32,14.31,11.6,71.3,3,95.36,1.92,99.78,28.09,80.96
L56306,L,57.72,16.1,5.7,65.8,6,97.72,1.97,110.94,31.36,79.8
L56307,L,53.65,12.88,3.8,81.61,6,98.48,2.03,89.62,25.66,82.74
M23988,M,57.71,17.72,10.9,65.44,6,95.64,2.08,121.52,34.4,77.55
L56309,L,55.21,14.0,6.05,76.2,5,97.58,2.16,93.48,27.85,81.15
L56310,L,56.55,14.82,11.15,71.39,2,95.54,2.21,96.92,29.37,79.77
H38545,H,58.26,18.48,12.25,63.91,5,95.1,2.27,122.66,36.0,76.24
M23992,M,56.63,17.7,4.5,70.4,7,98.2,2.4,115.7,34.78,77.36
L56313,L,58.26,18.87,5.65,64.52,6,97.74,2.48,120.98,36.97,75.99
L56314,L,58.76,17.65,4.75,63.62,4,98.1,2.53,109.38,34.86,77.03
H38549,H,59.48,20.34,9.85,60.03,2,96.06,2.59,128.68,39.74,73.97
L56316,L,55.41,15.44,14.1,76.98,4,94.36,2.72,92.08,31.12,77.59
L56317,L,54.93,15.42,10.2,78.84,4,95.92,2.77,91.42,31.16,77.85
L56318,L,58.03,17.73,5.3,67.24,2,97.88,2.83,104.44,35.37,76.13
L56319,L,57.88,17.87,10.4,67.87,2,95.84,2.88,104.52,35.68,75.36
L56320,L,60.32,18.77,5.5,59.26,4,97.8,2.93,107.26,37.38,74.89
L56321,L,57.12,18.06,8.6,70.82,5,96.56,2.99,104.74,36.17,75.08
L56322,L,56.0,17.67,12.7,75.06,7,94.92,3.04,101.96,35.54,74.88
L56323,L,59.35,19.93,12.8,62.63,7,94.88,3.09,114.24,39.65,72.71
M24004,M,59.48,19.84,11.9,62.43,4,95.24,3.15,112.14,39.56,72.74
L56325,L,57.72,18.95,14.05,69.22,3,94.38,3.23,105.68,38.08,73.1
L56326,L,58.45,19.84,10.15,66.48,7,95.94,3.28,110.56,39.73,72.56
L56327,L,56.18,16.8,8.25,76.0,5,96.7,3.33,88.16,34.35,75.33
L56328,L,60.54,20.26,10.35,59.52,2,95.86,3.39,108.66,40.62,71.88
M24009,M,60.07,22.94,7.45,59.98,4,97.02,3.44,129.58,45.5,69.63
M24010,M,61.36,24.81,13.6,54.94,3,94.56,3.52,140.94,48.94,67.13
L56331,L,58.45,20.92,12.75,67.19,6,94.9,3.6,112.06,42.08,70.48
L56332,L,62.77,24.36,15.85,50.82,4,93.66,3.65,132.4,48.31,66.95
L56333,L,58.67,19.57,8.95,67.52,7,96.42,3.71,98.52,39.79,71.8
L56334,L,58.0,20.28,11.05,69.66,3,95.58,3.76,103.92,41.13,70.81
L56335,L,61.79,25.79,14.15,54.1,2,94.34,3.81,141.6,51.07,65.42
M24016,M,61.43,25.3,15.25,55.8,5,93.9,3.87,136.98,50.26,65.61
L56337,L,60.16,24.92,10.4,60.64,2,95.84,3.95,133.84,49.67,66.23
H38572,H,59.86,23.55,8.5,62.58,7,96.6,4.0,122.14,47.3,67.5
M24019,M,59.67,21.28,16.75,64.86,3,93.3,4.13,101.2,43.39,68.36
H38574,H,57.42,19.64,11.9,73.73,4,95.24,4.21,89.42,40.56,70.1
M24021,M,58.43,20.54,13.15,70.33,7,94.74,4.35,92.24,42.34,68.82
M24022,M,60.02,23.2,11.3,63.85,6,95.48,4.43,109.58,47.22,66.41
L56343,L,61.48,25.34,13.45,58.08,4,94.62,4.51,122.9,51.16,64.06
L56344,L,47.44,17.28,11.55,110.56,4,95.38,4.56,76.48,36.77,71.34
L56345,L,62.89,29.44,8.65,51.58,4,96.54,4.61,151.32,58.63,60.59
M24026,M,62.02,27.35,10.75,55.82,2,95.7,4.67,134.6,54.95,62.11
M24027,M,62.08,24.54,16.9,57.33,5,93.24,4.75,110.24,50.02,63.81
H38582,H,62.27,25.58,12.05,56.46,7,95.18,4.83,116.5,51.99,63.15
L56349,L,54.99,21.01,17.3,84.3,5,93.08,4.96,86.92,43.95,66.37
L56350,L,61.19,26.74,13.4,60.33,7,94.64,5.01,123.08,54.3,61.48
M24031,M,62.5,26.6,17.5,56.1,7,93.0,5.07,118.96,54.12,61.06
L56352,L,57.83,22.24,16.65,74.63,4,93.34,5.15,88.7,46.41,64.84
H38587,H,58.84,23.65,9.75,70.68,2,96.1,5.2,97.4,49.0,64.12
L56354,L,55.77,37.4,47.0,74.85,7,81.2,8.33,88.62,69.23,44.02
L56355,L,56.58,31.05,36.0,54.63,4,85.6,3.0,156.46,51.07,64.86
L56356,L,54.97,10.26,1.1,70.77,7,99.56,0.05,111.16,18.46,90.55
L56357,L,55.23,11.07,6.2,69.67,6,97.52,0.11,116.08,19.98,89.18
L56358,L,57.68,14.7,5.3,59.65,7,97.88,0.16,140.6,26.56,85.87
H38593,H,56.35,11.82,0.4,65.84,5,99.84,0.21,118.1,21.45,88.81
L56360,L,55.46,10.26,1.65,70.22,2,99.34,0.35,103.94,18.84,89.72
L56361,L,55.31,10.22,5.75,70.94,2,97.7,0.4,102.62,18.84,89.21
M24042,M,54.57,12.61,7.85,72.5,3,96.86,0.45,121.52,23.18,86.72
L56363,L,55.14,10.75,9.0,71.78,5,96.4,0.53,104.06,19.95,88.06
L56364,L,53.43,10.91,6.1,77.8,6,97.56,0.59,106.5,20.3,88.07
L56365,L,56.73,14.5,10.2,64.85,2,95.92,0.64,129.44,26.79,84.3
L56366,L,54.07,9.33,2.3,76.78,2,99.08,0.69,90.58,17.6,89.58
L56367,L,57.77,14.06,10.4,61.92,3,95.84,0.75,122.18,26.16,84.39
L56368,L,56.04,12.45,2.5,68.88,5,99.0,0.8,110.44,23.33,86.48
L56369,L,54.75,10.56,3.6,74.47,3,98.56,0.85,95.9,20.01,87.93
M24050,M,57.08,12.34,5.7,65.78,7,97.72,0.91,105.78,23.28,85.98
M24051,M,49.44,8.36,3.85,94.32,5,98.46,0.99,82.6,16.24,89.52
L56372,L,55.47,12.15,6.0,72.02,7,97.6,1.07,102.84,23.13,85.7
M24053,M,55.99,13.58,4.1,69.71,2,98.36,1.12,112.4,25.77,84.46
L56374,L,58.08,13.75,7.25,62.78,7,97.1,1.2,109.06,26.17,83.79
L56375,L,56.11,13.16,8.35,70.02,5,96.66,1.25,105.84,25.18,84.07
L56376,L,55.08,13.34,10.45,73.68,2,95.82,1.31,107.54,25.58,83.55
M24057,M,57.15,16.33,7.55,65.28,3,96.98,1.36,127.38,31.0,81.03
M24058,M,56.24,13.72,7.7,70.04,2,96.92,1.44,105.96,26.42,83.14
L56379,L,55.23,12.41,9.85,74.45,6,96.06,1.52,95.06,24.18,83.89
M24060,M,55.45,12.74,11.95,73.73,4,95.22,1.57,96.24,24.84,83.24
L56381,L,58.43,16.01,11.1,62.2,3,95.56,1.65,116.48,30.8,80.18
L56382,L,56.39,14.34,8.2,70.23,4,96.72,1.71,104.76,27.88,81.83
L56383,L,56.29,14.08,9.3,70.91,6,96.28,1.76,101.58,27.47,81.81
L56384,L,55.45,14.46,3.4,73.82,2,98.64,1.81,104.62,28.23,81.92
L56385,L,56.12,13.82,7.5,72.04,7,97.0,1.87,97.38,27.15,81.94
M24066,M,56.64,16.76,4.6,68.97,2,98.16,1.92,118.94,32.48,79.46
L56387,L,59.08,18.15,7.75,60.22,6,96.9,2.0,124.92,35.07,77.69
L56388,L,58.85,16.38,10.85,62.11,7,95.66,2.05,109.92,31.98,78.82
M24069,M,59.1,20.3,9.95,59.5,7,96.02,2.11,139.66,39.05,75.26
M24070,M,43.72,10.04,8.1,117.78,7,96.76,2.19,76.92,20.77,84.43
M24071,M,59.04,19.08,8.25,60.91,2,96.7,2.27,126.38,37.07,76.11
L56392,L,59.41,20.52,12.4,59.24,6,95.04,2.35,135.6,39.75,74.19
L56393,L,55.26,15.3,13.5,76.3,5,94.6,2.4,98.38,30.47,78.61
L56394,L,57.81,16.64,10.6,67.08,2,95.76,2.45,104.36,32.94,77.57
L56395,L,55.35,15.44,11.7,76.33,7,95.32,2.51,97.02,30.87,78.38
H38630,H,58.5,18.6,8.8,64.15,6,96.48,2.56,116.78,36.6,75.7
L56397,L,59.35,20.48,9.05,60.81,6,96.38,2.69,127.62,40.13,73.64
L56398,L,60.38,20.79,14.15,57.31,5,94.34,2.75,127.48,40.76,72.71
M24079,M,60.5,22.65,13.25,56.18,5,94.7,2.8,141.0,44.16,71.0
L56400,L,61.58,23.16,8.4,52.52,6,96.64,2.88,141.84,45.18,70.81
M24081,M,55.92,16.3,13.5,75.6,7,94.6,2.93,93.5,32.95,76.31
M24082,M,58.2,18.66,7.65,66.92,6,96.94,3.01,107.5,37.29,74.57
L56403,L,60.37,20.26,6.8,58.97,6,97.28,3.09,115.44,40.24,73.01
L56404,L,59.44,21.14,7.9,61.93,2,96.84,3.15,122.6,41.89,71.97
L56405,L,54.11,15.5,11.0,83.25,3,95.6,3.2,83.6,31.85,76.57
L56406,L,54.14,15.64,11.1,83.28,4,95.56,3.25,83.44,32.16,76.3
L56407,L,59.28,20.99,10.2,63.15,7,95.92,3.31,118.06,41.83,71.45
M24088,M,57.9,19.45,14.3,68.87,4,94.28,3.36,106.44,39.14,72.28
M24089,M,51.15,14.77,9.45,94.71,3,96.22,3.44,76.44,30.85,76.75
L56410,L,52.99,16.21,11.6,87.99,6,95.36,3.52,83.64,33.53,75.04
L56411,L,58.62,19.84,12.7,67.03,3,94.92,3.57,103.78,40.11,71.53
L56412,L,61.43,23.88,10.8,55.56,5,95.68,3.63,131.0,47.41,67.96
L56413,L,60.72,22.32,7.9,58.99,2,96.84,3.68,118.26,44.68,69.51
L56414,L,53.49,16.28,9.0,87.06,6,96.4,3.73,78.68,33.92,74.67
M24095,M,58.09,20.16,14.1,69.52,6,94.36,3.79,102.24,40.95,70.54
L56416,L,58.7,19.5,8.25,68.05,4,96.7,3.87,94.32,39.87,71.51
M24097,M,55.05,18.11,7.35,81.5,4,97.06,3.92,87.02,37.44,72.7
M24098,M,60.31,22.3,16.5,61.65,6,93.4,4.0,111.52,45.06,67.82
H38653,H,60.69,25.22,13.65,59.19,5,94.54,4.08,132.52,50.38,65.28
M24100,M,61.92,25.04,13.9,55.58,3,94.44,4.21,126.44,50.24,65.06
L56421,L,57.34,20.16,17.05,74.07,4,93.18,4.29,91.86,41.58,68.92
M24102,M,63.42,28.26,9.15,49.32,2,96.34,4.35,147.18,56.19,62.3
L56423,L,60.82,25.53,15.3,59.94,5,93.88,4.43,127.08,51.39,63.92
L56424,L,56.32,20.26,10.4,78.22,4,95.84,4.48,89.94,42.02,68.99
L56425,L,57.24,20.42,14.5,75.19,4,94.2,4.53,88.76,42.37,68.3
L56426,L,55.06,20.51,14.6,82.84,2,94.16,4.59,91.24,42.59,68.07
L56427,L,57.55,21.6,11.7,73.95,4,95.32,4.64,95.3,44.61,67.25
M24108,M,60.62,24.23,14.8,62.28,5,94.08,4.69,110.96,49.4,64.44
L56429,L,58.25,22.37,8.95,71.66,7,96.42,4.77,97.54,46.16,66.48
H38664,H,55.9,20.96,18.05,80.67,6,92.78,4.83,88.26,43.7,66.69
M24111,M,58.55,22.08,18.3,71.51,2,92.68,4.96,90.62,45.88,65.31
M24112,M,60.36,24.15,17.45,64.58,4,93.02,5.04,102.86,49.68,63.33
M24113,M,60.81,25.48,14.6,62.66,7,94.16,5.12,111.16,52.19,62.21
L56434,L,59.33,23.38,16.75,69.11,7,93.3,5.2,94.52,48.51,63.67
L56435,L,58.88,23.64,12.85,70.73,5,94.86,5.25,96.02,49.04,63.69
L56436,L,60.13,24.72,11.95,66.09,4,95.22,5.31,101.78,51.05,62.66
M24117,M,64.17,30.76,14.05,49.42,4,94.38,5.36,143.32,61.94,56.91
H38672,H,56.93,10.8,9.0,63.55,6,96.4,0.0,113.98,19.36,89.42
M24119,M,52.5,7.4,8.25,81.0,4,96.7,0.13,89.88,13.43,92.19
L56440,L,57.2,15.09,4.4,61.3,2,98.24,0.21,143.14,27.32,85.47
H38675,H,55.91,10.4,8.5,68.3,4,96.6,0.27,106.2,18.98,89.13
M24122,M,57.02,12.95,5.75,63.72,2,97.7,0.4,122.08,23.72,86.77
L56443,L,54.36,11.46,8.9,73.92,4,96.44,0.48,112.06,21.16,87.57
M24124,M,55.39,10.82,2.0,70.89,7,99.2,0.53,104.32,20.08,88.69
M24125,M,57.46,14.26,10.15,62.37,7,95.94,0.61,127.2,26.35,84.58
L56446,L,52.5,8.46,5.3,82.62,3,97.88,0.69,85.74,16.04,90.07
L56447,L,58.02,16.56,2.4,59.82,6,99.04,0.75,141.84,30.64,82.95
L56448,L,53.65,10.28,4.5,78.16,2,98.2,0.8,96.32,19.43,88.23
L56449,L,58.25,17.78,8.6,58.81,5,96.56,0.85,148.88,32.96,80.95
L56450,L,59.07,17.82,10.7,56.19,2,95.72,0.91,146.84,33.09,80.57
L56451,L,49.1,8.0,3.8,95.55,3,98.48,0.96,80.82,15.57,89.92
L56452,L,58.45,16.57,1.9,59.37,5,99.24,1.01,135.26,30.98,82.29
H38687,H,56.08,12.12,4.0,69.94,2,98.4,1.07,101.8,23.09,85.92
L56454,L,57.57,17.32,4.25,62.74,3,98.3,1.2,138.36,32.58,80.89
L56455,L,55.05,11.11,9.35,74.69,3,96.26,1.25,90.9,21.51,85.8
L56456,L,53.86,11.5,10.45,78.8,7,95.82,1.31,94.42,22.26,85.21
L56457,L,57.47,16.18,11.55,64.26,7,95.38,1.36,125.74,30.73,80.76
H38692,H,55.22,14.22,10.65,73.19,3,95.74,1.41,111.92,27.28,82.47
M24139,M,54.8,11.69,8.9,76.4,7,96.44,1.55,89.3,22.92,84.56
H38694,H,57.44,15.7,7.05,65.65,3,97.18,1.63,116.0,30.22,80.93
L56461,L,59.54,16.53,9.3,58.54,7,96.28,1.76,116.72,31.87,79.62
M24142,M,58.46,16.52,6.4,62.44,4,97.44,1.81,116.88,31.91,79.78
M24143,M,52.9,12.56,12.55,83.82,4,94.98,1.89,91.04,24.91,82.5
L56464,L,54.73,13.84,4.7,77.23,6,98.12,1.97,97.06,27.32,81.92
M24145,M,58.76,17.98,7.8,61.51,3,96.88,2.03,123.4,34.8,77.76
L56466,L,56.01,14.32,4.95,73.09,2,98.02,2.11,96.1,28.35,81.12
L56467,L,54.56,13.5,8.05,78.7,7,96.78,2.16,90.38,26.95,81.4
L56468,L,58.47,19.92,6.15,62.24,7,97.54,2.21,135.08,38.51,75.7
L56469,L,59.65,18.05,10.25,59.32,5,95.9,2.27,117.34,35.23,76.82
L56470,L,58.97,18.01,4.35,61.9,6,98.26,2.32,116.76,35.23,77.31
L56471,L,59.98,21.57,6.45,56.87,6,97.42,2.37,142.66,41.68,73.77
L56472,L,55.82,15.8,11.55,74.25,7,95.38,2.43,101.06,31.41,78.28
L56473,L,58.88,16.94,11.65,63.38,5,95.34,2.48,104.74,33.52,77.12
L56474,L,58.94,16.65,12.75,63.52,6,94.9,2.53,101.14,33.06,77.13
M24155,M,59.34,19.74,10.85,60.78,2,95.66,2.59,124.06,38.66,74.41
H38710,H,57.82,17.77,9.0,67.31,3,96.4,2.67,108.68,35.25,76.14
M24157,M,58.62,19.25,6.25,64.32,5,97.5,2.8,116.38,38.06,74.74
L56478,L,61.13,21.29,5.4,55.01,7,97.84,2.88,127.46,41.82,72.79
M24159,M,60.87,21.4,6.5,56.05,2,97.4,2.93,127.5,42.09,72.44
L56480,L,60.49,19.52,14.65,58.59,6,94.14,3.01,111.14,38.81,73.1
M24161,M,59.22,21.78,10.75,62.06,5,95.7,3.07,129.78,42.93,71.33
M24162,M,54.29,15.72,6.9,82.34,5,97.24,3.15,86.28,32.17,76.93
L56483,L,58.93,19.26,8.05,64.92,2,96.78,3.23,106.42,38.61,73.43
L56484,L,58.32,20.59,6.15,66.55,3,97.54,3.28,116.74,41.08,72.29
H38719,H,56.79,17.55,15.25,73.52,2,93.9,3.33,93.32,35.69,73.96
M24166,M,54.95,17.48,13.5,80.41,3,94.6,3.47,92.26,35.73,73.85
L56487,L,60.69,23.09,6.65,58.2,4,97.34,3.55,127.5,45.9,69.29
L56488,L,60.34,22.8,11.75,59.75,5,95.3,3.6,124.46,45.44,68.9
L56489,L,58.38,20.36,6.85,67.92,4,97.26,3.65,106.44,41.14,71.44
L56490,L,58.63,21.32,15.95,66.79,5,93.62,3.71,112.58,42.93,69.53
L56491,L,58.82,22.08,10.05,65.96,2,95.98,3.76,117.2,44.36,69.3
H38726,H,58.4,19.84,13.15,68.73,6,94.74,3.81,98.66,40.41,70.85
L56493,L,60.8,23.12,7.4,59.34,6,97.04,3.95,118.56,46.45,68.14
M24174,M,58.72,20.42,15.5,68.04,4,93.8,4.0,98.7,41.69,69.6
L56495,L,58.75,22.49,8.65,67.2,5,96.54,4.08,113.38,45.5,68.23
H38730,H,61.03,22.7,14.75,59.5,3,94.1,4.13,110.74,45.94,67.29
L56497,L,60.26,22.33,11.0,62.84,7,95.6,4.27,105.8,45.44,67.65
L56498,L,62.01,24.08,8.1,56.16,4,96.76,4.32,116.28,48.66,66.22
L56499,L,54.11,18.5,9.2,86.3,3,96.32,4.37,81.22,38.71,70.98
L56500,L,61.47,24.06,15.3,58.42,7,93.88,4.43,114.38,48.74,65.24
L56501,L,62.61,26.82,12.4,53.34,5,95.04,4.48,133.7,53.76,62.92
M24182,M,60.09,23.12,13.5,64.04,5,94.6,4.53,106.44,47.21,65.98
L56503,L,61.13,23.89,14.65,60.4,5,94.14,4.61,109.34,48.69,64.97
L56504,L,59.88,23.4,16.75,65.15,6,93.3,4.67,105.94,47.87,65.05
M24185,M,60.33,24.36,17.85,63.32,5,92.86,4.72,111.8,49.66,63.94
L56506,L,57.99,22.2,12.0,72.75,3,95.2,4.8,95.94,45.89,66.25
L56507,L,60.57,22.98,10.1,63.71,5,95.96,4.85,97.48,47.37,65.6
H38742,H,52.67,19.47,14.2,92.82,3,94.32,4.91,79.02,41.14,68.2
L56509,L,61.22,25.44,15.45,60.98,7,93.82,5.04,112.08,52.01,62.37
M24190,M,60.8,24.3,11.55,63.2,4,95.38,5.09,102.34,50.04,63.64
L56511,L,61.05,24.99,16.7,62.3,4,93.32,5.17,105.72,51.38,62.29
M24192,M,54.92,21.18,13.8,85.46,3,94.48,5.23,82.42,44.61,65.86
L56513,L,61.87,26.04,12.95,59.48,5,94.82,5.31,110.0,53.43,61.38
L56514,L,62.62,27.28,18.05,56.46,5,92.78,5.36,117.64,55.71,59.62
L56515,L,61.24,28.74,11.15,60.68,2,95.54,5.41,130.02,58.4,58.86
L56516,L,58.04,24.38,19.25,74.06,5,92.3,5.47,98.3,50.64,61.82
H38751,H,61.38,26.64,19.35,61.68,2,92.26,5.52,110.6,54.76,59.65
H38752,H,61.08,24.66,11.6,64.22,6,95.36,5.65,92.22,51.39,61.84
L56519,L,62.29,28.56,10.85,58.62,4,95.66,5.79,118.76,58.55,58.07
H38754,H,54.05,9.28,3.0,74.21,2,98.8,0.0,105.74,16.62,91.39
M24201,M,57.31,11.92,7.25,62.19,3,97.1,0.13,119.46,21.54,88.24
H38756,H,52.41,8.59,2.4,81.0,4,99.04,0.21,97.72,15.67,91.5
M24203,M,57.14,13.64,4.65,62.73,7,98.14,0.35,128.62,24.89,86.4
L56524,L,53.96,9.7,8.8,75.95,5,96.48,0.43,99.72,17.94,89.3
L56525,L,56.55,13.19,0.9,65.5,2,99.64,0.48,122.84,24.25,86.82
M24206,M,53.94,11.7,6.0,75.45,2,97.6,0.53,113.32,21.65,87.51
M24207,M,56.94,12.49,8.15,65.05,4,96.74,0.61,113.72,23.17,86.38
L56528,L,56.88,14.36,10.3,64.62,3,95.88,0.69,126.92,26.61,84.28
M24209,M,54.57,11.29,5.4,74.31,7,97.84,0.75,104.38,21.19,87.37
L56530,L,46.12,6.93,2.55,105.84,4,98.98,0.83,79.32,13.47,91.36
L56531,L,54.05,10.24,5.65,77.13,5,97.74,0.88,93.7,19.47,87.94
L56532,L,52.14,9.78,10.75,84.11,7,95.7,0.93,91.4,18.71,87.7
L56533,L,58.53,14.04,8.85,60.23,4,96.46,0.99,115.5,26.41,83.94
M24214,M,54.78,11.1,3.95,74.8,6,98.42,1.04,95.94,21.21,86.92
L56535,L,53.4,10.36,4.1,80.22,7,98.36,1.12,90.16,19.99,87.35
L56536,L,59.84,16.7,3.2,55.15,2,98.72,1.17,130.8,31.42,81.63
M24217,M,54.42,10.03,2.3,77.28,5,99.08,1.23,83.72,19.54,87.55
L56538,L,57.99,15.2,5.45,62.75,4,97.82,1.31,118.34,28.9,82.39
M24219,M,55.52,15.93,3.55,71.08,2,98.58,1.36,126.42,30.28,81.78
L56540,L,56.32,14.97,7.7,69.11,5,96.92,1.44,115.84,28.66,82.02
L56541,L,55.25,12.76,10.8,74.12,3,95.68,1.49,98.4,24.76,83.55
M24222,M,54.26,12.89,10.9,77.66,3,95.64,1.55,99.64,25.07,83.28
L56543,L,56.72,13.45,4.05,69.22,5,98.38,1.63,98.98,26.18,83.25
L56544,L,54.4,12.16,7.15,78.07,4,97.14,1.68,90.66,23.94,83.95
M24225,M,60.7,19.15,7.25,53.12,2,97.1,1.73,136.68,36.53,77.54
L56546,L,57.78,17.44,7.4,64.33,5,97.04,1.81,125.22,33.56,78.85
L56547,L,57.68,16.88,4.5,65.16,2,98.2,1.87,119.64,32.62,79.51
L56548,L,57.18,15.41,6.6,67.8,3,97.36,1.92,107.4,30.06,80.47
M24229,M,56.7,15.12,9.7,69.79,7,96.12,1.97,104.54,29.61,80.28
H38784,H,58.67,19.13,9.85,61.33,6,96.06,2.05,132.16,36.91,76.45
L56551,L,60.7,19.38,4.1,54.76,3,98.36,2.19,128.38,37.53,76.45
L56552,L,57.88,17.07,10.2,65.82,4,95.92,2.24,112.54,33.44,77.78
L56553,L,58.43,18.26,11.3,63.52,5,95.48,2.29,120.06,35.64,76.47
M24234,M,58.3,18.22,7.4,64.19,5,97.04,2.35,118.72,35.63,76.75
H38789,H,60.98,19.66,7.55,54.57,7,96.98,2.43,124.76,38.31,75.23
H38790,H,54.59,14.6,10.8,79.6,5,95.68,2.56,90.16,29.43,79.08
H38791,H,58.37,18.33,12.05,65.24,5,95.18,2.69,111.76,36.28,75.27
L56558,L,53.75,15.68,13.3,82.96,6,94.68,2.83,93.92,31.7,77.17
L56559,L,59.59,20.76,6.4,60.57,2,97.44,2.88,125.38,40.88,73.16
L56560,L,59.41,20.23,11.5,61.64,7,95.4,2.93,120.1,39.98,72.99
M24241,M,58.82,19.56,8.6,64.22,2,96.56,2.99,114.4,38.86,73.74
L56562,L,57.02,17.6,14.75,71.7,7,94.1,3.07,99.4,35.44,74.67
H38797,H,57.98,18.91,5.85,67.95,6,97.66,3.12,107.36,37.86,74.24
M24244,M,60.59,24.11,9.1,56.9,7,96.36,3.25,142.38,47.35,68.91
M24245,M,53.0,15.88,10.25,87.41,6,95.9,3.33,85.14,32.69,75.96
M24246,M,51.25,14.42,7.4,94.44,5,97.04,3.41,74.06,30.18,77.35
H38801,H,60.7,23.48,15.55,57.76,5,93.78,3.49,131.8,46.53,68.2
M24248,M,58.61,20.36,7.8,67.02,7,96.88,3.63,106.68,41.09,71.42
L56569,L,62.86,25.47,12.95,50.16,4,94.82,3.71,139.96,50.36,66.11
M24250,M,58.53,21.03,16.05,67.48,5,93.58,3.76,109.2,42.47,69.64
H38805,H,51.18,16.14,10.2,95.48,3,95.92,3.84,78.42,33.82,74.39
L56572,L,60.56,23.49,8.45,60.1,7,96.62,3.97,121.34,47.16,67.63
H38807,H,59.86,22.83,15.55,63.04,2,93.78,4.03,115.78,46.04,67.37
L56574,L,62.26,25.73,13.8,53.84,2,94.48,4.16,132.68,51.41,64.6
L56575,L,59.91,22.62,14.9,63.69,4,94.04,4.21,109.8,45.89,67.14
L56576,L,60.0,24.62,15.0,62.59,5,94.0,4.27,124.56,49.56,65.19
M24257,M,61.92,26.31,11.1,55.34,2,95.56,4.32,134.2,52.65,63.93
H38812,H,59.74,23.22,17.25,64.69,6,93.1,4.4,110.72,47.22,65.86
L56579,L,60.6,24.8,11.5,61.45,4,95.4,4.53,119.14,50.21,64.68
L56580,L,61.11,24.74,8.6,59.93,2,96.56,4.59,116.72,50.17,64.88
M24261,M,57.19,20.32,12.7,75.84,4,94.92,4.64,85.6,42.32,68.29
L56582,L,57.07,21.84,11.85,75.78,3,95.26,4.72,96.08,45.14,66.81
L56583,L,57.67,21.6,13.95,74.05,7,94.42,4.77,92.14,44.77,66.67
L56584,L,53.22,19.3,10.05,90.7,4,95.98,4.83,78.74,40.74,68.97
M24265,M,61.11,26.84,9.15,60.03,3,96.34,4.88,126.98,54.31,62.17
M24266,M,50.72,18.78,18.3,100.06,7,92.68,4.96,74.98,39.97,68.27
L56587,L,61.78,27.65,13.45,57.93,5,94.62,5.04,128.9,55.96,60.6
H38822,H,58.91,23.9,17.55,69.9,4,92.98,5.09,101.74,49.32,63.4
L56589,L,58.66,22.76,11.8,71.82,4,95.28,5.23,89.88,47.43,64.65
M24270,M,58.69,23.59,15.9,71.5,2,93.64,5.28,95.32,48.99,63.35
L56591,L,62.6,27.73,16.05,56.34,4,93.58,5.36,121.28,56.52,59.42
L56592,L,58.32,22.92,19.15,73.64,2,92.34,5.41,87.44,47.95,63.28
L56593,L,62.21,27.62,17.25,58.14,4,93.1,5.47,118.58,56.46,59.11
L56594,L,63.5,45.04,42.35,45.18,3,83.06,8.52,134.88,83.16,37.15
M24275,M,57.19,11.05,7.0,62.52,4,97.2,0.0,115.62,19.81,89.4
M24276,M,55.8,11.72,5.15,67.29,3,97.94,0.08,121.06,21.1,88.78
H38831,H,55.13,11.43,5.3,70.04,3,97.88,0.16,117.9,20.69,88.8
L56598,L,56.49,12.43,4.55,65.38,3,98.18,0.29,121.04,22.65,87.63
L56599,L,49.58,6.54,2.65,92.28,6,98.94,0.35,82.22,12.16,92.96
L56600,L,56.03,11.7,4.75,67.75,5,98.1,0.4,113.44,21.48,87.99
M24281,M,57.4,14.98,3.85,61.61,3,98.46,0.45,136.64,27.44,84.99
L56602,L,53.37,9.0,10.0,78.75,7,96.0,0.53,92.5,16.81,89.53
L56603,L,53.27,9.38,4.1,79.11,7,98.36,0.59,94.52,17.57,89.63
M24284,M,54.65,10.17,6.2,74.17,3,97.52,0.64,97.7,19.04,88.58
M24285,M,57.22,13.74,9.35,63.88,3,96.26,0.72,120.9,25.53,84.86
L56606,L,58.38,16.32,7.5,58.89,7,97.0,0.8,138.22,30.28,82.51
L56607,L,55.55,11.26,8.6,71.37,3,96.56,0.85,100.4,21.27,86.8
H38842,H,51.28,9.82,10.7,86.94,4,95.72,0.91,93.54,18.75,87.74
L56609,L,56.37,12.12,8.95,68.84,3,96.42,1.04,101.96,23.05,85.5
L56610,L,53.91,10.48,4.05,78.31,6,98.38,1.09,91.02,20.17,87.32
L56611,L,57.48,17.69,10.15,62.66,4,95.94,1.15,142.6,33.17,80.11
L56612,L,54.79,13.62,10.25,74.14,2,95.9,1.2,112.58,25.95,83.6
M24293,M,57.6,16.74,3.35,63.13,6,98.66,1.25,132.4,31.59,81.36
L56614,L,54.84,12.32,4.5,75.14,6,98.2,1.33,99.12,23.79,84.99
L56615,L,57.56,16.48,6.6,63.91,3,97.36,1.39,127.46,31.31,80.91
L56616,L,57.07,14.94,9.7,66.58,7,96.12,1.44,114.62,28.62,81.84
M24297,M,56.46,15.23,8.8,68.74,5,96.48,1.49,116.54,29.2,81.54
M24298,M,59.63,18.92,11.95,56.29,2,95.22,1.57,139.9,35.91,77.7
M24299,M,58.0,17.01,12.1,63.14,5,95.16,1.65,125.06,32.59,79.19
M24300,M,58.89,18.58,8.25,59.61,4,96.7,1.73,134.56,35.5,77.96
L56621,L,58.2,16.29,9.4,63.46,3,96.24,1.81,115.44,31.5,79.68
M24302,M,58.81,17.58,11.5,60.91,2,95.4,1.87,123.68,33.87,78.18
H38857,H,58.65,19.29,8.65,60.9,2,96.54,1.95,135.82,37.05,76.72
L56624,L,48.25,10.22,4.9,101.69,3,98.04,2.08,74.52,20.95,84.87
M24305,M,58.35,17.85,10.0,63.38,3,96.0,2.13,120.52,34.71,77.38
H38860,H,59.29,20.02,9.15,59.39,4,96.34,2.21,134.76,38.69,75.31
M24307,M,60.38,19.96,9.4,56.17,2,96.24,2.35,129.86,38.77,74.98
L56628,L,53.82,14.6,8.55,81.7,3,96.58,2.43,94.2,29.26,79.66
M24309,M,58.92,17.89,5.65,62.76,6,97.74,2.48,112.28,35.22,76.87
M24310,M,58.14,18.33,6.8,65.54,7,97.28,2.56,115.08,36.11,76.15
H38865,H,57.61,17.82,10.95,67.89,4,95.62,2.64,109.92,35.3,75.98
M24312,M,59.86,21.67,9.2,58.76,7,96.32,2.77,134.64,42.37,72.35
H38867,H,60.42,22.76,5.35,56.62,5,97.86,2.85,140.8,44.42,71.55
L56634,L,57.32,17.81,14.6,70.24,7,94.16,2.99,102.46,35.72,74.71
L56635,L,51.56,14.17,13.7,92.06,2,94.52,3.04,80.06,29.26,77.92
L56636,L,56.76,17.6,5.8,72.7,4,97.68,3.09,99.2,35.49,75.49
M24317,M,55.91,16.11,5.9,76.54,5,97.64,3.15,87.24,32.88,76.67
L56638,L,60.01,19.83,9.05,60.93,4,96.38,3.23,109.54,39.65,72.82
L56639,L,57.71,18.87,9.15,69.52,4,96.34,3.28,103.78,37.98,73.53
M24320,M,60.39,21.3,12.25,59.3,2,95.1,3.33,118.38,42.42,70.9
M24321,M,60.26,21.84,9.4,59.78,2,96.24,3.41,121.08,43.49,70.49
L56642,L,58.08,20.51,9.55,68.25,5,96.18,3.49,111.6,41.19,71.46
M24323,M,58.4,19.84,9.65,67.68,5,96.14,3.55,104.64,40.07,71.91
L56644,L,60.12,22.93,14.8,60.54,4,94.08,3.63,125.2,45.71,68.41
M24325,M,59.89,21.99,11.9,62.0,7,95.24,3.68,116.8,44.09,69.4
L56646,L,59.82,23.28,14.05,61.91,4,94.38,3.76,125.42,46.51,67.82
L56647,L,56.52,18.34,10.15,75.93,6,95.94,3.81,89.24,37.72,72.5
L56648,L,61.34,25.45,15.25,56.02,3,93.9,3.87,138.3,50.53,65.48
L56649,L,56.7,20.06,12.35,74.87,4,95.06,3.92,100.36,40.94,70.46
H38884,H,60.53,23.7,8.45,60.1,4,96.62,3.97,122.98,47.52,67.45
M24331,M,55.8,19.2,14.7,79.1,6,94.12,4.11,90.48,39.63,70.5
M24332,M,61.7,24.64,11.85,56.43,5,95.26,4.19,124.1,49.48,65.7
L56653,L,60.75,22.8,14.0,60.9,4,94.4,4.27,108.92,46.29,66.92
M24334,M,60.68,24.66,9.1,60.42,7,96.36,4.32,122.7,49.69,65.6
L56655,L,59.78,23.68,10.25,64.31,5,95.9,4.4,114.26,48.03,66.16
M24336,M,57.38,21.34,15.35,73.93,5,93.86,4.45,97.64,43.9,67.61
M24337,M,57.46,21.92,10.5,73.69,7,95.8,4.53,100.46,45.06,67.35
L56658,L,54.68,19.84,17.65,84.58,3,92.94,4.61,85.8,41.43,68.3
H38893,H,58.96,22.38,12.75,68.81,7,94.9,4.67,99.0,46.04,66.37
M24340,M,61.53,25.35,13.0,59.03,6,94.8,4.8,116.28,51.54,63.33
L56661,L,62.62,27.36,18.15,54.57,5,92.74,4.88,129.1,55.25,60.8
H38896,H,63.5,29.15,14.25,50.88,3,94.3,4.93,140.98,58.52,59.45
H38897,H,60.2,24.02,10.5,65.29,4,95.8,5.07,101.52,49.5,64.07
L56664,L,58.65,24.02,11.75,71.14,4,95.3,5.2,100.66,49.67,63.59
L56665,L,59.78,24.31,13.85,67.3,4,94.46,5.25,100.18,50.25,62.98
M24346,M,61.55,27.42,11.95,59.89,2,95.22,5.31,121.44,55.89,60.24
L56667,L,60.02,26.11,15.1,66.1,5,93.96,5.39,111.26,53.65,60.89
M24348,M,60.31,24.94,14.2,65.88,4,94.32,5.44,100.34,51.63,61.89
L56669,L,62.73,27.03,16.35,56.83,6,93.46,5.52,111.94,55.47,59.59
M24350,M,62.63,27.9,13.45,56.95,3,94.62,5.57,117.76,57.08,58.97
M24351,M,61.69,27.14,13.6,60.88,2,94.56,5.65,111.18,55.82,59.42
L56672,L,60.37,26.35,16.75,66.12,2,93.3,5.73,104.92,54.52,59.6
L56673,L,63.16,46.21,43.85,46.8,5,82.46,8.79,138.76,85.6,35.24
L56674,L,61.51,27.87,14.95,61.86,4,94.02,5.84,113.12,57.38,58.14
H38909,H,63.65,28.88,17.05,54.21,2,93.18,5.89,117.06,59.26,56.88
M24356,M,64.15,30.68,16.3,52.11,5,93.48,6.03,127.78,62.65,54.99
H38911,H,56.0,10.07,6.0,67.11,6,97.6,0.0,109.46,18.06,90.37
H38912,H,54.71,9.43,3.25,72.39,7,98.7,0.13,103.04,17.06,90.88
L56679,L,54.97,10.23,6.5,71.59,5,97.4,0.27,106.08,18.67,89.48
L56680,L,52.66,8.61,8.6,80.54,3,96.56,0.32,95.14,15.84,90.58
L56681,L,57.1,12.97,3.7,63.32,2,98.52,0.37,122.72,23.72,87.02
L56682,L,55.72,13.58,7.8,67.96,5,96.88,0.43,128.3,24.88,85.93
M24363,M,54.97,12.64,8.9,71.23,3,96.44,0.48,120.62,23.27,86.52
L56684,L,56.67,13.43,2.05,65.28,6,99.18,0.56,122.8,24.78,86.28
L56685,L,56.89,11.86,1.15,65.52,2,99.54,0.61,108.78,22.05,87.64
H38920,H,55.22,12.4,8.25,71.2,5,96.7,0.67,114.16,23.07,86.31
L56687,L,56.0,12.1,3.5,69.2,3,98.6,0.8,107.7,22.7,86.7
L56688,L,54.51,11.66,8.6,74.72,4,96.56,0.85,105.02,21.98,86.44
M24369,M,56.16,12.67,6.7,68.76,7,97.32,0.91,109.64,23.86,85.59
M24370,M,56.22,13.78,10.85,68.31,5,95.66,0.99,116.68,25.96,83.96
L56691,L,57.11,13.38,6.0,65.76,5,97.6,1.07,110.38,25.33,84.6
L56692,L,55.34,12.81,8.1,72.34,2,96.76,1.12,107.1,24.38,84.76
M24373,M,55.06,11.87,8.2,73.96,6,96.72,1.17,98.76,22.77,85.45
L56694,L,57.8,15.24,4.35,63.18,3,98.26,1.25,120.12,28.9,82.61
L56695,L,53.99,11.12,7.45,78.54,5,97.02,1.31,91.24,21.59,85.85
L56696,L,59.01,17.7,11.55,58.2,5,95.38,1.36,135.82,33.46,79.39
L56697,L,56.42,14.02,6.65,69.14,6,97.34,1.41,108.66,26.92,83.05
L56698,L,55.65,14.88,10.75,71.56,7,95.7,1.47,115.4,28.53,81.73
L56699,L,56.43,13.56,6.85,69.77,5,97.26,1.52,102.62,26.24,83.16
L56700,L,58.76,16.94,8.95,60.28,6,96.42,1.57,125.3,32.37,79.77
M24381,M,57.23,14.98,3.05,66.71,3,98.78,1.63,110.48,28.92,81.98
M24382,M,54.8,13.2,9.2,76.25,3,96.32,1.71,97.74,25.82,82.76
L56703,L,57.27,15.51,11.35,66.95,7,95.46,1.79,111.08,30.07,80.26
H38938,H,54.94,12.42,10.45,76.69,6,95.82,1.84,88.36,24.6,82.97
L56705,L,58.68,16.44,12.7,62.33,6,94.92,1.97,112.42,31.98,78.79
M24386,M,58.98,19.93,7.8,59.78,5,96.88,2.03,138.7,38.3,76.02
L56707,L,56.81,17.3,9.95,68.85,7,96.02,2.11,118.8,33.68,77.95
M24388,M,61.48,21.23,9.05,51.04,4,96.38,2.16,142.66,40.8,74.38
L56709,L,58.29,18.4,5.2,63.75,5,97.92,2.24,122.58,35.82,77.09
H38944,H,59.13,20.28,10.3,60.11,2,95.88,2.29,135.3,39.27,74.75
L56711,L,58.51,18.3,5.55,63.75,2,97.78,2.43,117.36,35.89,76.64
L56712,L,59.65,19.62,6.65,59.39,5,97.34,2.48,125.08,38.31,75.22
L56713,L,55.04,14.98,9.75,77.76,7,96.1,2.53,93.1,30.06,78.93
L56714,L,58.91,19.19,10.85,62.56,5,95.66,2.59,120.26,37.68,74.9
M24395,M,56.55,15.77,8.95,72.56,5,96.42,2.64,94.98,31.62,78.01
L56716,L,53.6,14.66,9.1,83.57,6,96.36,2.72,88.36,29.73,78.78
M24397,M,58.91,18.84,10.2,63.43,6,95.92,2.77,113.34,37.3,74.78
L56718,L,58.67,19.84,6.35,64.08,5,97.46,2.85,119.8,39.18,74.07
L56719,L,59.54,20.65,13.45,60.88,5,94.62,2.91,123.88,40.7,72.49
M24400,M,56.64,18.93,11.55,71.94,5,95.38,2.96,112.96,37.69,74.08
M24401,M,54.89,16.94,12.7,79.23,3,94.92,3.04,97.68,34.24,75.53
L56722,L,55.54,16.48,12.85,77.56,4,94.86,3.12,91.32,33.51,75.72
M24403,M,60.51,21.7,7.95,58.05,7,96.82,3.17,124.96,42.92,71.4
L56724,L,55.8,17.51,8.1,76.65,2,96.76,3.25,96.16,35.52,74.92
L56725,L,59.91,19.49,14.2,61.75,4,94.32,3.31,105.2,39.15,72.39
M24406,M,58.08,21.06,9.3,67.47,2,96.28,3.36,119.0,42.01,71.34
L56727,L,56.43,18.0,7.45,74.95,2,97.02,3.44,94.98,36.63,74.06
L56728,L,58.79,19.78,6.55,66.16,3,97.38,3.49,104.82,39.89,72.41
M24409,M,56.99,19.09,11.65,72.9,7,95.34,3.55,100.58,38.73,72.38
M24410,M,59.96,21.7,13.8,61.7,7,94.48,3.63,115.62,43.51,69.61
L56731,L,60.92,23.34,14.95,57.88,6,94.02,3.71,125.62,46.56,67.81
M24412,M,59.06,21.5,12.05,65.4,7,95.18,3.76,112.26,43.33,69.61
L56733,L,59.56,21.32,14.2,64.09,3,94.32,3.84,108.3,43.1,69.35
M24414,M,60.42,23.06,7.3,60.47,4,97.08,3.89,119.8,46.27,68.35
H38969,H,58.4,19.77,10.45,69.36,3,95.82,3.97,94.5,40.49,70.76
L56736,L,61.62,24.4,10.7,56.5,4,95.72,4.11,124.08,48.95,66.24
M24417,M,59.75,22.53,10.8,64.08,4,95.68,4.16,110.54,45.67,67.76
M24418,M,58.82,21.37,11.95,68.16,7,95.22,4.24,100.74,43.69,68.48
L56739,L,60.09,22.58,15.1,63.51,4,93.96,4.32,106.92,45.97,66.86
L56740,L,60.28,23.74,17.2,62.48,6,93.12,4.37,114.74,48.12,65.47
L56741,L,55.01,19.86,16.3,82.72,7,93.48,4.43,89.66,41.22,68.91
M24422,M,61.15,25.96,16.4,58.77,6,93.44,4.48,128.9,52.23,63.28
M24423,M,56.47,20.06,14.55,78.12,5,94.18,4.56,86.26,41.74,68.55
L56744,L,55.73,20.14,9.7,80.93,7,96.12,4.64,86.2,42.01,68.75
M24425,M,60.48,23.6,17.8,63.1,6,92.88,4.69,106.16,48.28,64.7
L56746,L,59.04,23.1,9.95,68.6,3,96.02,4.77,102.26,47.46,65.73
L56747,L,61.88,25.1,12.05,58.05,2,95.18,4.83,113.24,51.13,63.57
L56748,L,59.38,24.14,17.15,67.33,3,93.14,4.88,107.76,49.47,63.79
M24429,M,54.2,19.8,16.25,87.5,2,93.5,4.93,78.96,41.76,67.63
L56750,L,62.5,27.09,15.4,55.66,5,93.84,5.01,124.08,54.93,60.97
L56751,L,59.57,24.2,11.5,67.35,7,95.4,5.07,103.78,49.82,63.81
M24432,M,62.31,27.26,17.6,56.62,4,92.96,5.12,123.3,55.37,60.32
L56753,L,61.15,25.62,18.75,61.74,4,92.5,5.2,110.02,52.54,61.45
H38988,H,62.27,27.41,17.85,57.2,7,92.86,5.25,121.56,55.81,59.8
M24435,M,59.73,25.01,12.1,67.65,5,95.16,5.39,102.86,51.68,62.18
L56756,L,55.18,37.22,48.25,77.49,7,80.7,8.47,85.04,69.09,43.7
M24437,M,57.15,12.38,1.0,62.01,6,99.6,0.0,126.28,22.18,88.81
L56758,L,54.52,10.54,9.15,72.28,5,96.34,0.08,113.42,18.99,89.43
L56759,L,54.02,8.78,3.25,75.06,2,98.7,0.13,98.78,15.9,91.46
M24440,M,56.5,14.68,0.35,63.81,3,99.86,0.19,141.46,26.56,86.31
L56761,L,56.66,14.08,0.5,63.86,2,99.8,0.27,134.56,25.57,86.63
M24442,M,56.93,12.84,9.6,63.78,5,96.16,0.32,123.08,23.41,86.69
L56763,L,58.81,16.15,8.75,55.97,7,96.5,0.4,145.22,29.46,83.6
L56764,L,55.26,11.68,7.85,70.61,5,96.86,0.45,113.18,21.52,87.55
M24445,M,54.82,12.04,2.95,72.13,7,98.82,0.51,115.46,22.23,87.57
L56766,L,58.04,15.38,10.1,59.71,4,95.96,0.59,135.96,28.32,83.66
M24447,M,56.44,12.04,8.2,67.08,3,96.72,0.64,110.24,22.4,86.7
H39002,H,55.83,13.54,9.35,68.73,6,96.26,0.72,121.2,25.18,85.04
L56769,L,56.54,13.38,6.6,66.91,4,97.36,0.85,116.04,25.08,85.1
M24450,M,58.74,15.72,3.7,58.39,6,98.52,0.91,130.5,29.33,83.15
L56771,L,55.26,12.28,1.85,72.36,2,99.26,0.99,106.0,23.27,86.2
L56772,L,58.1,14.82,6.95,61.54,3,97.22,1.04,121.18,27.89,83.28
L56773,L,58.55,16.48,10.05,59.36,6,95.98,1.09,132.64,30.93,81.34
L56774,L,53.16,10.62,6.15,81.04,5,97.54,1.15,91.94,20.48,86.85
H39009,H,57.51,16.1,6.25,63.55,5,97.5,1.2,128.64,30.38,81.78
L56776,L,57.16,14.85,5.5,65.88,7,97.8,1.33,116.12,28.31,82.63
L56777,L,56.58,13.66,9.6,68.67,5,96.16,1.39,106.2,26.25,83.14
L56778,L,56.93,14.6,7.7,67.2,7,96.92,1.44,112.0,27.99,82.35
L56779,L,57.39,13.83,2.8,66.24,5,98.88,1.49,104.06,26.69,83.39
M24460,M,56.02,15.96,5.9,70.07,5,97.64,1.55,121.82,30.58,81.03
L56781,L,48.14,9.38,6.05,100.76,4,97.58,1.63,78.18,18.88,86.7
L56782,L,54.08,13.16,3.15,78.67,5,98.74,1.68,99.1,25.73,83.46
M24463,M,56.41,15.25,6.25,69.82,3,97.5,1.73,111.38,29.54,81.14
H39018,H,55.22,14.94,3.4,74.38,2,98.64,1.81,108.74,29.08,81.49
M24465,M,57.59,15.32,8.65,66.54,6,96.54,1.95,105.48,29.93,80.28
L56786,L,58.89,17.18,12.8,61.46,5,94.88,2.03,116.82,33.37,77.98
L56787,L,56.48,15.44,7.9,70.83,2,96.84,2.08,105.02,30.32,79.89
M24468,M,57.38,16.77,11.0,67.26,4,95.6,2.13,113.26,32.78,78.24
L56789,L,58.1,16.72,13.15,65.14,4,94.74,2.21,110.0,32.77,77.87
L56790,L,57.65,17.12,9.25,66.69,5,96.3,2.27,112.7,33.58,77.75
L56791,L,58.77,17.51,8.35,62.84,2,96.66,2.32,113.04,34.33,77.36
M24472,M,56.02,15.07,7.45,73.72,5,97.02,2.37,96.1,30.03,79.49
L56793,L,59.72,37.98,35.6,49.86,3,85.76,5.45,152.54,66.62,52.22
M24474,M,58.85,18.5,7.7,62.8,4,96.92,2.51,116.62,36.34,76.05
M24475,M,57.15,17.74,4.85,69.33,6,98.06,2.59,111.08,35.08,76.8
L56796,L,57.0,17.32,9.0,70.34,4,96.4,2.67,106.2,34.44,76.55
L56797,L,58.0,16.98,13.1,67.31,6,94.76,2.72,100.92,33.9,76.3
L56798,L,59.06,19.02,13.2,62.84,2,94.72,2.77,114.54,37.62,74.32
M24479,M,60.92,21.7,5.3,55.3,7,97.88,2.83,132.26,42.5,72.57
L56800,L,58.88,20.2,12.45,63.4,5,95.02,2.91,121.2,39.89,73.0
M24481,M,50.51,13.76,10.55,95.57,3,95.78,2.96,79.98,28.42,78.82
L56802,L,54.31,15.92,9.7,81.74,2,96.12,3.04,90.28,32.4,76.75
L56803,L,60.74,21.23,10.8,57.18,4,95.68,3.09,122.72,41.98,71.74
H39038,H,57.91,19.09,5.9,68.2,2,97.64,3.15,108.3,38.22,74.01
M24485,M,59.05,21.72,14.15,63.49,7,94.34,3.28,124.74,43.09,70.48
M24486,M,61.26,24.8,12.3,54.65,2,95.08,3.36,144.62,48.73,67.68
M24487,M,59.23,19.47,6.45,64.61,6,97.42,3.44,102.94,39.27,72.84
H39042,H,58.12,19.13,15.6,68.88,6,93.76,3.52,99.98,38.77,72.01
H39043,H,51.23,15.89,6.85,94.71,7,97.26,3.65,80.46,33.12,75.45
L56810,L,58.22,20.31,16.1,69.0,5,93.56,3.79,103.26,41.22,70.21
L56811,L,56.99,19.82,7.2,73.69,3,97.12,3.84,99.84,40.41,71.4
M24492,M,61.92,26.03,9.3,53.83,5,96.28,3.89,141.54,51.61,65.48
H39047,H,60.79,22.22,11.45,59.94,6,95.42,3.97,110.82,44.88,68.47
L56814,L,60.88,25.5,14.7,58.5,7,94.12,4.11,133.9,50.92,64.86
L56815,L,58.26,20.78,12.8,70.06,7,94.88,4.16,98.58,42.53,69.13
L56816,L,59.81,22.96,16.9,63.87,2,93.24,4.21,112.74,46.52,66.62
L56817,L,60.51,22.52,15.0,61.89,7,94.0,4.27,107.06,45.8,67.07
H39052,H,61.59,24.18,17.1,57.56,4,93.16,4.32,117.66,48.84,65.23
L56819,L,56.9,20.06,16.35,76.22,6,93.46,4.45,88.1,41.62,68.65
L56820,L,60.04,22.54,15.45,64.43,2,93.82,4.51,102.48,46.14,66.37
L56821,L,62.26,27.16,8.55,54.67,3,96.58,4.56,135.1,54.47,62.79
L56822,L,62.22,25.42,11.65,55.89,6,95.34,4.61,120.04,51.42,63.9
L56823,L,60.29,24.15,8.75,63.38,2,96.5,4.67,111.38,49.22,65.18
L56824,L,58.6,22.31,14.85,70.3,3,94.06,4.72,97.78,45.99,66.08
L56825,L,56.92,21.34,9.95,76.78,7,96.02,4.77,91.18,44.33,67.29
L56826,L,59.41,22.4,14.05,67.9,4,94.38,4.83,95.04,46.29,65.79
L56827,L,61.27,26.39,15.15,59.71,2,93.94,4.88,123.16,53.5,61.97
L56828,L,61.94,25.1,13.25,58.25,7,94.7,4.93,110.72,51.26,63.18
H39063,H,58.49,23.24,14.35,71.23,6,94.26,4.99,99.34,47.99,64.6
M24510,M,61.85,25.64,11.6,59.03,3,95.36,5.12,110.94,52.46,62.37
M24511,M,59.85,24.6,9.75,66.7,7,96.1,5.2,103.6,50.7,63.27
M24512,M,61.28,27.42,10.9,60.69,4,95.64,5.28,122.36,55.85,60.42
L56833,L,63.05,45.0,46.05,46.15,3,81.58,8.36,138.86,82.9,37.23
L56834,L,63.19,45.32,44.15,45.69,2,82.34,8.41,139.94,83.52,37.0
H39069,H,62.32,28.78,19.25,57.16,2,92.3,5.47,127.62,58.53,57.88
L56836,L,59.68,25.05,12.5,68.62,2,95.0,5.6,98.46,52.02,61.54
L56837,L,61.76,26.86,16.6,60.77,3,93.36,5.65,108.88,55.33,59.37
L56838,L,60.89,25.74,11.7,64.53,6,95.32,5.71,99.96,53.4,60.72
L56839,L,64.75,47.76,45.8,40.47,4,81.68,8.76,149.54,88.34,33.73
M24520,M,63.28,28.22,11.9,55.49,3,95.24,5.81,114.04,57.96,58.2
H39075,H,62.41,28.9,12.05,58.45,6,95.18,5.89,118.96,59.3,57.36
M24522,M,60.93,25.8,12.3,65.6,6,95.08,6.03,93.2,53.91,59.76
L56843,L,62.98,45.52,41.45,48.99,3,83.42,9.11,126.3,84.77,35.26
L56844,L,64.76,47.18,41.55,42.26,3,83.38,9.16,135.94,87.81,33.62
L56845,L,60.56,26.96,15.65,67.02,5,93.74,6.21,98.8,56.23,57.89
M24526,M,57.3,24.8,18.75,79.5,6,92.5,6.27,84.76,52.42,59.38
L56847,L,64.46,46.26,50.9,44.47,3,79.64,9.35,124.84,86.41,33.01
L56848,L,60.64,28.0,14.0,66.95,2,94.4,6.4,102.78,58.32,56.64
L56849,L,60.7,27.14,14.1,67.38,2,94.36,6.45,94.58,56.84,57.26
L56850,L,59.72,27.2,19.2,70.9,3,92.32,6.51,95.2,57.02,56.56
L56851,L,63.83,30.7,19.3,55.25,7,92.28,6.56,116.44,63.37,53.26
H39086,H,51.62,7.88,0.0,83.26,6,100.0,0.0,97.88,14.12,92.94
M24533,M,53.97,9.25,8.25,75.03,7,96.7,0.13,102.66,16.75,90.53
L56854,L,52.57,8.04,7.4,80.73,5,97.04,0.21,93.1,14.68,91.49
M24535,M,58.41,15.1,7.5,57.35,5,97.0,0.27,140.36,27.4,85.01
L56856,L,49.94,6.34,2.65,91.13,7,98.94,0.35,80.12,11.8,93.14
L56857,L,47.86,6.02,7.75,98.64,7,96.9,0.4,79.26,11.31,92.77
M24538,M,52.61,8.38,2.85,81.36,2,98.86,0.45,90.42,15.61,91.01
L56859,L,54.34,9.95,4.0,74.93,6,98.4,0.53,98.76,18.51,89.28
L56860,L,50.1,7.81,7.1,90.8,5,97.16,0.59,86.28,14.74,90.74
M24541,M,57.17,13.02,10.2,64.09,2,95.92,0.64,117.04,24.15,85.62
L56862,L,57.52,13.81,4.35,62.8,6,98.26,0.72,121.08,25.67,85.29
M24543,M,58.4,16.42,4.45,58.69,4,98.22,0.77,139.56,30.41,82.8
H39098,H,57.93,15.31,5.6,61.14,5,97.76,0.85,129.52,28.53,83.47
L56865,L,58.32,14.98,1.85,60.51,7,99.26,0.99,123.4,28.11,83.79
L56866,L,56.54,13.3,2.95,67.65,3,98.82,1.04,111.12,25.15,85.05
M24547,M,54.23,11.18,10.05,76.86,6,95.98,1.09,96.18,21.43,86.09
L56868,L,58.42,14.92,10.2,60.89,6,95.92,1.17,118.54,28.23,82.52
L56869,L,58.56,18.56,6.3,58.82,6,97.48,1.23,146.24,34.82,79.51
M24550,M,56.32,12.74,3.4,69.63,2,98.64,1.28,101.6,24.46,84.87
L56871,L,55.51,12.06,5.55,73.07,5,97.78,1.36,95.44,23.34,85.06
M24552,M,54.33,11.74,2.65,77.48,5,98.94,1.41,93.34,22.84,85.49
L56873,L,54.04,11.68,5.8,78.81,4,97.68,1.49,91.46,22.83,85.02
L56874,L,56.05,12.99,4.9,71.46,2,98.04,1.55,97.98,25.25,83.79
L56875,L,55.63,12.8,12.0,73.2,2,95.2,1.6,95.84,24.98,83.11
L56876,L,58.43,14.91,6.1,62.74,5,97.56,1.65,107.68,28.83,81.67
M24557,M,58.35,16.5,10.2,62.4,5,95.92,1.71,119.26,31.74,79.7
L56878,L,54.81,12.41,10.35,76.95,6,95.86,1.79,89.66,24.51,83.13
L56879,L,57.12,14.6,4.45,68.1,4,98.22,1.84,102.76,28.5,81.63
M24560,M,59.44,19.1,10.55,58.1,4,95.78,1.89,134.46,36.65,76.83
L56881,L,57.61,16.52,9.7,65.99,3,96.12,1.97,114.5,32.12,79.02
L56882,L,55.51,13.88,5.8,74.71,7,97.68,2.03,95.06,27.45,81.64
L56883,L,58.64,17.14,3.9,62.53,5,98.44,2.08,115.64,33.37,78.77
L56884,L,56.45,16.75,12.0,70.47,6,95.2,2.13,114.34,32.73,78.17
L56885,L,57.89,16.84,10.1,65.68,2,95.96,2.19,111.84,32.95,78.14
M24566,M,54.71,14.24,12.2,78.13,5,95.12,2.24,94.3,28.38,80.11
L56887,L,54.88,15.18,5.35,77.36,5,97.86,2.32,99.78,30.17,79.74
L56888,L,55.45,14.54,6.45,75.93,6,97.42,2.37,92.68,29.09,80.06
M24569,M,58.1,15.93,12.55,66.33,4,94.98,2.43,98.92,31.64,78.07
L56890,L,60.38,22.84,6.7,55.38,2,97.32,2.51,149.32,44.13,72.25
H39125,H,59.08,18.4,4.8,62.25,4,98.08,2.56,114.38,36.24,76.28
M24572,M,58.84,20.18,14.05,62.71,2,94.38,2.69,125.92,39.59,73.41
L56893,L,58.35,19.57,7.2,65.02,6,97.12,2.77,119.92,38.6,74.43
L56894,L,52.62,13.5,13.3,87.95,7,94.68,2.83,78.08,27.8,79.12
L56895,L,60.26,22.54,11.4,57.38,4,95.44,2.88,138.66,44.06,71.07
H39130,H,60.11,20.1,14.5,59.3,4,94.2,2.93,118.14,39.76,72.81
L56897,L,58.62,20.25,13.75,64.88,6,94.5,3.07,118.4,40.19,72.39
L56898,L,58.43,18.51,9.85,66.6,5,96.06,3.12,103.54,37.14,74.2
L56899,L,61.52,23.57,9.95,53.67,5,96.02,3.17,138.58,46.28,69.52
M24580,M,60.88,23.3,12.05,56.2,3,95.18,3.23,136.14,45.87,69.4
L56901,L,59.03,20.07,12.2,64.46,4,95.12,3.31,111.0,40.18,72.08
H39136,H,52.97,15.48,10.3,87.81,6,95.88,3.36,81.42,32.02,76.24
L56903,L,57.66,18.88,13.55,70.51,4,94.58,3.49,99.18,38.28,72.52
M24584,M,50.46,15.39,15.65,97.21,4,93.74,3.55,79.96,32.09,75.29
M24585,M,57.37,17.86,12.8,72.52,3,94.88,3.63,88.38,36.61,73.16
L56906,L,58.51,20.42,15.95,67.64,7,93.62,3.71,105.54,41.31,70.34
L56907,L,59.97,21.13,11.05,62.48,2,95.58,3.76,108.02,42.65,70.05
L56908,L,58.54,19.87,16.15,68.22,7,93.54,3.81,98.66,40.45,70.53
L56909,L,56.68,18.85,14.25,75.32,2,94.3,3.87,91.9,38.7,71.49
L56910,L,59.17,20.94,7.35,65.93,3,97.06,3.92,103.96,42.51,70.17
L56911,L,61.25,24.32,15.45,57.29,4,93.82,3.97,126.98,48.64,66.19
L56912,L,49.06,16.43,13.55,103.34,2,94.58,4.03,79.42,34.57,73.31
M24593,M,60.6,22.96,7.65,60.62,2,96.94,4.08,114.64,46.35,67.9
H39148,H,60.46,23.56,15.8,61.12,7,93.68,4.16,117.76,47.51,66.35
L56915,L,60.81,24.8,9.05,59.8,7,96.38,4.29,124.28,49.92,65.55
M24596,M,62.27,27.59,17.15,53.6,3,93.14,4.35,143.36,54.98,62.1
L56917,L,55.91,20.18,8.3,79.46,7,96.68,4.43,91.02,41.8,69.42
L56918,L,60.08,22.94,15.4,63.98,6,93.84,4.48,106.18,46.81,66.09
L56919,L,60.05,24.32,9.5,63.59,4,96.2,4.53,116.1,49.36,65.3
M24600,M,58.07,21.64,9.6,71.93,6,96.16,4.59,96.1,44.61,67.56
L56921,L,60.49,24.72,16.75,62.39,3,93.3,4.67,115.7,50.25,63.87
L56922,L,58.69,23.46,12.85,69.42,5,94.86,4.72,106.86,48.05,65.25
L56923,L,59.64,24.94,17.95,65.63,6,92.82,4.77,116.24,50.78,63.27
L56924,L,59.52,23.53,14.05,66.94,2,94.38,4.83,103.88,48.31,64.79
L56925,L,59.04,22.74,9.15,69.18,6,96.34,4.88,97.02,46.96,65.84
L56926,L,62.13,26.2,16.25,57.05,3,93.5,4.93,119.26,53.23,61.89
L56927,L,61.06,26.81,14.35,60.64,7,94.26,4.99,124.42,54.39,61.39
M24608,M,61.7,25.42,13.45,59.34,2,94.62,5.04,111.22,51.97,62.59
H39163,H,61.18,26.71,9.6,60.8,6,96.16,5.12,120.46,54.38,61.61
L56930,L,60.28,23.91,18.85,65.8,3,92.46,5.25,96.3,49.53,62.84
L56931,L,59.47,23.12,12.95,69.19,7,94.82,5.31,89.9,48.19,64.0
L56932,L,60.31,24.23,10.05,65.94,3,95.98,5.36,96.42,50.24,63.15
L56933,L,59.91,25.02,13.15,67.14,3,94.74,5.41,102.06,51.72,62.0
M24614,M,60.56,24.9,14.25,65.15,5,94.3,5.47,99.04,51.58,61.85
H39169,H,60.52,25.46,11.4,65.32,5,95.44,5.55,101.82,52.69,61.42
L56936,L,60.15,26.02,16.65,66.84,6,93.34,5.68,103.74,53.85,60.05
M24617,M,61.37,25.7,10.75,63.0,7,95.7,5.73,98.34,53.35,60.78
L56938,L,50.49,36.49,40.9,95.3,2,83.64,8.81,77.82,68.21,44.18
L56939,L,53.52,9.18,1.0,76.06,4,99.6,0.0,105.66,16.45,91.68
M24620,M,55.1,11.98,5.1,69.46,4,97.96,0.05,124.78,21.55,88.61
L56941,L,52.36,6.93,8.25,81.69,5,96.7,0.13,86.26,12.58,92.62
L56942,L,49.19,6.09,1.35,93.21,7,99.46,0.19,82.7,11.14,93.92
M24623,M,53.47,8.14,8.45,77.68,2,96.62,0.24,92.1,14.9,91.22
L56944,L,58.53,32.64,34.6,48.38,2,86.16,3.32,159.28,54.32,62.74
L56945,L,56.0,10.9,3.7,68.15,2,98.52,0.37,107.64,20.0,88.88
H39180,H,56.39,11.9,1.8,66.5,3,99.28,0.43,113.98,21.88,88.03
L56947,L,54.88,10.43,3.05,72.94,6,98.78,0.56,101.26,19.41,88.87
L56948,L,54.24,10.76,2.15,75.17,2,99.14,0.61,103.62,20.07,88.52
L56949,L,57.58,14.15,8.25,62.22,2,96.7,0.67,124.92,26.21,84.74
H39184,H,54.76,10.11,3.35,74.15,2,98.66,0.72,95.28,19.04,88.71
M24631,M,57.23,15.16,5.6,63.62,2,97.76,0.85,129.28,28.26,83.6
L56952,L,55.33,11.5,4.75,72.3,3,98.1,0.93,100.82,21.8,86.76
L56953,L,55.41,12.43,4.85,71.78,5,98.06,0.99,107.0,23.54,85.77
H39188,H,58.16,13.37,2.95,62.06,3,98.82,1.04,109.5,25.29,84.98
M24635,M,53.81,10.47,7.2,78.96,6,97.12,1.17,89.28,20.26,86.8
M24636,M,58.08,17.28,9.35,61.21,6,96.26,1.25,136.14,32.57,80.27
L56957,L,58.31,18.4,6.5,60.15,2,97.4,1.33,142.94,34.67,79.35
H39192,H,59.48,17.78,6.6,56.66,4,97.36,1.39,135.22,33.64,79.75
L56959,L,56.75,13.61,9.85,68.64,4,96.06,1.52,102.58,26.33,82.81
M24640,M,57.27,16.4,7.95,65.65,6,96.82,1.57,122.94,31.39,80.37
L56961,L,57.89,15.36,4.1,64.37,3,98.36,1.65,112.02,29.63,81.47
L56962,L,58.49,16.9,7.2,61.75,7,97.12,1.71,122.28,32.45,79.64
H39197,H,57.64,16.43,9.3,65.08,7,96.28,1.76,118.52,31.69,79.71
M24644,M,58.24,17.88,6.55,62.81,3,97.38,1.89,126.3,34.45,78.33
H39199,H,54.52,13.37,10.7,78.16,7,95.72,1.97,93.54,26.47,81.75
M24646,M,54.08,13.14,6.95,80.33,3,97.22,2.11,89.36,26.24,81.97
H39201,H,58.79,19.16,11.1,61.42,7,95.56,2.19,129.2,37.12,75.96
M24648,M,57.27,16.91,6.35,68.3,7,97.46,2.32,110.3,33.26,78.1
L56969,L,54.74,14.3,10.5,78.6,6,95.8,2.4,91.1,28.68,79.81
L56970,L,58.18,18.16,9.6,65.07,4,96.16,2.45,116.06,35.67,76.3
M24651,M,57.68,16.9,11.7,67.6,3,95.32,2.51,105.42,33.47,77.08
H39206,H,57.02,16.76,4.85,70.27,3,98.06,2.59,103.46,33.33,77.68
H39207,H,59.48,19.84,5.1,60.78,6,97.96,2.72,121.68,39.01,74.55
L56974,L,57.07,17.04,10.35,70.98,5,95.86,2.85,99.6,34.16,76.18
L56975,L,56.65,17.0,9.45,72.65,4,96.22,2.91,98.66,34.16,76.16
H39210,H,55.68,16.6,8.55,76.4,2,96.58,2.96,95.68,33.53,76.46
M24657,M,57.24,17.66,8.8,71.02,5,96.48,3.09,98.94,35.58,75.14
L56978,L,59.16,20.7,8.95,63.2,6,96.42,3.17,118.82,41.13,72.19
M24659,M,58.06,18.36,8.05,68.37,4,96.78,3.23,100.42,37.0,74.24
H39214,H,60.04,22.49,8.2,59.8,7,96.72,3.31,129.02,44.52,70.3
M24661,M,59.1,21.72,9.45,63.94,5,96.22,3.44,121.12,43.3,70.52
H39216,H,52.09,15.36,14.6,91.52,3,94.16,3.52,78.08,32.01,75.5
L56983,L,56.48,18.41,10.85,75.4,6,95.66,3.65,93.44,37.64,72.79
L56984,L,59.82,21.74,12.95,62.48,5,94.82,3.71,114.34,43.69,69.45
L56985,L,57.2,18.4,15.05,73.35,2,93.98,3.76,90.02,37.77,72.09
L56986,L,60.67,26.56,9.15,57.57,2,96.34,3.81,149.34,52.46,65.23
L56987,L,60.78,25.35,15.25,57.98,2,93.9,3.87,138.26,50.35,65.57
M24668,M,60.44,22.81,13.35,60.64,5,94.66,3.92,117.22,45.87,67.89
M24669,M,61.81,24.58,11.5,55.36,3,95.4,4.0,127.66,49.13,66.28
L56990,L,59.73,22.46,11.65,63.87,5,95.34,4.08,111.84,45.45,67.95
L56991,L,58.22,20.32,13.75,70.34,2,94.5,4.13,95.6,41.68,69.52
M24672,M,61.17,24.01,14.85,58.54,3,94.06,4.19,119.82,48.36,65.96
L56993,L,61.61,25.88,8.0,56.41,7,96.8,4.27,132.34,51.8,64.77
H39228,H,61.05,23.18,9.1,59.91,5,96.36,4.32,110.4,47.05,66.93
M24675,M,59.07,23.06,14.35,67.27,5,94.26,4.45,109.12,46.99,66.16
M24676,M,57.05,20.95,16.5,75.58,4,93.4,4.53,93.22,43.31,67.63
M24677,M,60.87,24.44,14.65,61.03,4,94.14,4.61,114.1,49.67,64.47
M24678,M,61.8,25.36,17.8,57.67,6,92.88,4.69,118.34,51.41,63.13
M24679,M,61.06,23.54,9.95,61.43,4,96.02,4.77,103.08,48.27,65.32
M24680,M,59.64,23.74,14.1,66.53,6,94.36,4.85,104.76,48.71,64.53
L57001,L,58.29,23.7,15.25,71.5,3,93.9,4.93,104.54,48.75,64.23
L57002,L,62.82,45.18,45.35,45.41,4,81.86,7.99,149.0,82.75,38.12
M24683,M,61.01,26.04,10.45,61.38,6,95.82,5.04,117.16,53.09,62.33
L57004,L,60.87,25.18,12.6,62.61,4,94.96,5.12,108.68,51.65,62.67
L57005,L,59.39,23.62,9.7,68.69,4,96.12,5.17,97.0,48.91,64.23
L57006,L,63.3,28.86,16.8,52.82,6,93.28,5.23,132.3,58.36,58.68
M24687,M,62.91,30.09,9.9,53.76,3,96.04,5.28,141.52,60.65,58.13
L57008,L,62.87,28.58,15.05,54.96,5,93.98,5.36,127.7,58.04,58.75
M24689,M,62.29,26.69,19.15,58.1,4,92.34,5.41,112.18,54.72,59.9
L57010,L,63.72,45.5,44.3,44.1,3,82.28,8.49,138.94,83.96,36.6
L57011,L,60.8,25.49,10.4,64.35,6,95.84,5.55,101.64,52.74,61.5
L57012,L,52.48,21.22,15.5,95.29,5,93.8,5.6,77.76,45.16,64.67
L57013,L,63.19,28.28,13.6,55.16,4,94.56,5.65,118.32,57.88,58.39
M24694,M,53.25,8.18,9.0,77.51,6,96.4,0.0,98.04,14.65,91.77
L57015,L,54.6,9.46,2.15,72.52,6,99.14,0.08,104.7,17.07,91.09
M24696,M,56.92,13.8,0.25,62.6,3,99.9,0.13,135.0,24.9,87.26
M24697,M,57.52,13.29,5.4,61.1,2,97.84,0.21,128.3,24.09,86.99
L57018,L,56.59,12.26,6.55,65.12,5,97.38,0.29,119.5,22.34,87.59
M24699,M,55.69,13.84,4.65,67.63,7,98.14,0.35,132.22,25.25,86.22
H39254,H,55.85,11.88,3.8,68.36,3,98.48,0.43,114.52,21.84,87.85
M24701,M,57.85,14.53,7.05,60.68,5,97.18,0.56,129.98,26.76,84.8
L57022,L,57.42,13.82,7.2,62.84,6,97.12,0.64,123.1,25.58,85.21
L57023,L,57.65,15.1,4.3,61.6,2,98.28,0.69,131.86,27.96,84.21
H39258,H,56.24,11.49,9.4,68.46,2,96.24,0.75,103.68,21.54,86.79
L57025,L,57.31,14.49,10.65,63.8,6,95.74,0.88,123.22,27.09,83.63
L57026,L,58.56,17.5,2.75,58.2,2,98.9,0.93,144.38,32.55,81.58
L57027,L,58.29,14.48,1.85,60.86,4,99.26,0.99,119.44,27.22,84.23
H39262,H,55.35,13.27,5.95,71.76,3,97.62,1.04,112.56,25.11,84.77
L57029,L,44.67,7.4,5.2,111.9,3,97.92,1.17,77.24,14.75,89.76
M24710,M,56.58,12.33,9.3,68.74,2,96.28,1.23,99.16,23.66,84.79
M24711,M,52.84,10.72,2.45,82.69,5,99.02,1.31,89.62,20.88,86.7
L57032,L,59.41,17.01,7.6,57.3,7,96.96,1.39,129.12,32.25,80.34
L57033,L,56.43,13.77,7.7,69.36,6,96.92,1.44,106.1,26.51,83.09
H39268,H,58.86,15.8,9.8,60.2,6,96.08,1.49,117.84,30.23,80.92
L57035,L,56.77,14.5,5.05,68.55,3,97.98,1.63,107.32,28.07,82.21
L57036,L,57.79,16.09,12.15,64.46,2,95.14,1.68,117.4,30.98,79.94
M24717,M,59.07,18.95,12.25,58.82,5,95.1,1.73,137.32,36.17,77.22
L57038,L,56.52,13.72,8.4,70.49,4,96.64,1.81,97.14,26.89,82.09
M24719,M,56.1,14.08,4.5,71.96,3,98.2,1.87,99.4,27.6,82.02
H39274,H,53.65,12.56,10.65,81.47,3,95.74,1.95,88.9,25.0,82.54
M24721,M,53.14,12.44,3.9,83.78,3,98.44,2.08,85.6,24.94,82.98
M24722,M,58.49,17.93,8.05,62.98,2,96.78,2.16,120.38,34.88,77.43
L57043,L,58.98,20.8,6.2,60.15,5,97.52,2.24,140.82,40.12,74.84
M24724,M,55.64,14.73,10.3,74.89,6,95.88,2.29,95.7,29.32,79.72
M24725,M,44.01,10.6,4.45,117.2,7,98.22,2.37,76.8,22.01,83.8
L57046,L,56.04,15.86,5.6,73.57,2,97.76,2.45,100.6,31.55,78.76
L57047,L,59.28,18.7,5.7,61.2,4,97.72,2.51,117.62,36.7,76.07
L57048,L,57.67,16.53,6.8,68.04,7,97.28,2.56,101.32,32.88,77.76
L57049,L,56.8,15.66,13.9,71.67,2,94.44,2.61,94.4,31.4,77.68
H39284,H,52.58,14.4,9.0,87.0,6,96.4,2.67,88.88,29.2,79.17
M24731,M,51.81,13.82,13.25,90.44,4,94.7,2.8,82.34,28.34,78.91
L57052,L,60.26,21.66,13.4,57.82,6,94.64,2.88,131.66,42.49,71.65
L57053,L,56.78,17.92,7.5,71.84,7,97.0,2.93,105.32,35.86,75.45
M24734,M,59.27,19.98,11.6,62.46,5,95.36,2.99,117.18,39.62,73.06
M24735,M,60.61,21.85,7.75,57.23,2,96.9,3.07,128.46,43.06,71.56
H39290,H,59.28,23.22,11.9,61.44,4,95.24,3.15,139.42,45.61,69.71
L57057,L,60.69,24.49,15.15,56.46,7,93.94,3.28,144.68,48.07,67.89
L57058,L,61.93,24.78,10.25,52.26,2,95.9,3.33,144.06,48.64,67.99
M24739,M,59.12,19.81,6.35,64.6,6,97.46,3.39,107.0,39.81,72.69
L57060,L,55.39,17.27,9.5,79.01,5,96.2,3.47,90.06,35.37,74.43
L57061,L,59.23,20.19,12.6,64.56,4,94.96,3.52,106.86,40.65,71.37
L57062,L,53.44,16.22,11.7,86.64,2,95.32,3.57,81.9,33.62,74.88
H39297,H,57.01,19.45,8.8,72.97,2,96.48,3.63,101.68,39.48,72.13
L57064,L,56.88,18.98,8.05,74.16,7,96.78,3.76,95.06,38.8,72.28
L57065,L,57.81,18.36,13.15,71.47,7,94.74,3.81,87.66,37.77,72.18
L57066,L,53.65,17.18,15.25,86.56,2,93.9,3.87,82.66,35.7,72.89
L57067,L,61.5,22.94,8.35,56.93,7,96.66,3.92,116.76,46.09,68.28
M24748,M,58.55,20.52,8.45,68.49,3,96.62,3.97,100.3,41.83,70.29
H39303,H,59.5,22.21,15.6,64.69,3,93.76,4.05,110.72,44.96,67.85
L57070,L,57.77,20.76,11.85,71.87,7,95.26,4.19,98.5,42.53,69.18
L57071,L,61.77,24.74,9.95,56.33,5,96.02,4.24,123.68,49.74,65.65
H39306,H,61.35,25.03,15.05,57.83,7,93.98,4.29,125.34,50.32,64.75
M24753,M,63.29,27.1,8.3,50.65,5,96.68,4.43,136.28,54.21,63.21
L57074,L,58.13,21.3,13.45,71.6,2,94.62,4.51,95.1,43.9,67.69
L57075,L,61.94,27.2,14.55,55.75,3,94.18,4.56,135.94,54.56,62.15
M24756,M,58.64,22.62,12.65,69.59,4,94.94,4.61,102.56,46.4,66.31
L57077,L,62.53,25.86,12.8,54.92,6,94.88,4.69,121.34,52.31,63.18
L57078,L,62.02,25.44,9.9,57.08,3,96.04,4.75,117.52,51.63,63.7
L57079,L,59.32,22.25,17.0,68.18,5,93.2,4.8,94.52,45.98,65.71
H39314,H,61.37,25.14,16.1,59.88,7,93.56,4.85,113.58,51.22,63.07
M24761,M,61.9,27.18,13.35,57.56,5,94.66,4.99,126.26,55.07,61.16
H39316,H,62.29,26.52,10.5,56.84,7,95.8,5.07,118.64,53.98,61.82
M24763,M,61.94,27.02,11.75,58.34,6,95.3,5.2,120.14,55.05,60.9
L57084,L,60.57,24.76,12.9,64.47,3,94.84,5.28,102.14,51.1,62.6
M24765,M,62.29,28.38,13.0,56.96,2,94.8,5.33,127.46,57.64,59.21
M24766,M,59.99,25.56,18.15,66.57,6,92.74,5.41,106.34,52.7,61.01
M24767,M,61.54,27.28,13.3,60.71,4,94.68,5.49,116.14,55.88,59.74
L57088,L,55.81,11.92,0.0,66.84,2,100.0,0.0,124.52,21.37,89.31
L57089,L,53.67,8.34,2.1,76.18,6,99.16,0.05,97.54,15.01,92.18
L57090,L,55.74,11.82,6.2,67.54,5,97.52,0.11,121.38,21.32,88.51
M24771,M,55.63,10.68,1.3,68.71,5,99.48,0.16,111.22,19.35,89.88
L57092,L,57.96,15.42,8.45,58.64,4,96.62,0.24,144.14,27.94,84.7
L57093,L,54.2,8.53,5.55,75.18,3,97.78,0.29,92.98,15.66,91.03
L57094,L,53.08,8.44,1.65,79.28,4,99.34,0.35,92.6,15.57,91.36
M24775,M,53.26,8.28,2.75,78.96,2,98.9,0.4,89.84,15.34,91.25
M24776,M,54.94,10.16,1.9,72.57,5,99.24,0.48,100.86,18.83,89.44
M24777,M,54.97,10.68,10.05,72.51,6,95.98,0.56,103.14,19.85,87.95
L57098,L,58.04,16.1,3.2,59.55,7,98.72,0.64,140.44,29.66,83.57
L57099,L,58.79,16.76,2.3,56.87,5,99.08,0.69,143.5,30.91,82.93
H39334,H,56.74,13.22,1.4,65.89,6,99.44,0.75,116.8,24.64,86.05
M24781,M,58.39,14.76,9.65,59.97,6,96.14,0.88,123.94,27.58,83.48
H39336,H,55.29,12.66,9.8,71.97,5,96.08,0.96,109.52,23.9,85.15
M24783,M,54.73,11.6,11.05,74.95,7,95.58,1.09,98.9,22.19,85.61
M24784,M,58.18,17.12,5.2,60.64,6,97.92,1.17,136.48,32.18,81.04
M24785,M,58.51,15.58,9.35,60.56,2,96.26,1.25,121.94,29.53,81.79
M24786,M,50.89,9.05,11.5,90.32,5,95.4,1.33,78.34,17.92,87.23
L57107,L,56.44,13.46,4.65,69.37,7,98.14,1.41,104.24,25.93,83.74
M24788,M,55.71,11.25,5.75,73.18,4,97.7,1.47,86.32,22.03,85.48
H39343,H,57.21,14.44,3.9,66.73,6,98.44,1.55,107.98,27.85,82.59
L57110,L,57.76,16.42,8.15,64.39,5,96.74,1.68,120.04,31.56,80.05
L57111,L,58.11,16.92,4.25,63.14,7,98.3,1.73,122.44,32.54,79.84
L57112,L,54.81,12.46,4.35,76.92,2,98.26,1.79,90.06,24.6,83.69
L57113,L,55.83,13.62,5.45,73.04,7,97.82,1.84,96.74,26.75,82.4
L57114,L,57.71,16.76,8.55,65.22,4,96.58,1.89,118.04,32.44,79.14
L57115,L,58.06,17.96,5.65,63.62,4,97.74,1.95,126.04,34.67,78.2
H39350,H,56.92,14.3,9.75,69.55,7,96.1,2.0,97.08,28.17,80.94
L57117,L,57.5,17.92,9.0,66.29,3,96.4,2.13,122.3,34.84,77.41
L57118,L,57.22,15.04,12.1,68.88,3,95.16,2.19,98.36,29.73,79.55
H39353,H,41.16,9.92,5.2,126.84,6,97.92,2.24,78.32,20.63,84.69
M24800,M,54.61,14.27,8.45,78.96,2,96.62,2.37,91.64,28.59,80.11
L57121,L,59.46,18.36,7.6,60.57,3,96.96,2.45,115.9,36.03,76.32
L57122,L,59.81,20.22,10.7,58.64,5,95.72,2.51,129.1,39.43,74.2
M24803,M,54.18,14.18,6.8,81.21,4,97.28,2.56,87.32,28.67,79.86
L57124,L,59.61,19.87,13.95,60.02,2,94.42,2.64,123.58,38.97,73.84
L57125,L,57.06,17.53,6.05,70.14,5,97.58,2.69,107.16,34.84,76.59
L57126,L,58.23,18.74,11.15,65.73,4,95.54,2.75,114.04,37.08,74.85
M24807,M,57.9,17.55,14.25,67.68,7,94.3,2.8,103.78,35.02,75.47
L57128,L,53.99,14.92,10.4,82.74,4,95.84,2.88,86.28,30.39,78.0
M24809,M,59.76,22.15,9.5,59.47,5,96.2,2.93,135.02,43.43,71.47
L57130,L,59.82,22.56,8.65,59.37,3,96.54,3.01,136.46,44.28,70.97
L57131,L,60.73,24.05,11.75,55.72,6,95.3,3.07,145.9,47.01,69.19
L57132,L,59.71,21.08,11.85,60.91,4,95.26,3.12,122.38,41.76,71.7
L57133,L,57.79,18.34,10.95,69.08,4,95.62,3.17,101.9,36.92,74.1
M24814,M,59.58,20.38,6.05,62.11,7,97.58,3.23,114.52,40.63,72.63
M24815,M,59.44,19.62,13.2,63.29,5,94.72,3.31,106.84,39.37,72.38
M24816,M,57.84,18.78,9.35,69.51,6,96.26,3.39,100.56,37.98,73.3
L57137,L,57.53,18.65,8.5,70.97,6,96.6,3.47,98.12,37.84,73.3
M24818,M,58.77,19.54,13.6,66.48,4,94.56,3.52,102.3,39.49,71.86
L57139,L,60.98,23.08,14.75,57.41,7,94.1,3.6,125.78,45.94,68.36
L57140,L,58.19,19.71,6.85,68.9,3,97.26,3.65,101.5,39.97,72.02
L57141,L,60.81,24.84,13.95,57.53,2,94.42,3.71,137.78,49.24,66.57
L57142,L,60.43,23.63,14.05,59.64,5,94.38,3.76,127.38,47.13,67.51
L57143,L,60.4,21.42,9.15,61.04,2,96.34,3.81,108.5,43.23,69.84
L57144,L,55.65,18.23,13.25,79.19,2,94.7,3.87,88.32,37.58,72.15
L57145,L,56.62,18.98,14.35,75.66,4,94.26,3.92,91.86,39.01,71.22
L57146,L,59.54,22.22,10.45,64.24,4,95.82,3.97,112.54,44.88,68.57
M24827,M,58.11,20.18,15.55,70.36,4,93.78,4.03,96.98,41.29,69.75
L57148,L,58.26,20.42,16.7,70.04,6,93.32,4.11,96.9,41.82,69.21
L57149,L,59.98,24.98,9.8,62.06,2,96.08,4.16,129.82,50.06,65.67
H39384,H,54.22,18.82,15.9,85.14,4,93.64,4.21,87.22,39.08,70.44
H39385,H,59.14,24.19,9.15,66.06,5,96.34,4.35,120.46,48.88,65.95
L57152,L,61.81,26.29,14.4,56.36,6,94.24,4.48,130.6,52.82,63.19
L57153,L,61.08,23.72,9.5,60.34,3,96.2,4.53,109.88,48.29,65.84
L57154,L,62.35,45.81,40.6,45.14,3,83.76,7.59,163.62,83.36,39.09
M24835,M,59.09,22.44,14.7,68.23,3,94.12,4.64,99.98,46.13,66.19
L57156,L,57.5,20.74,16.85,74.88,6,93.26,4.72,86.7,43.17,67.29
L57157,L,61.67,24.42,16.95,58.89,5,93.22,4.77,109.24,49.84,63.84
H39392,H,62.39,27.51,18.05,55.1,3,92.78,4.83,131.74,55.44,60.82
L57159,L,63.16,27.33,16.3,53.04,5,93.48,4.96,126.28,55.29,60.8
L57160,L,59.95,24.19,12.4,65.86,2,95.04,5.01,104.38,49.73,63.87
L57161,L,63.01,26.95,12.5,54.18,5,95.0,5.07,121.06,54.75,61.24
M24842,M,60.83,26.78,12.6,61.96,7,94.96,5.12,121.54,54.52,61.24
L57163,L,58.2,22.78,9.75,73.31,2,96.1,5.2,91.28,47.43,64.91
H39398,H,62.07,26.46,17.85,58.37,7,92.86,5.25,114.24,54.11,60.66
H39399,H,60.18,25.06,13.1,66.07,5,94.76,5.39,102.64,51.77,62.03
M24846,M,61.28,27.14,12.35,61.78,2,95.06,5.52,114.74,55.65,59.9
M24847,M,61.47,26.08,15.5,61.96,2,93.8,5.6,104.2,53.86,60.32
L57168,L,57.62,23.06,14.65,77.02,5,94.14,5.68,83.62,48.56,62.89
M24849,M,54.05,8.3,2.0,74.7,7,99.2,0.0,97.94,14.88,92.36
L57170,L,54.87,9.29,1.15,71.7,7,99.54,0.08,102.94,16.75,91.35
M24851,M,50.56,6.93,9.25,87.89,7,96.3,0.13,88.74,12.58,92.52
L57172,L,55.64,10.44,9.4,68.98,6,96.24,0.21,108.08,18.98,89.14
L57173,L,56.91,12.62,1.5,63.74,2,99.4,0.27,122.62,22.97,87.83
L57174,L,53.58,7.94,1.6,77.73,4,99.36,0.32,88.48,14.63,91.89
M24855,M,54.08,8.5,7.7,75.95,7,96.92,0.37,91.08,15.7,90.63
H39410,H,53.76,9.31,0.85,76.94,6,99.66,0.45,96.24,17.26,90.38
M24857,M,53.72,10.11,4.1,77.19,7,98.36,0.59,99.7,18.87,88.98
H39412,H,57.26,14.12,2.25,63.34,7,99.1,0.67,125.16,26.16,85.36
M24859,M,56.07,12.45,1.5,68.78,7,99.4,0.8,110.4,23.33,86.58
